WIDTH=3;
DEPTH=8192;

ADDRESS_RADIX=HEX;
DATA_RADIX=BIN;

CONTENT BEGIN
	0000  :   000;
	0001  :   000;
	0002  :   000;
	0003  :   000;
	0004  :   000;
	0005  :   000;
	0006  :   000;
	0007  :   000;
	0008  :   000;
	0009  :   000;
	000a  :   000;
	000b  :   000;
	000c  :   000;
	000d  :   000;
	000e  :   000;
	000f  :   000;
	0010  :   000;
	0011  :   000;
	0012  :   000;
	0013  :   000;
	0014  :   000;
	0015  :   000;
	0016  :   000;
	0017  :   000;
	0018  :   000;
	0019  :   000;
	001a  :   000;
	001b  :   000;
	001c  :   000;
	001d  :   000;
	001e  :   000;
	001f  :   000;
	0020  :   000;
	0021  :   000;
	0022  :   000;
	0023  :   000;
	0024  :   000;
	0025  :   000;
	0026  :   000;
	0027  :   000;
	0028  :   000;
	0029  :   000;
	002a  :   000;
	002b  :   000;
	002c  :   000;
	002d  :   000;
	002e  :   000;
	002f  :   000;
	0030  :   000;
	0031  :   000;
	0032  :   000;
	0033  :   000;
	0034  :   000;
	0035  :   000;
	0036  :   000;
	0037  :   000;
	0038  :   000;
	0039  :   000;
	003a  :   000;
	003b  :   000;
	003c  :   000;
	003d  :   000;
	003e  :   000;
	003f  :   000;
	0040  :   000;
	0041  :   000;
	0042  :   000;
	0043  :   000;
	0044  :   000;
	0045  :   000;
	0046  :   000;
	0047  :   000;
	0048  :   000;
	0049  :   000;
	004a  :   000;
	004b  :   000;
	004c  :   000;
	004d  :   000;
	004e  :   000;
	004f  :   000;
	0050  :   000;
	0051  :   000;
	0052  :   000;
	0053  :   000;
	0054  :   000;
	0055  :   000;
	0056  :   000;
	0057  :   000;
	0058  :   000;
	0059  :   000;
	005a  :   000;
	005b  :   000;
	005c  :   000;
	005d  :   000;
	005e  :   000;
	005f  :   000;
	0060  :   000;
	0061  :   000;
	0062  :   000;
	0063  :   000;
	0064  :   000;
	0065  :   000;
	0066  :   000;
	0067  :   000;
	0068  :   000;
	0069  :   000;
	006a  :   000;
	006b  :   000;
	006c  :   000;
	006d  :   000;
	006e  :   000;
	006f  :   000;
	0070  :   000;
	0071  :   000;
	0072  :   000;
	0073  :   000;
	0074  :   000;
	0075  :   000;
	0076  :   000;
	0077  :   000;
	0078  :   000;
	0079  :   000;
	007a  :   000;
	007b  :   000;
	007c  :   000;
	007d  :   000;
	007e  :   000;
	007f  :   000;
	0080  :   000;
	0081  :   000;
	0082  :   000;
	0083  :   000;
	0084  :   000;
	0085  :   000;
	0086  :   000;
	0087  :   000;
	0088  :   000;
	0089  :   000;
	008a  :   000;
	008b  :   000;
	008c  :   000;
	008d  :   000;
	008e  :   000;
	008f  :   000;
	0090  :   000;
	0091  :   000;
	0092  :   000;
	0093  :   000;
	0094  :   000;
	0095  :   000;
	0096  :   000;
	0097  :   000;
	0098  :   000;
	0099  :   000;
	009a  :   000;
	009b  :   000;
	009c  :   000;
	009d  :   000;
	009e  :   000;
	009f  :   000;
	00a0  :   000;
	00a1  :   000;
	00a2  :   000;
	00a3  :   000;
	00a4  :   000;
	00a5  :   000;
	00a6  :   000;
	00a7  :   000;
	00a8  :   000;
	00a9  :   000;
	00aa  :   000;
	00ab  :   000;
	00ac  :   000;
	00ad  :   000;
	00ae  :   000;
	00af  :   000;
	00b0  :   000;
	00b1  :   000;
	00b2  :   000;
	00b3  :   000;
	00b4  :   000;
	00b5  :   000;
	00b6  :   000;
	00b7  :   000;
	00b8  :   000;
	00b9  :   000;
	00ba  :   000;
	00bb  :   000;
	00bc  :   000;
	00bd  :   000;
	00be  :   000;
	00bf  :   000;
	00c0  :   000;
	00c1  :   000;
	00c2  :   000;
	00c3  :   000;
	00c4  :   000;
	00c5  :   000;
	00c6  :   000;
	00c7  :   000;
	00c8  :   000;
	00c9  :   000;
	00ca  :   000;
	00cb  :   000;
	00cc  :   000;
	00cd  :   000;
	00ce  :   000;
	00cf  :   000;
	00d0  :   000;
	00d1  :   000;
	00d2  :   000;
	00d3  :   000;
	00d4  :   000;
	00d5  :   000;
	00d6  :   000;
	00d7  :   000;
	00d8  :   000;
	00d9  :   000;
	00da  :   000;
	00db  :   000;
	00dc  :   000;
	00dd  :   000;
	00de  :   000;
	00df  :   000;
	00e0  :   000;
	00e1  :   000;
	00e2  :   000;
	00e3  :   000;
	00e4  :   000;
	00e5  :   000;
	00e6  :   000;
	00e7  :   000;
	00e8  :   000;
	00e9  :   000;
	00ea  :   000;
	00eb  :   000;
	00ec  :   000;
	00ed  :   000;
	00ee  :   000;
	00ef  :   000;
	00f0  :   000;
	00f1  :   000;
	00f2  :   000;
	00f3  :   000;
	00f4  :   000;
	00f5  :   000;
	00f6  :   000;
	00f7  :   000;
	00f8  :   000;
	00f9  :   000;
	00fa  :   000;
	00fb  :   000;
	00fc  :   000;
	00fd  :   000;
	00fe  :   000;
	00ff  :   000;
	0100  :   000;
	0101  :   000;
	0102  :   000;
	0103  :   000;
	0104  :   000;
	0105  :   000;
	0106  :   000;
	0107  :   000;
	0108  :   000;
	0109  :   000;
	010a  :   000;
	010b  :   000;
	010c  :   000;
	010d  :   000;
	010e  :   000;
	010f  :   000;
	0110  :   000;
	0111  :   000;
	0112  :   000;
	0113  :   000;
	0114  :   000;
	0115  :   000;
	0116  :   000;
	0117  :   000;
	0118  :   000;
	0119  :   000;
	011a  :   000;
	011b  :   000;
	011c  :   000;
	011d  :   000;
	011e  :   000;
	011f  :   000;
	0120  :   000;
	0121  :   000;
	0122  :   000;
	0123  :   000;
	0124  :   000;
	0125  :   000;
	0126  :   000;
	0127  :   000;
	0128  :   000;
	0129  :   000;
	012a  :   000;
	012b  :   000;
	012c  :   000;
	012d  :   000;
	012e  :   000;
	012f  :   000;
	0130  :   000;
	0131  :   000;
	0132  :   000;
	0133  :   000;
	0134  :   000;
	0135  :   000;
	0136  :   000;
	0137  :   000;
	0138  :   000;
	0139  :   000;
	013a  :   000;
	013b  :   000;
	013c  :   000;
	013d  :   000;
	013e  :   000;
	013f  :   000;
	0140  :   000;
	0141  :   000;
	0142  :   000;
	0143  :   000;
	0144  :   000;
	0145  :   000;
	0146  :   000;
	0147  :   000;
	0148  :   000;
	0149  :   000;
	014a  :   000;
	014b  :   000;
	014c  :   000;
	014d  :   000;
	014e  :   000;
	014f  :   000;
	0150  :   000;
	0151  :   000;
	0152  :   000;
	0153  :   000;
	0154  :   000;
	0155  :   000;
	0156  :   000;
	0157  :   000;
	0158  :   000;
	0159  :   000;
	015a  :   000;
	015b  :   000;
	015c  :   000;
	015d  :   000;
	015e  :   000;
	015f  :   000;
	0160  :   000;
	0161  :   000;
	0162  :   000;
	0163  :   000;
	0164  :   000;
	0165  :   000;
	0166  :   000;
	0167  :   000;
	0168  :   000;
	0169  :   000;
	016a  :   000;
	016b  :   000;
	016c  :   000;
	016d  :   000;
	016e  :   000;
	016f  :   000;
	0170  :   000;
	0171  :   000;
	0172  :   000;
	0173  :   000;
	0174  :   000;
	0175  :   000;
	0176  :   000;
	0177  :   000;
	0178  :   000;
	0179  :   000;
	017a  :   000;
	017b  :   000;
	017c  :   000;
	017d  :   000;
	017e  :   000;
	017f  :   000;
	0180  :   000;
	0181  :   000;
	0182  :   000;
	0183  :   000;
	0184  :   000;
	0185  :   000;
	0186  :   000;
	0187  :   000;
	0188  :   000;
	0189  :   000;
	018a  :   000;
	018b  :   000;
	018c  :   000;
	018d  :   000;
	018e  :   000;
	018f  :   000;
	0190  :   000;
	0191  :   000;
	0192  :   000;
	0193  :   000;
	0194  :   000;
	0195  :   000;
	0196  :   000;
	0197  :   000;
	0198  :   000;
	0199  :   000;
	019a  :   000;
	019b  :   000;
	019c  :   000;
	019d  :   000;
	019e  :   000;
	019f  :   000;
	01a0  :   000;
	01a1  :   000;
	01a2  :   000;
	01a3  :   000;
	01a4  :   000;
	01a5  :   000;
	01a6  :   000;
	01a7  :   000;
	01a8  :   000;
	01a9  :   000;
	01aa  :   000;
	01ab  :   000;
	01ac  :   000;
	01ad  :   000;
	01ae  :   000;
	01af  :   000;
	01b0  :   000;
	01b1  :   000;
	01b2  :   000;
	01b3  :   000;
	01b4  :   000;
	01b5  :   000;
	01b6  :   000;
	01b7  :   000;
	01b8  :   000;
	01b9  :   000;
	01ba  :   000;
	01bb  :   000;
	01bc  :   000;
	01bd  :   000;
	01be  :   000;
	01bf  :   000;
	01c0  :   000;
	01c1  :   000;
	01c2  :   000;
	01c3  :   000;
	01c4  :   000;
	01c5  :   000;
	01c6  :   000;
	01c7  :   000;
	01c8  :   000;
	01c9  :   000;
	01ca  :   000;
	01cb  :   000;
	01cc  :   000;
	01cd  :   000;
	01ce  :   000;
	01cf  :   000;
	01d0  :   000;
	01d1  :   000;
	01d2  :   000;
	01d3  :   000;
	01d4  :   000;
	01d5  :   000;
	01d6  :   000;
	01d7  :   000;
	01d8  :   000;
	01d9  :   000;
	01da  :   000;
	01db  :   000;
	01dc  :   000;
	01dd  :   000;
	01de  :   000;
	01df  :   000;
	01e0  :   000;
	01e1  :   000;
	01e2  :   000;
	01e3  :   000;
	01e4  :   000;
	01e5  :   000;
	01e6  :   000;
	01e7  :   000;
	01e8  :   000;
	01e9  :   000;
	01ea  :   000;
	01eb  :   000;
	01ec  :   000;
	01ed  :   000;
	01ee  :   000;
	01ef  :   000;
	01f0  :   000;
	01f1  :   000;
	01f2  :   000;
	01f3  :   000;
	01f4  :   000;
	01f5  :   000;
	01f6  :   000;
	01f7  :   000;
	01f8  :   000;
	01f9  :   000;
	01fa  :   000;
	01fb  :   000;
	01fc  :   000;
	01fd  :   000;
	01fe  :   000;
	01ff  :   000;
	0200  :   000;
	0201  :   000;
	0202  :   000;
	0203  :   000;
	0204  :   000;
	0205  :   000;
	0206  :   000;
	0207  :   000;
	0208  :   000;
	0209  :   000;
	020a  :   000;
	020b  :   000;
	020c  :   000;
	020d  :   000;
	020e  :   000;
	020f  :   000;
	0210  :   000;
	0211  :   000;
	0212  :   000;
	0213  :   000;
	0214  :   000;
	0215  :   000;
	0216  :   000;
	0217  :   000;
	0218  :   000;
	0219  :   000;
	021a  :   000;
	021b  :   000;
	021c  :   000;
	021d  :   000;
	021e  :   000;
	021f  :   000;
	0220  :   000;
	0221  :   000;
	0222  :   000;
	0223  :   000;
	0224  :   000;
	0225  :   000;
	0226  :   000;
	0227  :   000;
	0228  :   000;
	0229  :   000;
	022a  :   000;
	022b  :   000;
	022c  :   000;
	022d  :   000;
	022e  :   000;
	022f  :   000;
	0230  :   000;
	0231  :   000;
	0232  :   000;
	0233  :   000;
	0234  :   000;
	0235  :   000;
	0236  :   000;
	0237  :   000;
	0238  :   000;
	0239  :   000;
	023a  :   000;
	023b  :   000;
	023c  :   000;
	023d  :   000;
	023e  :   000;
	023f  :   000;
	0240  :   000;
	0241  :   000;
	0242  :   000;
	0243  :   000;
	0244  :   000;
	0245  :   000;
	0246  :   000;
	0247  :   000;
	0248  :   000;
	0249  :   000;
	024a  :   000;
	024b  :   000;
	024c  :   000;
	024d  :   000;
	024e  :   000;
	024f  :   000;
	0250  :   000;
	0251  :   000;
	0252  :   000;
	0253  :   000;
	0254  :   000;
	0255  :   000;
	0256  :   000;
	0257  :   000;
	0258  :   000;
	0259  :   000;
	025a  :   000;
	025b  :   000;
	025c  :   000;
	025d  :   000;
	025e  :   000;
	025f  :   000;
	0260  :   000;
	0261  :   000;
	0262  :   000;
	0263  :   000;
	0264  :   000;
	0265  :   000;
	0266  :   000;
	0267  :   000;
	0268  :   000;
	0269  :   000;
	026a  :   000;
	026b  :   000;
	026c  :   000;
	026d  :   000;
	026e  :   000;
	026f  :   000;
	0270  :   000;
	0271  :   000;
	0272  :   000;
	0273  :   000;
	0274  :   000;
	0275  :   000;
	0276  :   000;
	0277  :   000;
	0278  :   000;
	0279  :   000;
	027a  :   000;
	027b  :   000;
	027c  :   000;
	027d  :   000;
	027e  :   000;
	027f  :   000;
	0280  :   000;
	0281  :   000;
	0282  :   000;
	0283  :   000;
	0284  :   000;
	0285  :   000;
	0286  :   000;
	0287  :   000;
	0288  :   000;
	0289  :   000;
	028a  :   000;
	028b  :   000;
	028c  :   000;
	028d  :   000;
	028e  :   000;
	028f  :   000;
	0290  :   000;
	0291  :   000;
	0292  :   000;
	0293  :   000;
	0294  :   000;
	0295  :   000;
	0296  :   000;
	0297  :   000;
	0298  :   000;
	0299  :   000;
	029a  :   000;
	029b  :   000;
	029c  :   000;
	029d  :   000;
	029e  :   000;
	029f  :   000;
	02a0  :   000;
	02a1  :   000;
	02a2  :   000;
	02a3  :   000;
	02a4  :   000;
	02a5  :   000;
	02a6  :   000;
	02a7  :   000;
	02a8  :   000;
	02a9  :   000;
	02aa  :   000;
	02ab  :   000;
	02ac  :   000;
	02ad  :   000;
	02ae  :   000;
	02af  :   000;
	02b0  :   000;
	02b1  :   000;
	02b2  :   000;
	02b3  :   000;
	02b4  :   000;
	02b5  :   000;
	02b6  :   000;
	02b7  :   000;
	02b8  :   000;
	02b9  :   000;
	02ba  :   000;
	02bb  :   000;
	02bc  :   000;
	02bd  :   000;
	02be  :   000;
	02bf  :   000;
	02c0  :   000;
	02c1  :   000;
	02c2  :   000;
	02c3  :   000;
	02c4  :   000;
	02c5  :   000;
	02c6  :   000;
	02c7  :   000;
	02c8  :   000;
	02c9  :   000;
	02ca  :   000;
	02cb  :   000;
	02cc  :   000;
	02cd  :   000;
	02ce  :   000;
	02cf  :   000;
	02d0  :   000;
	02d1  :   000;
	02d2  :   000;
	02d3  :   000;
	02d4  :   000;
	02d5  :   000;
	02d6  :   000;
	02d7  :   000;
	02d8  :   000;
	02d9  :   000;
	02da  :   000;
	02db  :   000;
	02dc  :   000;
	02dd  :   000;
	02de  :   000;
	02df  :   000;
	02e0  :   000;
	02e1  :   000;
	02e2  :   000;
	02e3  :   000;
	02e4  :   000;
	02e5  :   000;
	02e6  :   000;
	02e7  :   000;
	02e8  :   000;
	02e9  :   000;
	02ea  :   000;
	02eb  :   000;
	02ec  :   000;
	02ed  :   000;
	02ee  :   000;
	02ef  :   000;
	02f0  :   000;
	02f1  :   000;
	02f2  :   000;
	02f3  :   000;
	02f4  :   000;
	02f5  :   000;
	02f6  :   000;
	02f7  :   000;
	02f8  :   000;
	02f9  :   000;
	02fa  :   000;
	02fb  :   000;
	02fc  :   000;
	02fd  :   000;
	02fe  :   000;
	02ff  :   000;
	0300  :   000;
	0301  :   000;
	0302  :   000;
	0303  :   000;
	0304  :   000;
	0305  :   000;
	0306  :   000;
	0307  :   000;
	0308  :   000;
	0309  :   000;
	030a  :   000;
	030b  :   000;
	030c  :   000;
	030d  :   000;
	030e  :   000;
	030f  :   000;
	0310  :   000;
	0311  :   000;
	0312  :   000;
	0313  :   000;
	0314  :   000;
	0315  :   000;
	0316  :   000;
	0317  :   000;
	0318  :   000;
	0319  :   000;
	031a  :   000;
	031b  :   000;
	031c  :   000;
	031d  :   000;
	031e  :   000;
	031f  :   000;
	0320  :   000;
	0321  :   000;
	0322  :   000;
	0323  :   000;
	0324  :   000;
	0325  :   000;
	0326  :   000;
	0327  :   000;
	0328  :   000;
	0329  :   000;
	032a  :   000;
	032b  :   000;
	032c  :   000;
	032d  :   000;
	032e  :   000;
	032f  :   000;
	0330  :   000;
	0331  :   000;
	0332  :   000;
	0333  :   000;
	0334  :   000;
	0335  :   000;
	0336  :   000;
	0337  :   000;
	0338  :   000;
	0339  :   000;
	033a  :   000;
	033b  :   000;
	033c  :   000;
	033d  :   000;
	033e  :   000;
	033f  :   000;
	0340  :   000;
	0341  :   000;
	0342  :   000;
	0343  :   000;
	0344  :   000;
	0345  :   000;
	0346  :   000;
	0347  :   000;
	0348  :   000;
	0349  :   000;
	034a  :   000;
	034b  :   000;
	034c  :   000;
	034d  :   000;
	034e  :   000;
	034f  :   000;
	0350  :   000;
	0351  :   000;
	0352  :   000;
	0353  :   000;
	0354  :   000;
	0355  :   000;
	0356  :   000;
	0357  :   000;
	0358  :   000;
	0359  :   000;
	035a  :   000;
	035b  :   000;
	035c  :   000;
	035d  :   000;
	035e  :   000;
	035f  :   000;
	0360  :   000;
	0361  :   000;
	0362  :   000;
	0363  :   000;
	0364  :   000;
	0365  :   000;
	0366  :   000;
	0367  :   000;
	0368  :   000;
	0369  :   000;
	036a  :   000;
	036b  :   000;
	036c  :   000;
	036d  :   000;
	036e  :   000;
	036f  :   000;
	0370  :   000;
	0371  :   000;
	0372  :   000;
	0373  :   000;
	0374  :   000;
	0375  :   000;
	0376  :   000;
	0377  :   000;
	0378  :   000;
	0379  :   000;
	037a  :   000;
	037b  :   000;
	037c  :   000;
	037d  :   000;
	037e  :   000;
	037f  :   000;
	0380  :   000;
	0381  :   000;
	0382  :   000;
	0383  :   000;
	0384  :   000;
	0385  :   000;
	0386  :   000;
	0387  :   000;
	0388  :   000;
	0389  :   000;
	038a  :   000;
	038b  :   000;
	038c  :   000;
	038d  :   000;
	038e  :   000;
	038f  :   000;
	0390  :   000;
	0391  :   000;
	0392  :   000;
	0393  :   000;
	0394  :   000;
	0395  :   000;
	0396  :   000;
	0397  :   000;
	0398  :   000;
	0399  :   000;
	039a  :   000;
	039b  :   000;
	039c  :   000;
	039d  :   000;
	039e  :   000;
	039f  :   000;
	03a0  :   000;
	03a1  :   000;
	03a2  :   000;
	03a3  :   000;
	03a4  :   000;
	03a5  :   000;
	03a6  :   000;
	03a7  :   000;
	03a8  :   000;
	03a9  :   000;
	03aa  :   000;
	03ab  :   000;
	03ac  :   000;
	03ad  :   000;
	03ae  :   000;
	03af  :   000;
	03b0  :   000;
	03b1  :   000;
	03b2  :   000;
	03b3  :   000;
	03b4  :   000;
	03b5  :   000;
	03b6  :   000;
	03b7  :   000;
	03b8  :   000;
	03b9  :   000;
	03ba  :   000;
	03bb  :   000;
	03bc  :   000;
	03bd  :   000;
	03be  :   000;
	03bf  :   000;
	03c0  :   000;
	03c1  :   000;
	03c2  :   000;
	03c3  :   000;
	03c4  :   000;
	03c5  :   000;
	03c6  :   000;
	03c7  :   000;
	03c8  :   000;
	03c9  :   000;
	03ca  :   000;
	03cb  :   000;
	03cc  :   000;
	03cd  :   000;
	03ce  :   000;
	03cf  :   000;
	03d0  :   000;
	03d1  :   000;
	03d2  :   000;
	03d3  :   000;
	03d4  :   000;
	03d5  :   000;
	03d6  :   000;
	03d7  :   000;
	03d8  :   000;
	03d9  :   000;
	03da  :   000;
	03db  :   000;
	03dc  :   000;
	03dd  :   000;
	03de  :   000;
	03df  :   000;
	03e0  :   000;
	03e1  :   000;
	03e2  :   000;
	03e3  :   000;
	03e4  :   000;
	03e5  :   000;
	03e6  :   000;
	03e7  :   000;
	03e8  :   000;
	03e9  :   000;
	03ea  :   000;
	03eb  :   000;
	03ec  :   000;
	03ed  :   000;
	03ee  :   000;
	03ef  :   000;
	03f0  :   000;
	03f1  :   000;
	03f2  :   000;
	03f3  :   000;
	03f4  :   000;
	03f5  :   000;
	03f6  :   000;
	03f7  :   000;
	03f8  :   000;
	03f9  :   000;
	03fa  :   000;
	03fb  :   000;
	03fc  :   000;
	03fd  :   000;
	03fe  :   000;
	03ff  :   000;
	0400  :   000;
	0401  :   000;
	0402  :   000;
	0403  :   000;
	0404  :   000;
	0405  :   000;
	0406  :   000;
	0407  :   000;
	0408  :   000;
	0409  :   000;
	040a  :   000;
	040b  :   000;
	040c  :   000;
	040d  :   000;
	040e  :   000;
	040f  :   000;
	0410  :   000;
	0411  :   000;
	0412  :   000;
	0413  :   000;
	0414  :   000;
	0415  :   000;
	0416  :   000;
	0417  :   000;
	0418  :   000;
	0419  :   000;
	041a  :   000;
	041b  :   000;
	041c  :   000;
	041d  :   000;
	041e  :   000;
	041f  :   000;
	0420  :   000;
	0421  :   000;
	0422  :   000;
	0423  :   000;
	0424  :   000;
	0425  :   000;
	0426  :   000;
	0427  :   000;
	0428  :   000;
	0429  :   000;
	042a  :   000;
	042b  :   000;
	042c  :   000;
	042d  :   000;
	042e  :   000;
	042f  :   000;
	0430  :   000;
	0431  :   000;
	0432  :   000;
	0433  :   000;
	0434  :   000;
	0435  :   000;
	0436  :   000;
	0437  :   000;
	0438  :   000;
	0439  :   000;
	043a  :   000;
	043b  :   000;
	043c  :   000;
	043d  :   000;
	043e  :   000;
	043f  :   000;
	0440  :   000;
	0441  :   000;
	0442  :   000;
	0443  :   000;
	0444  :   000;
	0445  :   000;
	0446  :   000;
	0447  :   000;
	0448  :   000;
	0449  :   000;
	044a  :   000;
	044b  :   000;
	044c  :   000;
	044d  :   000;
	044e  :   000;
	044f  :   000;
	0450  :   000;
	0451  :   000;
	0452  :   000;
	0453  :   000;
	0454  :   000;
	0455  :   000;
	0456  :   000;
	0457  :   000;
	0458  :   000;
	0459  :   000;
	045a  :   000;
	045b  :   000;
	045c  :   000;
	045d  :   000;
	045e  :   000;
	045f  :   000;
	0460  :   000;
	0461  :   000;
	0462  :   000;
	0463  :   000;
	0464  :   000;
	0465  :   000;
	0466  :   000;
	0467  :   000;
	0468  :   000;
	0469  :   000;
	046a  :   000;
	046b  :   000;
	046c  :   000;
	046d  :   000;
	046e  :   000;
	046f  :   000;
	0470  :   000;
	0471  :   000;
	0472  :   000;
	0473  :   000;
	0474  :   000;
	0475  :   000;
	0476  :   000;
	0477  :   000;
	0478  :   000;
	0479  :   000;
	047a  :   000;
	047b  :   000;
	047c  :   000;
	047d  :   000;
	047e  :   000;
	047f  :   000;
	0480  :   000;
	0481  :   000;
	0482  :   000;
	0483  :   000;
	0484  :   000;
	0485  :   000;
	0486  :   000;
	0487  :   000;
	0488  :   000;
	0489  :   000;
	048a  :   000;
	048b  :   000;
	048c  :   000;
	048d  :   000;
	048e  :   000;
	048f  :   000;
	0490  :   000;
	0491  :   000;
	0492  :   000;
	0493  :   000;
	0494  :   000;
	0495  :   000;
	0496  :   000;
	0497  :   000;
	0498  :   000;
	0499  :   000;
	049a  :   000;
	049b  :   000;
	049c  :   000;
	049d  :   000;
	049e  :   000;
	049f  :   000;
	04a0  :   000;
	04a1  :   000;
	04a2  :   000;
	04a3  :   000;
	04a4  :   000;
	04a5  :   000;
	04a6  :   000;
	04a7  :   000;
	04a8  :   000;
	04a9  :   000;
	04aa  :   000;
	04ab  :   000;
	04ac  :   000;
	04ad  :   000;
	04ae  :   000;
	04af  :   000;
	04b0  :   000;
	04b1  :   000;
	04b2  :   000;
	04b3  :   000;
	04b4  :   000;
	04b5  :   000;
	04b6  :   000;
	04b7  :   000;
	04b8  :   000;
	04b9  :   000;
	04ba  :   000;
	04bb  :   000;
	04bc  :   000;
	04bd  :   000;
	04be  :   000;
	04bf  :   000;
	04c0  :   000;
	04c1  :   000;
	04c2  :   000;
	04c3  :   000;
	04c4  :   000;
	04c5  :   000;
	04c6  :   000;
	04c7  :   000;
	04c8  :   000;
	04c9  :   000;
	04ca  :   000;
	04cb  :   000;
	04cc  :   000;
	04cd  :   000;
	04ce  :   000;
	04cf  :   000;
	04d0  :   000;
	04d1  :   000;
	04d2  :   000;
	04d3  :   000;
	04d4  :   000;
	04d5  :   000;
	04d6  :   000;
	04d7  :   000;
	04d8  :   000;
	04d9  :   000;
	04da  :   000;
	04db  :   000;
	04dc  :   000;
	04dd  :   000;
	04de  :   000;
	04df  :   000;
	04e0  :   000;
	04e1  :   000;
	04e2  :   000;
	04e3  :   000;
	04e4  :   000;
	04e5  :   000;
	04e6  :   000;
	04e7  :   000;
	04e8  :   000;
	04e9  :   000;
	04ea  :   000;
	04eb  :   000;
	04ec  :   000;
	04ed  :   000;
	04ee  :   000;
	04ef  :   000;
	04f0  :   000;
	04f1  :   000;
	04f2  :   000;
	04f3  :   000;
	04f4  :   000;
	04f5  :   000;
	04f6  :   000;
	04f7  :   000;
	04f8  :   000;
	04f9  :   000;
	04fa  :   000;
	04fb  :   000;
	04fc  :   000;
	04fd  :   000;
	04fe  :   000;
	04ff  :   000;
	0500  :   000;
	0501  :   000;
	0502  :   000;
	0503  :   000;
	0504  :   000;
	0505  :   000;
	0506  :   000;
	0507  :   000;
	0508  :   000;
	0509  :   000;
	050a  :   000;
	050b  :   000;
	050c  :   000;
	050d  :   000;
	050e  :   000;
	050f  :   000;
	0510  :   000;
	0511  :   000;
	0512  :   000;
	0513  :   000;
	0514  :   000;
	0515  :   000;
	0516  :   000;
	0517  :   000;
	0518  :   000;
	0519  :   000;
	051a  :   000;
	051b  :   000;
	051c  :   000;
	051d  :   000;
	051e  :   000;
	051f  :   000;
	0520  :   000;
	0521  :   000;
	0522  :   000;
	0523  :   000;
	0524  :   000;
	0525  :   000;
	0526  :   000;
	0527  :   000;
	0528  :   000;
	0529  :   000;
	052a  :   000;
	052b  :   000;
	052c  :   000;
	052d  :   000;
	052e  :   000;
	052f  :   000;
	0530  :   000;
	0531  :   000;
	0532  :   000;
	0533  :   000;
	0534  :   000;
	0535  :   000;
	0536  :   000;
	0537  :   000;
	0538  :   000;
	0539  :   000;
	053a  :   000;
	053b  :   000;
	053c  :   000;
	053d  :   000;
	053e  :   000;
	053f  :   000;
	0540  :   000;
	0541  :   000;
	0542  :   000;
	0543  :   000;
	0544  :   000;
	0545  :   000;
	0546  :   000;
	0547  :   000;
	0548  :   000;
	0549  :   000;
	054a  :   000;
	054b  :   000;
	054c  :   000;
	054d  :   000;
	054e  :   000;
	054f  :   000;
	0550  :   000;
	0551  :   000;
	0552  :   000;
	0553  :   000;
	0554  :   000;
	0555  :   000;
	0556  :   000;
	0557  :   000;
	0558  :   000;
	0559  :   000;
	055a  :   000;
	055b  :   000;
	055c  :   000;
	055d  :   000;
	055e  :   000;
	055f  :   000;
	0560  :   000;
	0561  :   000;
	0562  :   000;
	0563  :   000;
	0564  :   000;
	0565  :   000;
	0566  :   000;
	0567  :   000;
	0568  :   000;
	0569  :   000;
	056a  :   000;
	056b  :   000;
	056c  :   000;
	056d  :   000;
	056e  :   000;
	056f  :   000;
	0570  :   000;
	0571  :   000;
	0572  :   000;
	0573  :   000;
	0574  :   000;
	0575  :   000;
	0576  :   000;
	0577  :   000;
	0578  :   000;
	0579  :   000;
	057a  :   000;
	057b  :   000;
	057c  :   000;
	057d  :   000;
	057e  :   000;
	057f  :   000;
	0580  :   000;
	0581  :   000;
	0582  :   000;
	0583  :   000;
	0584  :   000;
	0585  :   000;
	0586  :   000;
	0587  :   000;
	0588  :   000;
	0589  :   000;
	058a  :   000;
	058b  :   000;
	058c  :   000;
	058d  :   000;
	058e  :   000;
	058f  :   000;
	0590  :   000;
	0591  :   000;
	0592  :   000;
	0593  :   000;
	0594  :   000;
	0595  :   000;
	0596  :   000;
	0597  :   000;
	0598  :   000;
	0599  :   000;
	059a  :   000;
	059b  :   000;
	059c  :   000;
	059d  :   000;
	059e  :   000;
	059f  :   000;
	05a0  :   000;
	05a1  :   000;
	05a2  :   000;
	05a3  :   000;
	05a4  :   000;
	05a5  :   000;
	05a6  :   000;
	05a7  :   000;
	05a8  :   000;
	05a9  :   000;
	05aa  :   000;
	05ab  :   000;
	05ac  :   000;
	05ad  :   000;
	05ae  :   000;
	05af  :   000;
	05b0  :   000;
	05b1  :   000;
	05b2  :   000;
	05b3  :   000;
	05b4  :   000;
	05b5  :   000;
	05b6  :   000;
	05b7  :   000;
	05b8  :   000;
	05b9  :   000;
	05ba  :   000;
	05bb  :   000;
	05bc  :   000;
	05bd  :   000;
	05be  :   000;
	05bf  :   000;
	05c0  :   000;
	05c1  :   000;
	05c2  :   000;
	05c3  :   000;
	05c4  :   000;
	05c5  :   000;
	05c6  :   000;
	05c7  :   000;
	05c8  :   000;
	05c9  :   000;
	05ca  :   000;
	05cb  :   000;
	05cc  :   000;
	05cd  :   000;
	05ce  :   000;
	05cf  :   000;
	05d0  :   000;
	05d1  :   000;
	05d2  :   000;
	05d3  :   000;
	05d4  :   000;
	05d5  :   000;
	05d6  :   000;
	05d7  :   000;
	05d8  :   000;
	05d9  :   000;
	05da  :   000;
	05db  :   000;
	05dc  :   000;
	05dd  :   000;
	05de  :   000;
	05df  :   000;
	05e0  :   000;
	05e1  :   000;
	05e2  :   000;
	05e3  :   000;
	05e4  :   000;
	05e5  :   000;
	05e6  :   000;
	05e7  :   000;
	05e8  :   000;
	05e9  :   000;
	05ea  :   000;
	05eb  :   000;
	05ec  :   000;
	05ed  :   000;
	05ee  :   000;
	05ef  :   000;
	05f0  :   000;
	05f1  :   000;
	05f2  :   000;
	05f3  :   000;
	05f4  :   000;
	05f5  :   000;
	05f6  :   000;
	05f7  :   000;
	05f8  :   000;
	05f9  :   000;
	05fa  :   000;
	05fb  :   000;
	05fc  :   000;
	05fd  :   000;
	05fe  :   000;
	05ff  :   000;
	0600  :   000;
	0601  :   000;
	0602  :   000;
	0603  :   000;
	0604  :   000;
	0605  :   000;
	0606  :   000;
	0607  :   000;
	0608  :   000;
	0609  :   000;
	060a  :   000;
	060b  :   000;
	060c  :   000;
	060d  :   000;
	060e  :   000;
	060f  :   000;
	0610  :   000;
	0611  :   000;
	0612  :   000;
	0613  :   000;
	0614  :   000;
	0615  :   000;
	0616  :   000;
	0617  :   000;
	0618  :   000;
	0619  :   000;
	061a  :   000;
	061b  :   000;
	061c  :   000;
	061d  :   000;
	061e  :   000;
	061f  :   000;
	0620  :   000;
	0621  :   000;
	0622  :   000;
	0623  :   000;
	0624  :   000;
	0625  :   000;
	0626  :   000;
	0627  :   000;
	0628  :   000;
	0629  :   000;
	062a  :   000;
	062b  :   000;
	062c  :   000;
	062d  :   000;
	062e  :   000;
	062f  :   000;
	0630  :   000;
	0631  :   000;
	0632  :   000;
	0633  :   000;
	0634  :   000;
	0635  :   000;
	0636  :   000;
	0637  :   000;
	0638  :   000;
	0639  :   000;
	063a  :   000;
	063b  :   000;
	063c  :   000;
	063d  :   000;
	063e  :   000;
	063f  :   000;
	0640  :   000;
	0641  :   000;
	0642  :   000;
	0643  :   000;
	0644  :   000;
	0645  :   000;
	0646  :   000;
	0647  :   000;
	0648  :   000;
	0649  :   000;
	064a  :   000;
	064b  :   000;
	064c  :   000;
	064d  :   000;
	064e  :   000;
	064f  :   000;
	0650  :   000;
	0651  :   000;
	0652  :   000;
	0653  :   000;
	0654  :   000;
	0655  :   000;
	0656  :   000;
	0657  :   000;
	0658  :   000;
	0659  :   000;
	065a  :   000;
	065b  :   000;
	065c  :   000;
	065d  :   000;
	065e  :   000;
	065f  :   000;
	0660  :   000;
	0661  :   000;
	0662  :   000;
	0663  :   000;
	0664  :   000;
	0665  :   000;
	0666  :   000;
	0667  :   000;
	0668  :   000;
	0669  :   000;
	066a  :   000;
	066b  :   000;
	066c  :   000;
	066d  :   000;
	066e  :   000;
	066f  :   000;
	0670  :   000;
	0671  :   000;
	0672  :   000;
	0673  :   000;
	0674  :   000;
	0675  :   000;
	0676  :   000;
	0677  :   000;
	0678  :   000;
	0679  :   000;
	067a  :   000;
	067b  :   000;
	067c  :   000;
	067d  :   000;
	067e  :   000;
	067f  :   000;
	0680  :   000;
	0681  :   000;
	0682  :   000;
	0683  :   000;
	0684  :   000;
	0685  :   000;
	0686  :   000;
	0687  :   000;
	0688  :   000;
	0689  :   000;
	068a  :   000;
	068b  :   000;
	068c  :   000;
	068d  :   000;
	068e  :   000;
	068f  :   000;
	0690  :   000;
	0691  :   000;
	0692  :   000;
	0693  :   000;
	0694  :   000;
	0695  :   000;
	0696  :   000;
	0697  :   000;
	0698  :   000;
	0699  :   000;
	069a  :   000;
	069b  :   000;
	069c  :   000;
	069d  :   000;
	069e  :   000;
	069f  :   000;
	06a0  :   000;
	06a1  :   000;
	06a2  :   000;
	06a3  :   000;
	06a4  :   000;
	06a5  :   000;
	06a6  :   000;
	06a7  :   000;
	06a8  :   000;
	06a9  :   000;
	06aa  :   000;
	06ab  :   000;
	06ac  :   000;
	06ad  :   000;
	06ae  :   000;
	06af  :   000;
	06b0  :   000;
	06b1  :   000;
	06b2  :   000;
	06b3  :   000;
	06b4  :   000;
	06b5  :   000;
	06b6  :   000;
	06b7  :   000;
	06b8  :   000;
	06b9  :   000;
	06ba  :   000;
	06bb  :   000;
	06bc  :   000;
	06bd  :   000;
	06be  :   000;
	06bf  :   000;
	06c0  :   000;
	06c1  :   000;
	06c2  :   000;
	06c3  :   000;
	06c4  :   000;
	06c5  :   000;
	06c6  :   000;
	06c7  :   000;
	06c8  :   000;
	06c9  :   000;
	06ca  :   000;
	06cb  :   000;
	06cc  :   000;
	06cd  :   000;
	06ce  :   000;
	06cf  :   000;
	06d0  :   000;
	06d1  :   000;
	06d2  :   000;
	06d3  :   000;
	06d4  :   000;
	06d5  :   000;
	06d6  :   000;
	06d7  :   000;
	06d8  :   000;
	06d9  :   000;
	06da  :   000;
	06db  :   000;
	06dc  :   000;
	06dd  :   000;
	06de  :   000;
	06df  :   000;
	06e0  :   000;
	06e1  :   000;
	06e2  :   000;
	06e3  :   000;
	06e4  :   000;
	06e5  :   000;
	06e6  :   000;
	06e7  :   000;
	06e8  :   000;
	06e9  :   000;
	06ea  :   000;
	06eb  :   000;
	06ec  :   000;
	06ed  :   000;
	06ee  :   000;
	06ef  :   000;
	06f0  :   000;
	06f1  :   000;
	06f2  :   000;
	06f3  :   000;
	06f4  :   000;
	06f5  :   000;
	06f6  :   000;
	06f7  :   000;
	06f8  :   000;
	06f9  :   000;
	06fa  :   000;
	06fb  :   000;
	06fc  :   000;
	06fd  :   000;
	06fe  :   000;
	06ff  :   000;
	0700  :   000;
	0701  :   000;
	0702  :   000;
	0703  :   000;
	0704  :   000;
	0705  :   000;
	0706  :   000;
	0707  :   000;
	0708  :   000;
	0709  :   000;
	070a  :   000;
	070b  :   000;
	070c  :   000;
	070d  :   000;
	070e  :   000;
	070f  :   000;
	0710  :   000;
	0711  :   000;
	0712  :   000;
	0713  :   000;
	0714  :   000;
	0715  :   000;
	0716  :   000;
	0717  :   000;
	0718  :   000;
	0719  :   000;
	071a  :   000;
	071b  :   000;
	071c  :   000;
	071d  :   000;
	071e  :   000;
	071f  :   000;
	0720  :   000;
	0721  :   000;
	0722  :   000;
	0723  :   000;
	0724  :   000;
	0725  :   000;
	0726  :   000;
	0727  :   000;
	0728  :   000;
	0729  :   000;
	072a  :   000;
	072b  :   000;
	072c  :   000;
	072d  :   000;
	072e  :   000;
	072f  :   000;
	0730  :   000;
	0731  :   000;
	0732  :   000;
	0733  :   000;
	0734  :   000;
	0735  :   000;
	0736  :   000;
	0737  :   000;
	0738  :   000;
	0739  :   000;
	073a  :   000;
	073b  :   000;
	073c  :   000;
	073d  :   000;
	073e  :   000;
	073f  :   000;
	0740  :   000;
	0741  :   000;
	0742  :   000;
	0743  :   000;
	0744  :   000;
	0745  :   000;
	0746  :   000;
	0747  :   000;
	0748  :   000;
	0749  :   000;
	074a  :   000;
	074b  :   000;
	074c  :   000;
	074d  :   000;
	074e  :   000;
	074f  :   000;
	0750  :   000;
	0751  :   000;
	0752  :   000;
	0753  :   000;
	0754  :   000;
	0755  :   000;
	0756  :   000;
	0757  :   000;
	0758  :   000;
	0759  :   000;
	075a  :   000;
	075b  :   000;
	075c  :   000;
	075d  :   000;
	075e  :   000;
	075f  :   000;
	0760  :   000;
	0761  :   000;
	0762  :   000;
	0763  :   000;
	0764  :   000;
	0765  :   000;
	0766  :   000;
	0767  :   000;
	0768  :   000;
	0769  :   000;
	076a  :   000;
	076b  :   000;
	076c  :   000;
	076d  :   000;
	076e  :   000;
	076f  :   000;
	0770  :   000;
	0771  :   000;
	0772  :   000;
	0773  :   000;
	0774  :   000;
	0775  :   000;
	0776  :   000;
	0777  :   000;
	0778  :   000;
	0779  :   000;
	077a  :   000;
	077b  :   000;
	077c  :   000;
	077d  :   000;
	077e  :   000;
	077f  :   000;
	0780  :   000;
	0781  :   000;
	0782  :   000;
	0783  :   000;
	0784  :   000;
	0785  :   000;
	0786  :   000;
	0787  :   000;
	0788  :   000;
	0789  :   000;
	078a  :   000;
	078b  :   000;
	078c  :   000;
	078d  :   000;
	078e  :   000;
	078f  :   000;
	0790  :   000;
	0791  :   000;
	0792  :   000;
	0793  :   000;
	0794  :   000;
	0795  :   000;
	0796  :   000;
	0797  :   000;
	0798  :   000;
	0799  :   000;
	079a  :   000;
	079b  :   000;
	079c  :   000;
	079d  :   000;
	079e  :   000;
	079f  :   000;
	07a0  :   000;
	07a1  :   000;
	07a2  :   000;
	07a3  :   000;
	07a4  :   000;
	07a5  :   000;
	07a6  :   000;
	07a7  :   000;
	07a8  :   000;
	07a9  :   000;
	07aa  :   000;
	07ab  :   000;
	07ac  :   000;
	07ad  :   000;
	07ae  :   000;
	07af  :   000;
	07b0  :   000;
	07b1  :   000;
	07b2  :   000;
	07b3  :   000;
	07b4  :   000;
	07b5  :   000;
	07b6  :   000;
	07b7  :   000;
	07b8  :   000;
	07b9  :   000;
	07ba  :   000;
	07bb  :   000;
	07bc  :   000;
	07bd  :   000;
	07be  :   000;
	07bf  :   000;
	07c0  :   000;
	07c1  :   000;
	07c2  :   000;
	07c3  :   000;
	07c4  :   000;
	07c5  :   000;
	07c6  :   000;
	07c7  :   000;
	07c8  :   000;
	07c9  :   000;
	07ca  :   000;
	07cb  :   000;
	07cc  :   000;
	07cd  :   000;
	07ce  :   000;
	07cf  :   000;
	07d0  :   000;
	07d1  :   000;
	07d2  :   000;
	07d3  :   000;
	07d4  :   000;
	07d5  :   000;
	07d6  :   000;
	07d7  :   000;
	07d8  :   000;
	07d9  :   000;
	07da  :   000;
	07db  :   000;
	07dc  :   000;
	07dd  :   000;
	07de  :   000;
	07df  :   000;
	07e0  :   000;
	07e1  :   000;
	07e2  :   000;
	07e3  :   000;
	07e4  :   000;
	07e5  :   000;
	07e6  :   000;
	07e7  :   000;
	07e8  :   000;
	07e9  :   000;
	07ea  :   000;
	07eb  :   000;
	07ec  :   000;
	07ed  :   000;
	07ee  :   000;
	07ef  :   000;
	07f0  :   000;
	07f1  :   000;
	07f2  :   000;
	07f3  :   000;
	07f4  :   000;
	07f5  :   000;
	07f6  :   000;
	07f7  :   000;
	07f8  :   000;
	07f9  :   000;
	07fa  :   000;
	07fb  :   000;
	07fc  :   000;
	07fd  :   000;
	07fe  :   000;
	07ff  :   000;
	0800  :   000;
	0801  :   000;
	0802  :   000;
	0803  :   000;
	0804  :   000;
	0805  :   000;
	0806  :   000;
	0807  :   000;
	0808  :   000;
	0809  :   000;
	080a  :   000;
	080b  :   000;
	080c  :   000;
	080d  :   000;
	080e  :   000;
	080f  :   000;
	0810  :   000;
	0811  :   000;
	0812  :   000;
	0813  :   000;
	0814  :   000;
	0815  :   000;
	0816  :   000;
	0817  :   000;
	0818  :   000;
	0819  :   000;
	081a  :   000;
	081b  :   000;
	081c  :   000;
	081d  :   000;
	081e  :   000;
	081f  :   000;
	0820  :   000;
	0821  :   000;
	0822  :   000;
	0823  :   000;
	0824  :   000;
	0825  :   000;
	0826  :   000;
	0827  :   000;
	0828  :   000;
	0829  :   000;
	082a  :   000;
	082b  :   000;
	082c  :   000;
	082d  :   000;
	082e  :   000;
	082f  :   000;
	0830  :   000;
	0831  :   000;
	0832  :   000;
	0833  :   000;
	0834  :   000;
	0835  :   000;
	0836  :   000;
	0837  :   000;
	0838  :   000;
	0839  :   000;
	083a  :   000;
	083b  :   000;
	083c  :   000;
	083d  :   000;
	083e  :   000;
	083f  :   000;
	0840  :   000;
	0841  :   000;
	0842  :   000;
	0843  :   000;
	0844  :   000;
	0845  :   000;
	0846  :   000;
	0847  :   000;
	0848  :   000;
	0849  :   000;
	084a  :   000;
	084b  :   000;
	084c  :   000;
	084d  :   000;
	084e  :   000;
	084f  :   000;
	0850  :   000;
	0851  :   000;
	0852  :   000;
	0853  :   000;
	0854  :   000;
	0855  :   000;
	0856  :   000;
	0857  :   000;
	0858  :   000;
	0859  :   000;
	085a  :   000;
	085b  :   000;
	085c  :   000;
	085d  :   000;
	085e  :   000;
	085f  :   000;
	0860  :   000;
	0861  :   000;
	0862  :   000;
	0863  :   000;
	0864  :   000;
	0865  :   000;
	0866  :   000;
	0867  :   000;
	0868  :   000;
	0869  :   000;
	086a  :   000;
	086b  :   000;
	086c  :   000;
	086d  :   000;
	086e  :   000;
	086f  :   000;
	0870  :   000;
	0871  :   000;
	0872  :   000;
	0873  :   000;
	0874  :   000;
	0875  :   000;
	0876  :   000;
	0877  :   000;
	0878  :   000;
	0879  :   000;
	087a  :   000;
	087b  :   000;
	087c  :   000;
	087d  :   000;
	087e  :   000;
	087f  :   000;
	0880  :   000;
	0881  :   000;
	0882  :   000;
	0883  :   000;
	0884  :   000;
	0885  :   000;
	0886  :   000;
	0887  :   000;
	0888  :   000;
	0889  :   000;
	088a  :   000;
	088b  :   000;
	088c  :   000;
	088d  :   000;
	088e  :   000;
	088f  :   000;
	0890  :   000;
	0891  :   000;
	0892  :   000;
	0893  :   000;
	0894  :   000;
	0895  :   000;
	0896  :   000;
	0897  :   000;
	0898  :   000;
	0899  :   000;
	089a  :   000;
	089b  :   000;
	089c  :   000;
	089d  :   000;
	089e  :   000;
	089f  :   000;
	08a0  :   000;
	08a1  :   000;
	08a2  :   000;
	08a3  :   000;
	08a4  :   000;
	08a5  :   000;
	08a6  :   000;
	08a7  :   000;
	08a8  :   000;
	08a9  :   000;
	08aa  :   000;
	08ab  :   000;
	08ac  :   000;
	08ad  :   000;
	08ae  :   000;
	08af  :   000;
	08b0  :   000;
	08b1  :   000;
	08b2  :   000;
	08b3  :   000;
	08b4  :   000;
	08b5  :   000;
	08b6  :   000;
	08b7  :   000;
	08b8  :   000;
	08b9  :   000;
	08ba  :   000;
	08bb  :   000;
	08bc  :   000;
	08bd  :   000;
	08be  :   000;
	08bf  :   000;
	08c0  :   000;
	08c1  :   000;
	08c2  :   000;
	08c3  :   000;
	08c4  :   000;
	08c5  :   000;
	08c6  :   000;
	08c7  :   000;
	08c8  :   000;
	08c9  :   000;
	08ca  :   000;
	08cb  :   000;
	08cc  :   000;
	08cd  :   000;
	08ce  :   000;
	08cf  :   000;
	08d0  :   000;
	08d1  :   000;
	08d2  :   000;
	08d3  :   000;
	08d4  :   000;
	08d5  :   000;
	08d6  :   000;
	08d7  :   000;
	08d8  :   000;
	08d9  :   000;
	08da  :   000;
	08db  :   000;
	08dc  :   000;
	08dd  :   000;
	08de  :   000;
	08df  :   000;
	08e0  :   000;
	08e1  :   000;
	08e2  :   000;
	08e3  :   000;
	08e4  :   000;
	08e5  :   000;
	08e6  :   000;
	08e7  :   000;
	08e8  :   000;
	08e9  :   000;
	08ea  :   000;
	08eb  :   000;
	08ec  :   000;
	08ed  :   000;
	08ee  :   000;
	08ef  :   000;
	08f0  :   000;
	08f1  :   000;
	08f2  :   000;
	08f3  :   000;
	08f4  :   000;
	08f5  :   000;
	08f6  :   000;
	08f7  :   000;
	08f8  :   000;
	08f9  :   000;
	08fa  :   000;
	08fb  :   000;
	08fc  :   000;
	08fd  :   000;
	08fe  :   000;
	08ff  :   000;
	0900  :   000;
	0901  :   000;
	0902  :   000;
	0903  :   000;
	0904  :   000;
	0905  :   000;
	0906  :   000;
	0907  :   000;
	0908  :   000;
	0909  :   000;
	090a  :   000;
	090b  :   000;
	090c  :   000;
	090d  :   000;
	090e  :   000;
	090f  :   000;
	0910  :   000;
	0911  :   000;
	0912  :   000;
	0913  :   000;
	0914  :   000;
	0915  :   000;
	0916  :   000;
	0917  :   000;
	0918  :   000;
	0919  :   000;
	091a  :   000;
	091b  :   000;
	091c  :   000;
	091d  :   000;
	091e  :   000;
	091f  :   000;
	0920  :   000;
	0921  :   000;
	0922  :   000;
	0923  :   000;
	0924  :   000;
	0925  :   000;
	0926  :   000;
	0927  :   000;
	0928  :   000;
	0929  :   000;
	092a  :   000;
	092b  :   000;
	092c  :   000;
	092d  :   000;
	092e  :   000;
	092f  :   000;
	0930  :   000;
	0931  :   000;
	0932  :   000;
	0933  :   000;
	0934  :   000;
	0935  :   000;
	0936  :   000;
	0937  :   000;
	0938  :   000;
	0939  :   000;
	093a  :   000;
	093b  :   000;
	093c  :   000;
	093d  :   000;
	093e  :   000;
	093f  :   000;
	0940  :   000;
	0941  :   000;
	0942  :   000;
	0943  :   000;
	0944  :   000;
	0945  :   000;
	0946  :   000;
	0947  :   000;
	0948  :   000;
	0949  :   000;
	094a  :   000;
	094b  :   000;
	094c  :   000;
	094d  :   000;
	094e  :   000;
	094f  :   000;
	0950  :   000;
	0951  :   000;
	0952  :   000;
	0953  :   000;
	0954  :   000;
	0955  :   000;
	0956  :   000;
	0957  :   000;
	0958  :   000;
	0959  :   000;
	095a  :   000;
	095b  :   000;
	095c  :   000;
	095d  :   000;
	095e  :   000;
	095f  :   000;
	0960  :   000;
	0961  :   000;
	0962  :   000;
	0963  :   000;
	0964  :   000;
	0965  :   000;
	0966  :   000;
	0967  :   000;
	0968  :   000;
	0969  :   000;
	096a  :   000;
	096b  :   000;
	096c  :   000;
	096d  :   000;
	096e  :   000;
	096f  :   000;
	0970  :   000;
	0971  :   000;
	0972  :   000;
	0973  :   000;
	0974  :   000;
	0975  :   000;
	0976  :   000;
	0977  :   000;
	0978  :   000;
	0979  :   000;
	097a  :   000;
	097b  :   000;
	097c  :   000;
	097d  :   000;
	097e  :   000;
	097f  :   000;
	0980  :   000;
	0981  :   000;
	0982  :   000;
	0983  :   000;
	0984  :   000;
	0985  :   000;
	0986  :   000;
	0987  :   000;
	0988  :   000;
	0989  :   000;
	098a  :   000;
	098b  :   000;
	098c  :   000;
	098d  :   000;
	098e  :   000;
	098f  :   000;
	0990  :   000;
	0991  :   000;
	0992  :   000;
	0993  :   000;
	0994  :   000;
	0995  :   000;
	0996  :   000;
	0997  :   000;
	0998  :   000;
	0999  :   000;
	099a  :   000;
	099b  :   000;
	099c  :   000;
	099d  :   000;
	099e  :   000;
	099f  :   000;
	09a0  :   000;
	09a1  :   000;
	09a2  :   000;
	09a3  :   000;
	09a4  :   000;
	09a5  :   000;
	09a6  :   000;
	09a7  :   000;
	09a8  :   000;
	09a9  :   000;
	09aa  :   000;
	09ab  :   000;
	09ac  :   000;
	09ad  :   000;
	09ae  :   000;
	09af  :   000;
	09b0  :   000;
	09b1  :   000;
	09b2  :   000;
	09b3  :   000;
	09b4  :   000;
	09b5  :   000;
	09b6  :   000;
	09b7  :   000;
	09b8  :   000;
	09b9  :   000;
	09ba  :   000;
	09bb  :   000;
	09bc  :   000;
	09bd  :   000;
	09be  :   000;
	09bf  :   000;
	09c0  :   000;
	09c1  :   000;
	09c2  :   000;
	09c3  :   000;
	09c4  :   000;
	09c5  :   000;
	09c6  :   000;
	09c7  :   000;
	09c8  :   000;
	09c9  :   000;
	09ca  :   000;
	09cb  :   000;
	09cc  :   000;
	09cd  :   000;
	09ce  :   000;
	09cf  :   000;
	09d0  :   000;
	09d1  :   000;
	09d2  :   000;
	09d3  :   000;
	09d4  :   000;
	09d5  :   000;
	09d6  :   000;
	09d7  :   000;
	09d8  :   000;
	09d9  :   000;
	09da  :   000;
	09db  :   000;
	09dc  :   000;
	09dd  :   000;
	09de  :   000;
	09df  :   000;
	09e0  :   000;
	09e1  :   000;
	09e2  :   000;
	09e3  :   000;
	09e4  :   000;
	09e5  :   000;
	09e6  :   000;
	09e7  :   000;
	09e8  :   000;
	09e9  :   000;
	09ea  :   000;
	09eb  :   000;
	09ec  :   000;
	09ed  :   000;
	09ee  :   000;
	09ef  :   000;
	09f0  :   000;
	09f1  :   000;
	09f2  :   000;
	09f3  :   000;
	09f4  :   000;
	09f5  :   000;
	09f6  :   000;
	09f7  :   000;
	09f8  :   000;
	09f9  :   000;
	09fa  :   000;
	09fb  :   000;
	09fc  :   000;
	09fd  :   000;
	09fe  :   000;
	09ff  :   000;
	0a00  :   000;
	0a01  :   000;
	0a02  :   000;
	0a03  :   000;
	0a04  :   000;
	0a05  :   000;
	0a06  :   000;
	0a07  :   000;
	0a08  :   000;
	0a09  :   000;
	0a0a  :   000;
	0a0b  :   000;
	0a0c  :   000;
	0a0d  :   000;
	0a0e  :   000;
	0a0f  :   000;
	0a10  :   000;
	0a11  :   000;
	0a12  :   000;
	0a13  :   000;
	0a14  :   000;
	0a15  :   000;
	0a16  :   000;
	0a17  :   000;
	0a18  :   000;
	0a19  :   000;
	0a1a  :   000;
	0a1b  :   000;
	0a1c  :   000;
	0a1d  :   000;
	0a1e  :   000;
	0a1f  :   000;
	0a20  :   000;
	0a21  :   000;
	0a22  :   000;
	0a23  :   000;
	0a24  :   000;
	0a25  :   000;
	0a26  :   000;
	0a27  :   000;
	0a28  :   000;
	0a29  :   000;
	0a2a  :   000;
	0a2b  :   000;
	0a2c  :   000;
	0a2d  :   000;
	0a2e  :   000;
	0a2f  :   000;
	0a30  :   000;
	0a31  :   000;
	0a32  :   000;
	0a33  :   000;
	0a34  :   000;
	0a35  :   000;
	0a36  :   000;
	0a37  :   000;
	0a38  :   000;
	0a39  :   000;
	0a3a  :   000;
	0a3b  :   000;
	0a3c  :   000;
	0a3d  :   000;
	0a3e  :   000;
	0a3f  :   000;
	0a40  :   000;
	0a41  :   000;
	0a42  :   000;
	0a43  :   000;
	0a44  :   000;
	0a45  :   000;
	0a46  :   000;
	0a47  :   000;
	0a48  :   000;
	0a49  :   000;
	0a4a  :   000;
	0a4b  :   000;
	0a4c  :   000;
	0a4d  :   000;
	0a4e  :   000;
	0a4f  :   000;
	0a50  :   000;
	0a51  :   000;
	0a52  :   000;
	0a53  :   000;
	0a54  :   000;
	0a55  :   000;
	0a56  :   000;
	0a57  :   000;
	0a58  :   000;
	0a59  :   000;
	0a5a  :   000;
	0a5b  :   000;
	0a5c  :   000;
	0a5d  :   000;
	0a5e  :   000;
	0a5f  :   000;
	0a60  :   000;
	0a61  :   000;
	0a62  :   000;
	0a63  :   000;
	0a64  :   000;
	0a65  :   000;
	0a66  :   000;
	0a67  :   000;
	0a68  :   000;
	0a69  :   000;
	0a6a  :   000;
	0a6b  :   000;
	0a6c  :   000;
	0a6d  :   000;
	0a6e  :   000;
	0a6f  :   000;
	0a70  :   000;
	0a71  :   000;
	0a72  :   000;
	0a73  :   000;
	0a74  :   000;
	0a75  :   000;
	0a76  :   000;
	0a77  :   000;
	0a78  :   000;
	0a79  :   000;
	0a7a  :   000;
	0a7b  :   000;
	0a7c  :   000;
	0a7d  :   000;
	0a7e  :   000;
	0a7f  :   000;
	0a80  :   000;
	0a81  :   000;
	0a82  :   000;
	0a83  :   000;
	0a84  :   000;
	0a85  :   000;
	0a86  :   000;
	0a87  :   000;
	0a88  :   000;
	0a89  :   000;
	0a8a  :   000;
	0a8b  :   000;
	0a8c  :   000;
	0a8d  :   000;
	0a8e  :   000;
	0a8f  :   000;
	0a90  :   000;
	0a91  :   000;
	0a92  :   000;
	0a93  :   000;
	0a94  :   000;
	0a95  :   000;
	0a96  :   000;
	0a97  :   000;
	0a98  :   000;
	0a99  :   000;
	0a9a  :   000;
	0a9b  :   000;
	0a9c  :   000;
	0a9d  :   000;
	0a9e  :   000;
	0a9f  :   000;
	0aa0  :   000;
	0aa1  :   000;
	0aa2  :   000;
	0aa3  :   000;
	0aa4  :   000;
	0aa5  :   000;
	0aa6  :   000;
	0aa7  :   000;
	0aa8  :   000;
	0aa9  :   000;
	0aaa  :   000;
	0aab  :   000;
	0aac  :   000;
	0aad  :   000;
	0aae  :   000;
	0aaf  :   000;
	0ab0  :   000;
	0ab1  :   000;
	0ab2  :   000;
	0ab3  :   000;
	0ab4  :   000;
	0ab5  :   000;
	0ab6  :   000;
	0ab7  :   000;
	0ab8  :   000;
	0ab9  :   000;
	0aba  :   000;
	0abb  :   000;
	0abc  :   000;
	0abd  :   000;
	0abe  :   000;
	0abf  :   000;
	0ac0  :   000;
	0ac1  :   000;
	0ac2  :   000;
	0ac3  :   000;
	0ac4  :   000;
	0ac5  :   000;
	0ac6  :   000;
	0ac7  :   000;
	0ac8  :   000;
	0ac9  :   000;
	0aca  :   000;
	0acb  :   000;
	0acc  :   000;
	0acd  :   000;
	0ace  :   000;
	0acf  :   000;
	0ad0  :   000;
	0ad1  :   000;
	0ad2  :   000;
	0ad3  :   000;
	0ad4  :   000;
	0ad5  :   000;
	0ad6  :   000;
	0ad7  :   000;
	0ad8  :   000;
	0ad9  :   000;
	0ada  :   000;
	0adb  :   000;
	0adc  :   000;
	0add  :   000;
	0ade  :   000;
	0adf  :   000;
	0ae0  :   000;
	0ae1  :   000;
	0ae2  :   000;
	0ae3  :   000;
	0ae4  :   000;
	0ae5  :   000;
	0ae6  :   000;
	0ae7  :   000;
	0ae8  :   000;
	0ae9  :   000;
	0aea  :   000;
	0aeb  :   000;
	0aec  :   000;
	0aed  :   000;
	0aee  :   000;
	0aef  :   000;
	0af0  :   000;
	0af1  :   000;
	0af2  :   000;
	0af3  :   000;
	0af4  :   000;
	0af5  :   000;
	0af6  :   000;
	0af7  :   000;
	0af8  :   000;
	0af9  :   000;
	0afa  :   000;
	0afb  :   000;
	0afc  :   000;
	0afd  :   000;
	0afe  :   000;
	0aff  :   000;
	0b00  :   000;
	0b01  :   000;
	0b02  :   000;
	0b03  :   000;
	0b04  :   000;
	0b05  :   000;
	0b06  :   000;
	0b07  :   000;
	0b08  :   000;
	0b09  :   000;
	0b0a  :   000;
	0b0b  :   000;
	0b0c  :   000;
	0b0d  :   000;
	0b0e  :   000;
	0b0f  :   000;
	0b10  :   000;
	0b11  :   000;
	0b12  :   000;
	0b13  :   000;
	0b14  :   000;
	0b15  :   000;
	0b16  :   000;
	0b17  :   000;
	0b18  :   000;
	0b19  :   000;
	0b1a  :   000;
	0b1b  :   000;
	0b1c  :   000;
	0b1d  :   000;
	0b1e  :   000;
	0b1f  :   000;
	0b20  :   000;
	0b21  :   000;
	0b22  :   000;
	0b23  :   000;
	0b24  :   000;
	0b25  :   000;
	0b26  :   000;
	0b27  :   111;
	0b28  :   111;
	0b29  :   111;
	0b2a  :   111;
	0b2b  :   111;
	0b2c  :   111;
	0b2d  :   111;
	0b2e  :   111;
	0b2f  :   111;
	0b30  :   111;
	0b31  :   000;
	0b32  :   000;
	0b33  :   000;
	0b34  :   000;
	0b35  :   111;
	0b36  :   111;
	0b37  :   111;
	0b38  :   111;
	0b39  :   111;
	0b3a  :   111;
	0b3b  :   111;
	0b3c  :   111;
	0b3d  :   111;
	0b3e  :   000;
	0b3f  :   000;
	0b40  :   000;
	0b41  :   000;
	0b42  :   111;
	0b43  :   111;
	0b44  :   111;
	0b45  :   000;
	0b46  :   000;
	0b47  :   000;
	0b48  :   000;
	0b49  :   000;
	0b4a  :   000;
	0b4b  :   111;
	0b4c  :   111;
	0b4d  :   111;
	0b4e  :   000;
	0b4f  :   000;
	0b50  :   000;
	0b51  :   000;
	0b52  :   000;
	0b53  :   000;
	0b54  :   000;
	0b55  :   000;
	0b56  :   000;
	0b57  :   000;
	0b58  :   000;
	0b59  :   000;
	0b5a  :   000;
	0b5b  :   000;
	0b5c  :   000;
	0b5d  :   000;
	0b5e  :   000;
	0b5f  :   000;
	0b60  :   000;
	0b61  :   000;
	0b62  :   000;
	0b63  :   000;
	0b64  :   000;
	0b65  :   000;
	0b66  :   000;
	0b67  :   000;
	0b68  :   000;
	0b69  :   000;
	0b6a  :   000;
	0b6b  :   000;
	0b6c  :   000;
	0b6d  :   000;
	0b6e  :   000;
	0b6f  :   000;
	0b70  :   000;
	0b71  :   000;
	0b72  :   000;
	0b73  :   000;
	0b74  :   000;
	0b75  :   000;
	0b76  :   000;
	0b77  :   000;
	0b78  :   000;
	0b79  :   000;
	0b7a  :   000;
	0b7b  :   000;
	0b7c  :   000;
	0b7d  :   000;
	0b7e  :   000;
	0b7f  :   000;
	0b80  :   000;
	0b81  :   000;
	0b82  :   000;
	0b83  :   000;
	0b84  :   000;
	0b85  :   000;
	0b86  :   000;
	0b87  :   000;
	0b88  :   000;
	0b89  :   000;
	0b8a  :   000;
	0b8b  :   000;
	0b8c  :   000;
	0b8d  :   000;
	0b8e  :   000;
	0b8f  :   000;
	0b90  :   000;
	0b91  :   000;
	0b92  :   000;
	0b93  :   000;
	0b94  :   000;
	0b95  :   000;
	0b96  :   000;
	0b97  :   000;
	0b98  :   000;
	0b99  :   000;
	0b9a  :   000;
	0b9b  :   000;
	0b9c  :   000;
	0b9d  :   000;
	0b9e  :   000;
	0b9f  :   000;
	0ba0  :   000;
	0ba1  :   000;
	0ba2  :   000;
	0ba3  :   000;
	0ba4  :   000;
	0ba5  :   000;
	0ba6  :   111;
	0ba7  :   111;
	0ba8  :   111;
	0ba9  :   111;
	0baa  :   111;
	0bab  :   111;
	0bac  :   111;
	0bad  :   111;
	0bae  :   111;
	0baf  :   111;
	0bb0  :   111;
	0bb1  :   000;
	0bb2  :   000;
	0bb3  :   000;
	0bb4  :   111;
	0bb5  :   111;
	0bb6  :   111;
	0bb7  :   111;
	0bb8  :   111;
	0bb9  :   111;
	0bba  :   111;
	0bbb  :   111;
	0bbc  :   111;
	0bbd  :   111;
	0bbe  :   000;
	0bbf  :   000;
	0bc0  :   000;
	0bc1  :   111;
	0bc2  :   111;
	0bc3  :   111;
	0bc4  :   111;
	0bc5  :   111;
	0bc6  :   000;
	0bc7  :   000;
	0bc8  :   000;
	0bc9  :   000;
	0bca  :   111;
	0bcb  :   111;
	0bcc  :   111;
	0bcd  :   111;
	0bce  :   000;
	0bcf  :   000;
	0bd0  :   000;
	0bd1  :   000;
	0bd2  :   000;
	0bd3  :   000;
	0bd4  :   000;
	0bd5  :   000;
	0bd6  :   000;
	0bd7  :   000;
	0bd8  :   000;
	0bd9  :   000;
	0bda  :   000;
	0bdb  :   000;
	0bdc  :   000;
	0bdd  :   000;
	0bde  :   000;
	0bdf  :   000;
	0be0  :   000;
	0be1  :   000;
	0be2  :   000;
	0be3  :   000;
	0be4  :   000;
	0be5  :   000;
	0be6  :   000;
	0be7  :   000;
	0be8  :   000;
	0be9  :   000;
	0bea  :   000;
	0beb  :   000;
	0bec  :   000;
	0bed  :   000;
	0bee  :   000;
	0bef  :   000;
	0bf0  :   000;
	0bf1  :   000;
	0bf2  :   000;
	0bf3  :   000;
	0bf4  :   000;
	0bf5  :   000;
	0bf6  :   000;
	0bf7  :   000;
	0bf8  :   000;
	0bf9  :   000;
	0bfa  :   000;
	0bfb  :   000;
	0bfc  :   000;
	0bfd  :   000;
	0bfe  :   000;
	0bff  :   000;
	0c00  :   000;
	0c01  :   000;
	0c02  :   000;
	0c03  :   000;
	0c04  :   000;
	0c05  :   000;
	0c06  :   000;
	0c07  :   000;
	0c08  :   000;
	0c09  :   000;
	0c0a  :   000;
	0c0b  :   000;
	0c0c  :   000;
	0c0d  :   000;
	0c0e  :   000;
	0c0f  :   000;
	0c10  :   000;
	0c11  :   000;
	0c12  :   000;
	0c13  :   000;
	0c14  :   000;
	0c15  :   000;
	0c16  :   000;
	0c17  :   000;
	0c18  :   000;
	0c19  :   000;
	0c1a  :   000;
	0c1b  :   000;
	0c1c  :   000;
	0c1d  :   000;
	0c1e  :   000;
	0c1f  :   000;
	0c20  :   000;
	0c21  :   000;
	0c22  :   000;
	0c23  :   000;
	0c24  :   000;
	0c25  :   000;
	0c26  :   111;
	0c27  :   111;
	0c28  :   111;
	0c29  :   111;
	0c2a  :   111;
	0c2b  :   111;
	0c2c  :   111;
	0c2d  :   111;
	0c2e  :   111;
	0c2f  :   111;
	0c30  :   111;
	0c31  :   000;
	0c32  :   000;
	0c33  :   000;
	0c34  :   111;
	0c35  :   111;
	0c36  :   111;
	0c37  :   111;
	0c38  :   111;
	0c39  :   111;
	0c3a  :   111;
	0c3b  :   111;
	0c3c  :   111;
	0c3d  :   111;
	0c3e  :   000;
	0c3f  :   000;
	0c40  :   000;
	0c41  :   111;
	0c42  :   111;
	0c43  :   111;
	0c44  :   111;
	0c45  :   111;
	0c46  :   111;
	0c47  :   000;
	0c48  :   000;
	0c49  :   000;
	0c4a  :   111;
	0c4b  :   111;
	0c4c  :   111;
	0c4d  :   111;
	0c4e  :   000;
	0c4f  :   000;
	0c50  :   000;
	0c51  :   000;
	0c52  :   000;
	0c53  :   000;
	0c54  :   000;
	0c55  :   000;
	0c56  :   000;
	0c57  :   000;
	0c58  :   000;
	0c59  :   000;
	0c5a  :   000;
	0c5b  :   000;
	0c5c  :   000;
	0c5d  :   000;
	0c5e  :   000;
	0c5f  :   000;
	0c60  :   000;
	0c61  :   000;
	0c62  :   000;
	0c63  :   000;
	0c64  :   000;
	0c65  :   000;
	0c66  :   000;
	0c67  :   000;
	0c68  :   000;
	0c69  :   000;
	0c6a  :   000;
	0c6b  :   000;
	0c6c  :   000;
	0c6d  :   000;
	0c6e  :   000;
	0c6f  :   000;
	0c70  :   000;
	0c71  :   000;
	0c72  :   000;
	0c73  :   000;
	0c74  :   000;
	0c75  :   000;
	0c76  :   000;
	0c77  :   000;
	0c78  :   000;
	0c79  :   000;
	0c7a  :   000;
	0c7b  :   000;
	0c7c  :   000;
	0c7d  :   000;
	0c7e  :   000;
	0c7f  :   000;
	0c80  :   000;
	0c81  :   000;
	0c82  :   000;
	0c83  :   000;
	0c84  :   000;
	0c85  :   000;
	0c86  :   000;
	0c87  :   000;
	0c88  :   000;
	0c89  :   000;
	0c8a  :   000;
	0c8b  :   000;
	0c8c  :   000;
	0c8d  :   000;
	0c8e  :   000;
	0c8f  :   000;
	0c90  :   000;
	0c91  :   000;
	0c92  :   000;
	0c93  :   000;
	0c94  :   000;
	0c95  :   000;
	0c96  :   000;
	0c97  :   111;
	0c98  :   000;
	0c99  :   000;
	0c9a  :   000;
	0c9b  :   000;
	0c9c  :   000;
	0c9d  :   000;
	0c9e  :   000;
	0c9f  :   000;
	0ca0  :   000;
	0ca1  :   000;
	0ca2  :   000;
	0ca3  :   000;
	0ca4  :   000;
	0ca5  :   000;
	0ca6  :   000;
	0ca7  :   111;
	0ca8  :   111;
	0ca9  :   111;
	0caa  :   111;
	0cab  :   111;
	0cac  :   111;
	0cad  :   111;
	0cae  :   111;
	0caf  :   111;
	0cb0  :   111;
	0cb1  :   000;
	0cb2  :   000;
	0cb3  :   000;
	0cb4  :   111;
	0cb5  :   111;
	0cb6  :   111;
	0cb7  :   111;
	0cb8  :   111;
	0cb9  :   111;
	0cba  :   111;
	0cbb  :   111;
	0cbc  :   111;
	0cbd  :   111;
	0cbe  :   000;
	0cbf  :   000;
	0cc0  :   000;
	0cc1  :   111;
	0cc2  :   111;
	0cc3  :   111;
	0cc4  :   111;
	0cc5  :   111;
	0cc6  :   111;
	0cc7  :   000;
	0cc8  :   000;
	0cc9  :   000;
	0cca  :   111;
	0ccb  :   111;
	0ccc  :   111;
	0ccd  :   111;
	0cce  :   000;
	0ccf  :   000;
	0cd0  :   000;
	0cd1  :   000;
	0cd2  :   000;
	0cd3  :   000;
	0cd4  :   000;
	0cd5  :   000;
	0cd6  :   000;
	0cd7  :   000;
	0cd8  :   000;
	0cd9  :   000;
	0cda  :   000;
	0cdb  :   000;
	0cdc  :   000;
	0cdd  :   000;
	0cde  :   000;
	0cdf  :   000;
	0ce0  :   000;
	0ce1  :   000;
	0ce2  :   000;
	0ce3  :   000;
	0ce4  :   000;
	0ce5  :   000;
	0ce6  :   000;
	0ce7  :   000;
	0ce8  :   000;
	0ce9  :   000;
	0cea  :   000;
	0ceb  :   000;
	0cec  :   000;
	0ced  :   000;
	0cee  :   000;
	0cef  :   000;
	0cf0  :   000;
	0cf1  :   000;
	0cf2  :   000;
	0cf3  :   000;
	0cf4  :   000;
	0cf5  :   000;
	0cf6  :   000;
	0cf7  :   000;
	0cf8  :   000;
	0cf9  :   000;
	0cfa  :   000;
	0cfb  :   000;
	0cfc  :   000;
	0cfd  :   000;
	0cfe  :   000;
	0cff  :   000;
	0d00  :   000;
	0d01  :   000;
	0d02  :   000;
	0d03  :   000;
	0d04  :   000;
	0d05  :   000;
	0d06  :   000;
	0d07  :   000;
	0d08  :   000;
	0d09  :   000;
	0d0a  :   000;
	0d0b  :   000;
	0d0c  :   000;
	0d0d  :   000;
	0d0e  :   000;
	0d0f  :   000;
	0d10  :   000;
	0d11  :   000;
	0d12  :   000;
	0d13  :   000;
	0d14  :   000;
	0d15  :   000;
	0d16  :   000;
	0d17  :   111;
	0d18  :   111;
	0d19  :   111;
	0d1a  :   111;
	0d1b  :   000;
	0d1c  :   000;
	0d1d  :   000;
	0d1e  :   000;
	0d1f  :   000;
	0d20  :   000;
	0d21  :   000;
	0d22  :   000;
	0d23  :   000;
	0d24  :   000;
	0d25  :   000;
	0d26  :   000;
	0d27  :   000;
	0d28  :   000;
	0d29  :   000;
	0d2a  :   000;
	0d2b  :   000;
	0d2c  :   111;
	0d2d  :   111;
	0d2e  :   111;
	0d2f  :   111;
	0d30  :   000;
	0d31  :   000;
	0d32  :   000;
	0d33  :   000;
	0d34  :   111;
	0d35  :   111;
	0d36  :   111;
	0d37  :   111;
	0d38  :   000;
	0d39  :   000;
	0d3a  :   000;
	0d3b  :   000;
	0d3c  :   000;
	0d3d  :   000;
	0d3e  :   000;
	0d3f  :   000;
	0d40  :   000;
	0d41  :   111;
	0d42  :   111;
	0d43  :   111;
	0d44  :   111;
	0d45  :   111;
	0d46  :   111;
	0d47  :   111;
	0d48  :   000;
	0d49  :   000;
	0d4a  :   111;
	0d4b  :   111;
	0d4c  :   111;
	0d4d  :   111;
	0d4e  :   000;
	0d4f  :   000;
	0d50  :   000;
	0d51  :   000;
	0d52  :   000;
	0d53  :   000;
	0d54  :   000;
	0d55  :   000;
	0d56  :   000;
	0d57  :   000;
	0d58  :   000;
	0d59  :   000;
	0d5a  :   000;
	0d5b  :   000;
	0d5c  :   000;
	0d5d  :   000;
	0d5e  :   000;
	0d5f  :   000;
	0d60  :   000;
	0d61  :   000;
	0d62  :   000;
	0d63  :   000;
	0d64  :   000;
	0d65  :   000;
	0d66  :   000;
	0d67  :   000;
	0d68  :   000;
	0d69  :   000;
	0d6a  :   000;
	0d6b  :   000;
	0d6c  :   000;
	0d6d  :   000;
	0d6e  :   000;
	0d6f  :   000;
	0d70  :   000;
	0d71  :   000;
	0d72  :   000;
	0d73  :   000;
	0d74  :   000;
	0d75  :   000;
	0d76  :   000;
	0d77  :   000;
	0d78  :   000;
	0d79  :   000;
	0d7a  :   000;
	0d7b  :   000;
	0d7c  :   000;
	0d7d  :   000;
	0d7e  :   000;
	0d7f  :   000;
	0d80  :   000;
	0d81  :   000;
	0d82  :   000;
	0d83  :   000;
	0d84  :   000;
	0d85  :   000;
	0d86  :   000;
	0d87  :   000;
	0d88  :   000;
	0d89  :   000;
	0d8a  :   000;
	0d8b  :   000;
	0d8c  :   000;
	0d8d  :   000;
	0d8e  :   000;
	0d8f  :   000;
	0d90  :   000;
	0d91  :   000;
	0d92  :   000;
	0d93  :   000;
	0d94  :   000;
	0d95  :   000;
	0d96  :   000;
	0d97  :   111;
	0d98  :   111;
	0d99  :   111;
	0d9a  :   111;
	0d9b  :   111;
	0d9c  :   111;
	0d9d  :   000;
	0d9e  :   000;
	0d9f  :   000;
	0da0  :   000;
	0da1  :   000;
	0da2  :   000;
	0da3  :   000;
	0da4  :   000;
	0da5  :   000;
	0da6  :   000;
	0da7  :   000;
	0da8  :   000;
	0da9  :   000;
	0daa  :   000;
	0dab  :   111;
	0dac  :   111;
	0dad  :   111;
	0dae  :   111;
	0daf  :   111;
	0db0  :   000;
	0db1  :   000;
	0db2  :   000;
	0db3  :   000;
	0db4  :   111;
	0db5  :   111;
	0db6  :   111;
	0db7  :   111;
	0db8  :   000;
	0db9  :   000;
	0dba  :   000;
	0dbb  :   000;
	0dbc  :   000;
	0dbd  :   000;
	0dbe  :   000;
	0dbf  :   000;
	0dc0  :   000;
	0dc1  :   111;
	0dc2  :   111;
	0dc3  :   111;
	0dc4  :   111;
	0dc5  :   111;
	0dc6  :   111;
	0dc7  :   111;
	0dc8  :   000;
	0dc9  :   000;
	0dca  :   111;
	0dcb  :   111;
	0dcc  :   111;
	0dcd  :   111;
	0dce  :   000;
	0dcf  :   000;
	0dd0  :   000;
	0dd1  :   000;
	0dd2  :   000;
	0dd3  :   000;
	0dd4  :   000;
	0dd5  :   000;
	0dd6  :   000;
	0dd7  :   000;
	0dd8  :   000;
	0dd9  :   000;
	0dda  :   000;
	0ddb  :   000;
	0ddc  :   000;
	0ddd  :   000;
	0dde  :   000;
	0ddf  :   000;
	0de0  :   000;
	0de1  :   000;
	0de2  :   000;
	0de3  :   000;
	0de4  :   000;
	0de5  :   000;
	0de6  :   000;
	0de7  :   000;
	0de8  :   000;
	0de9  :   000;
	0dea  :   000;
	0deb  :   000;
	0dec  :   000;
	0ded  :   000;
	0dee  :   000;
	0def  :   000;
	0df0  :   000;
	0df1  :   000;
	0df2  :   000;
	0df3  :   000;
	0df4  :   000;
	0df5  :   000;
	0df6  :   000;
	0df7  :   000;
	0df8  :   000;
	0df9  :   000;
	0dfa  :   000;
	0dfb  :   000;
	0dfc  :   000;
	0dfd  :   000;
	0dfe  :   000;
	0dff  :   000;
	0e00  :   000;
	0e01  :   000;
	0e02  :   000;
	0e03  :   000;
	0e04  :   000;
	0e05  :   000;
	0e06  :   000;
	0e07  :   000;
	0e08  :   000;
	0e09  :   000;
	0e0a  :   000;
	0e0b  :   000;
	0e0c  :   000;
	0e0d  :   000;
	0e0e  :   000;
	0e0f  :   000;
	0e10  :   000;
	0e11  :   000;
	0e12  :   000;
	0e13  :   000;
	0e14  :   000;
	0e15  :   000;
	0e16  :   000;
	0e17  :   000;
	0e18  :   111;
	0e19  :   111;
	0e1a  :   111;
	0e1b  :   111;
	0e1c  :   111;
	0e1d  :   111;
	0e1e  :   111;
	0e1f  :   000;
	0e20  :   000;
	0e21  :   000;
	0e22  :   000;
	0e23  :   000;
	0e24  :   000;
	0e25  :   000;
	0e26  :   000;
	0e27  :   000;
	0e28  :   000;
	0e29  :   000;
	0e2a  :   000;
	0e2b  :   111;
	0e2c  :   111;
	0e2d  :   111;
	0e2e  :   111;
	0e2f  :   000;
	0e30  :   000;
	0e31  :   000;
	0e32  :   000;
	0e33  :   000;
	0e34  :   111;
	0e35  :   111;
	0e36  :   111;
	0e37  :   111;
	0e38  :   111;
	0e39  :   111;
	0e3a  :   111;
	0e3b  :   111;
	0e3c  :   000;
	0e3d  :   000;
	0e3e  :   000;
	0e3f  :   000;
	0e40  :   000;
	0e41  :   111;
	0e42  :   111;
	0e43  :   111;
	0e44  :   111;
	0e45  :   111;
	0e46  :   111;
	0e47  :   111;
	0e48  :   111;
	0e49  :   000;
	0e4a  :   111;
	0e4b  :   111;
	0e4c  :   111;
	0e4d  :   111;
	0e4e  :   000;
	0e4f  :   000;
	0e50  :   000;
	0e51  :   000;
	0e52  :   000;
	0e53  :   000;
	0e54  :   000;
	0e55  :   000;
	0e56  :   000;
	0e57  :   000;
	0e58  :   000;
	0e59  :   000;
	0e5a  :   000;
	0e5b  :   000;
	0e5c  :   000;
	0e5d  :   000;
	0e5e  :   000;
	0e5f  :   000;
	0e60  :   000;
	0e61  :   000;
	0e62  :   000;
	0e63  :   000;
	0e64  :   000;
	0e65  :   000;
	0e66  :   000;
	0e67  :   000;
	0e68  :   000;
	0e69  :   000;
	0e6a  :   000;
	0e6b  :   000;
	0e6c  :   000;
	0e6d  :   000;
	0e6e  :   000;
	0e6f  :   000;
	0e70  :   000;
	0e71  :   000;
	0e72  :   000;
	0e73  :   000;
	0e74  :   000;
	0e75  :   000;
	0e76  :   000;
	0e77  :   000;
	0e78  :   000;
	0e79  :   000;
	0e7a  :   000;
	0e7b  :   000;
	0e7c  :   000;
	0e7d  :   000;
	0e7e  :   000;
	0e7f  :   000;
	0e80  :   000;
	0e81  :   000;
	0e82  :   000;
	0e83  :   000;
	0e84  :   000;
	0e85  :   000;
	0e86  :   000;
	0e87  :   000;
	0e88  :   000;
	0e89  :   000;
	0e8a  :   000;
	0e8b  :   000;
	0e8c  :   111;
	0e8d  :   111;
	0e8e  :   111;
	0e8f  :   111;
	0e90  :   111;
	0e91  :   111;
	0e92  :   111;
	0e93  :   111;
	0e94  :   000;
	0e95  :   000;
	0e96  :   000;
	0e97  :   000;
	0e98  :   000;
	0e99  :   000;
	0e9a  :   000;
	0e9b  :   111;
	0e9c  :   111;
	0e9d  :   111;
	0e9e  :   111;
	0e9f  :   111;
	0ea0  :   111;
	0ea1  :   000;
	0ea2  :   000;
	0ea3  :   000;
	0ea4  :   000;
	0ea5  :   000;
	0ea6  :   000;
	0ea7  :   000;
	0ea8  :   000;
	0ea9  :   000;
	0eaa  :   111;
	0eab  :   111;
	0eac  :   111;
	0ead  :   111;
	0eae  :   111;
	0eaf  :   000;
	0eb0  :   000;
	0eb1  :   000;
	0eb2  :   000;
	0eb3  :   000;
	0eb4  :   111;
	0eb5  :   111;
	0eb6  :   111;
	0eb7  :   111;
	0eb8  :   111;
	0eb9  :   111;
	0eba  :   111;
	0ebb  :   111;
	0ebc  :   111;
	0ebd  :   000;
	0ebe  :   000;
	0ebf  :   000;
	0ec0  :   000;
	0ec1  :   111;
	0ec2  :   111;
	0ec3  :   111;
	0ec4  :   111;
	0ec5  :   111;
	0ec6  :   111;
	0ec7  :   111;
	0ec8  :   111;
	0ec9  :   000;
	0eca  :   111;
	0ecb  :   111;
	0ecc  :   111;
	0ecd  :   111;
	0ece  :   000;
	0ecf  :   000;
	0ed0  :   000;
	0ed1  :   000;
	0ed2  :   000;
	0ed3  :   000;
	0ed4  :   000;
	0ed5  :   000;
	0ed6  :   000;
	0ed7  :   000;
	0ed8  :   000;
	0ed9  :   000;
	0eda  :   000;
	0edb  :   000;
	0edc  :   000;
	0edd  :   000;
	0ede  :   000;
	0edf  :   000;
	0ee0  :   000;
	0ee1  :   000;
	0ee2  :   000;
	0ee3  :   000;
	0ee4  :   000;
	0ee5  :   000;
	0ee6  :   000;
	0ee7  :   000;
	0ee8  :   000;
	0ee9  :   000;
	0eea  :   000;
	0eeb  :   000;
	0eec  :   000;
	0eed  :   000;
	0eee  :   000;
	0eef  :   000;
	0ef0  :   000;
	0ef1  :   000;
	0ef2  :   000;
	0ef3  :   000;
	0ef4  :   000;
	0ef5  :   000;
	0ef6  :   000;
	0ef7  :   000;
	0ef8  :   000;
	0ef9  :   000;
	0efa  :   000;
	0efb  :   000;
	0efc  :   000;
	0efd  :   000;
	0efe  :   000;
	0eff  :   000;
	0f00  :   000;
	0f01  :   000;
	0f02  :   000;
	0f03  :   000;
	0f04  :   000;
	0f05  :   000;
	0f06  :   000;
	0f07  :   000;
	0f08  :   000;
	0f09  :   000;
	0f0a  :   000;
	0f0b  :   000;
	0f0c  :   111;
	0f0d  :   111;
	0f0e  :   111;
	0f0f  :   111;
	0f10  :   111;
	0f11  :   111;
	0f12  :   111;
	0f13  :   111;
	0f14  :   000;
	0f15  :   000;
	0f16  :   000;
	0f17  :   000;
	0f18  :   000;
	0f19  :   000;
	0f1a  :   000;
	0f1b  :   000;
	0f1c  :   000;
	0f1d  :   111;
	0f1e  :   111;
	0f1f  :   111;
	0f20  :   111;
	0f21  :   111;
	0f22  :   000;
	0f23  :   000;
	0f24  :   000;
	0f25  :   000;
	0f26  :   000;
	0f27  :   000;
	0f28  :   000;
	0f29  :   000;
	0f2a  :   111;
	0f2b  :   111;
	0f2c  :   111;
	0f2d  :   111;
	0f2e  :   000;
	0f2f  :   000;
	0f30  :   000;
	0f31  :   000;
	0f32  :   000;
	0f33  :   000;
	0f34  :   111;
	0f35  :   111;
	0f36  :   111;
	0f37  :   111;
	0f38  :   111;
	0f39  :   111;
	0f3a  :   111;
	0f3b  :   111;
	0f3c  :   111;
	0f3d  :   000;
	0f3e  :   000;
	0f3f  :   000;
	0f40  :   000;
	0f41  :   111;
	0f42  :   111;
	0f43  :   111;
	0f44  :   111;
	0f45  :   000;
	0f46  :   111;
	0f47  :   111;
	0f48  :   111;
	0f49  :   111;
	0f4a  :   111;
	0f4b  :   111;
	0f4c  :   111;
	0f4d  :   111;
	0f4e  :   000;
	0f4f  :   000;
	0f50  :   000;
	0f51  :   000;
	0f52  :   000;
	0f53  :   000;
	0f54  :   000;
	0f55  :   000;
	0f56  :   000;
	0f57  :   000;
	0f58  :   000;
	0f59  :   000;
	0f5a  :   000;
	0f5b  :   000;
	0f5c  :   000;
	0f5d  :   000;
	0f5e  :   000;
	0f5f  :   000;
	0f60  :   000;
	0f61  :   000;
	0f62  :   000;
	0f63  :   000;
	0f64  :   000;
	0f65  :   000;
	0f66  :   000;
	0f67  :   000;
	0f68  :   000;
	0f69  :   000;
	0f6a  :   000;
	0f6b  :   000;
	0f6c  :   000;
	0f6d  :   000;
	0f6e  :   000;
	0f6f  :   000;
	0f70  :   000;
	0f71  :   000;
	0f72  :   000;
	0f73  :   000;
	0f74  :   000;
	0f75  :   000;
	0f76  :   000;
	0f77  :   000;
	0f78  :   000;
	0f79  :   000;
	0f7a  :   000;
	0f7b  :   000;
	0f7c  :   000;
	0f7d  :   000;
	0f7e  :   000;
	0f7f  :   000;
	0f80  :   000;
	0f81  :   000;
	0f82  :   000;
	0f83  :   000;
	0f84  :   000;
	0f85  :   000;
	0f86  :   000;
	0f87  :   000;
	0f88  :   000;
	0f89  :   000;
	0f8a  :   000;
	0f8b  :   000;
	0f8c  :   111;
	0f8d  :   111;
	0f8e  :   111;
	0f8f  :   111;
	0f90  :   111;
	0f91  :   111;
	0f92  :   111;
	0f93  :   111;
	0f94  :   000;
	0f95  :   000;
	0f96  :   000;
	0f97  :   000;
	0f98  :   000;
	0f99  :   000;
	0f9a  :   000;
	0f9b  :   000;
	0f9c  :   111;
	0f9d  :   111;
	0f9e  :   111;
	0f9f  :   111;
	0fa0  :   111;
	0fa1  :   111;
	0fa2  :   000;
	0fa3  :   000;
	0fa4  :   000;
	0fa5  :   000;
	0fa6  :   000;
	0fa7  :   000;
	0fa8  :   000;
	0fa9  :   111;
	0faa  :   111;
	0fab  :   111;
	0fac  :   111;
	0fad  :   000;
	0fae  :   000;
	0faf  :   000;
	0fb0  :   000;
	0fb1  :   000;
	0fb2  :   000;
	0fb3  :   000;
	0fb4  :   111;
	0fb5  :   111;
	0fb6  :   111;
	0fb7  :   111;
	0fb8  :   111;
	0fb9  :   111;
	0fba  :   111;
	0fbb  :   111;
	0fbc  :   000;
	0fbd  :   000;
	0fbe  :   000;
	0fbf  :   000;
	0fc0  :   000;
	0fc1  :   111;
	0fc2  :   111;
	0fc3  :   111;
	0fc4  :   111;
	0fc5  :   000;
	0fc6  :   111;
	0fc7  :   111;
	0fc8  :   111;
	0fc9  :   111;
	0fca  :   111;
	0fcb  :   111;
	0fcc  :   111;
	0fcd  :   111;
	0fce  :   000;
	0fcf  :   000;
	0fd0  :   000;
	0fd1  :   000;
	0fd2  :   000;
	0fd3  :   000;
	0fd4  :   000;
	0fd5  :   000;
	0fd6  :   000;
	0fd7  :   000;
	0fd8  :   000;
	0fd9  :   000;
	0fda  :   000;
	0fdb  :   000;
	0fdc  :   000;
	0fdd  :   000;
	0fde  :   000;
	0fdf  :   000;
	0fe0  :   000;
	0fe1  :   000;
	0fe2  :   000;
	0fe3  :   000;
	0fe4  :   000;
	0fe5  :   000;
	0fe6  :   000;
	0fe7  :   000;
	0fe8  :   000;
	0fe9  :   000;
	0fea  :   000;
	0feb  :   000;
	0fec  :   000;
	0fed  :   000;
	0fee  :   000;
	0fef  :   000;
	0ff0  :   000;
	0ff1  :   000;
	0ff2  :   000;
	0ff3  :   000;
	0ff4  :   000;
	0ff5  :   000;
	0ff6  :   000;
	0ff7  :   000;
	0ff8  :   000;
	0ff9  :   000;
	0ffa  :   000;
	0ffb  :   000;
	0ffc  :   000;
	0ffd  :   000;
	0ffe  :   000;
	0fff  :   000;
	1000  :   000;
	1001  :   000;
	1002  :   000;
	1003  :   000;
	1004  :   000;
	1005  :   000;
	1006  :   000;
	1007  :   000;
	1008  :   000;
	1009  :   000;
	100a  :   000;
	100b  :   000;
	100c  :   000;
	100d  :   000;
	100e  :   000;
	100f  :   000;
	1010  :   000;
	1011  :   000;
	1012  :   000;
	1013  :   000;
	1014  :   000;
	1015  :   000;
	1016  :   000;
	1017  :   000;
	1018  :   000;
	1019  :   000;
	101a  :   111;
	101b  :   111;
	101c  :   111;
	101d  :   111;
	101e  :   111;
	101f  :   111;
	1020  :   111;
	1021  :   000;
	1022  :   000;
	1023  :   000;
	1024  :   000;
	1025  :   000;
	1026  :   000;
	1027  :   000;
	1028  :   111;
	1029  :   111;
	102a  :   111;
	102b  :   111;
	102c  :   111;
	102d  :   000;
	102e  :   000;
	102f  :   000;
	1030  :   000;
	1031  :   000;
	1032  :   000;
	1033  :   000;
	1034  :   111;
	1035  :   111;
	1036  :   111;
	1037  :   111;
	1038  :   000;
	1039  :   000;
	103a  :   000;
	103b  :   000;
	103c  :   000;
	103d  :   000;
	103e  :   000;
	103f  :   000;
	1040  :   000;
	1041  :   111;
	1042  :   111;
	1043  :   111;
	1044  :   111;
	1045  :   000;
	1046  :   000;
	1047  :   111;
	1048  :   111;
	1049  :   111;
	104a  :   111;
	104b  :   111;
	104c  :   111;
	104d  :   111;
	104e  :   000;
	104f  :   000;
	1050  :   000;
	1051  :   000;
	1052  :   000;
	1053  :   000;
	1054  :   000;
	1055  :   000;
	1056  :   000;
	1057  :   000;
	1058  :   000;
	1059  :   000;
	105a  :   000;
	105b  :   000;
	105c  :   000;
	105d  :   000;
	105e  :   000;
	105f  :   000;
	1060  :   000;
	1061  :   000;
	1062  :   000;
	1063  :   000;
	1064  :   000;
	1065  :   000;
	1066  :   000;
	1067  :   000;
	1068  :   000;
	1069  :   000;
	106a  :   000;
	106b  :   000;
	106c  :   000;
	106d  :   000;
	106e  :   000;
	106f  :   000;
	1070  :   000;
	1071  :   000;
	1072  :   000;
	1073  :   000;
	1074  :   000;
	1075  :   000;
	1076  :   000;
	1077  :   000;
	1078  :   000;
	1079  :   000;
	107a  :   000;
	107b  :   000;
	107c  :   000;
	107d  :   000;
	107e  :   000;
	107f  :   000;
	1080  :   000;
	1081  :   000;
	1082  :   000;
	1083  :   000;
	1084  :   000;
	1085  :   000;
	1086  :   000;
	1087  :   000;
	1088  :   000;
	1089  :   000;
	108a  :   000;
	108b  :   000;
	108c  :   000;
	108d  :   000;
	108e  :   000;
	108f  :   000;
	1090  :   000;
	1091  :   000;
	1092  :   000;
	1093  :   000;
	1094  :   000;
	1095  :   000;
	1096  :   000;
	1097  :   000;
	1098  :   111;
	1099  :   111;
	109a  :   111;
	109b  :   111;
	109c  :   111;
	109d  :   111;
	109e  :   111;
	109f  :   000;
	10a0  :   000;
	10a1  :   000;
	10a2  :   000;
	10a3  :   000;
	10a4  :   000;
	10a5  :   000;
	10a6  :   000;
	10a7  :   000;
	10a8  :   111;
	10a9  :   111;
	10aa  :   111;
	10ab  :   111;
	10ac  :   000;
	10ad  :   000;
	10ae  :   000;
	10af  :   000;
	10b0  :   000;
	10b1  :   000;
	10b2  :   000;
	10b3  :   000;
	10b4  :   111;
	10b5  :   111;
	10b6  :   111;
	10b7  :   111;
	10b8  :   000;
	10b9  :   000;
	10ba  :   000;
	10bb  :   000;
	10bc  :   000;
	10bd  :   000;
	10be  :   000;
	10bf  :   000;
	10c0  :   000;
	10c1  :   111;
	10c2  :   111;
	10c3  :   111;
	10c4  :   111;
	10c5  :   000;
	10c6  :   000;
	10c7  :   111;
	10c8  :   111;
	10c9  :   111;
	10ca  :   111;
	10cb  :   111;
	10cc  :   111;
	10cd  :   111;
	10ce  :   000;
	10cf  :   000;
	10d0  :   000;
	10d1  :   000;
	10d2  :   000;
	10d3  :   000;
	10d4  :   000;
	10d5  :   000;
	10d6  :   000;
	10d7  :   000;
	10d8  :   000;
	10d9  :   000;
	10da  :   000;
	10db  :   000;
	10dc  :   000;
	10dd  :   000;
	10de  :   000;
	10df  :   000;
	10e0  :   000;
	10e1  :   000;
	10e2  :   000;
	10e3  :   000;
	10e4  :   000;
	10e5  :   000;
	10e6  :   000;
	10e7  :   000;
	10e8  :   000;
	10e9  :   000;
	10ea  :   000;
	10eb  :   000;
	10ec  :   000;
	10ed  :   000;
	10ee  :   000;
	10ef  :   000;
	10f0  :   000;
	10f1  :   000;
	10f2  :   000;
	10f3  :   000;
	10f4  :   000;
	10f5  :   000;
	10f6  :   000;
	10f7  :   000;
	10f8  :   000;
	10f9  :   000;
	10fa  :   000;
	10fb  :   000;
	10fc  :   000;
	10fd  :   000;
	10fe  :   000;
	10ff  :   000;
	1100  :   000;
	1101  :   000;
	1102  :   000;
	1103  :   000;
	1104  :   000;
	1105  :   000;
	1106  :   000;
	1107  :   000;
	1108  :   000;
	1109  :   000;
	110a  :   000;
	110b  :   000;
	110c  :   000;
	110d  :   000;
	110e  :   000;
	110f  :   000;
	1110  :   000;
	1111  :   000;
	1112  :   000;
	1113  :   000;
	1114  :   000;
	1115  :   000;
	1116  :   000;
	1117  :   111;
	1118  :   111;
	1119  :   111;
	111a  :   111;
	111b  :   111;
	111c  :   000;
	111d  :   000;
	111e  :   000;
	111f  :   000;
	1120  :   000;
	1121  :   000;
	1122  :   000;
	1123  :   000;
	1124  :   000;
	1125  :   000;
	1126  :   000;
	1127  :   111;
	1128  :   111;
	1129  :   111;
	112a  :   111;
	112b  :   111;
	112c  :   000;
	112d  :   000;
	112e  :   000;
	112f  :   000;
	1130  :   000;
	1131  :   000;
	1132  :   000;
	1133  :   000;
	1134  :   111;
	1135  :   111;
	1136  :   111;
	1137  :   111;
	1138  :   000;
	1139  :   000;
	113a  :   000;
	113b  :   000;
	113c  :   000;
	113d  :   000;
	113e  :   000;
	113f  :   000;
	1140  :   000;
	1141  :   111;
	1142  :   111;
	1143  :   111;
	1144  :   111;
	1145  :   000;
	1146  :   000;
	1147  :   000;
	1148  :   111;
	1149  :   111;
	114a  :   111;
	114b  :   111;
	114c  :   111;
	114d  :   111;
	114e  :   000;
	114f  :   000;
	1150  :   000;
	1151  :   000;
	1152  :   000;
	1153  :   000;
	1154  :   000;
	1155  :   000;
	1156  :   000;
	1157  :   000;
	1158  :   000;
	1159  :   000;
	115a  :   000;
	115b  :   000;
	115c  :   000;
	115d  :   000;
	115e  :   000;
	115f  :   000;
	1160  :   000;
	1161  :   000;
	1162  :   000;
	1163  :   000;
	1164  :   000;
	1165  :   000;
	1166  :   000;
	1167  :   000;
	1168  :   000;
	1169  :   000;
	116a  :   000;
	116b  :   000;
	116c  :   000;
	116d  :   000;
	116e  :   000;
	116f  :   000;
	1170  :   000;
	1171  :   000;
	1172  :   000;
	1173  :   000;
	1174  :   000;
	1175  :   000;
	1176  :   000;
	1177  :   000;
	1178  :   000;
	1179  :   000;
	117a  :   000;
	117b  :   000;
	117c  :   000;
	117d  :   000;
	117e  :   000;
	117f  :   000;
	1180  :   000;
	1181  :   000;
	1182  :   000;
	1183  :   000;
	1184  :   000;
	1185  :   000;
	1186  :   000;
	1187  :   000;
	1188  :   000;
	1189  :   000;
	118a  :   000;
	118b  :   000;
	118c  :   000;
	118d  :   000;
	118e  :   000;
	118f  :   000;
	1190  :   000;
	1191  :   000;
	1192  :   000;
	1193  :   000;
	1194  :   000;
	1195  :   000;
	1196  :   000;
	1197  :   111;
	1198  :   111;
	1199  :   111;
	119a  :   000;
	119b  :   000;
	119c  :   000;
	119d  :   000;
	119e  :   000;
	119f  :   000;
	11a0  :   000;
	11a1  :   000;
	11a2  :   000;
	11a3  :   000;
	11a4  :   000;
	11a5  :   000;
	11a6  :   000;
	11a7  :   111;
	11a8  :   111;
	11a9  :   111;
	11aa  :   111;
	11ab  :   111;
	11ac  :   111;
	11ad  :   111;
	11ae  :   111;
	11af  :   111;
	11b0  :   111;
	11b1  :   000;
	11b2  :   000;
	11b3  :   000;
	11b4  :   111;
	11b5  :   111;
	11b6  :   111;
	11b7  :   111;
	11b8  :   111;
	11b9  :   111;
	11ba  :   111;
	11bb  :   111;
	11bc  :   111;
	11bd  :   000;
	11be  :   000;
	11bf  :   000;
	11c0  :   000;
	11c1  :   111;
	11c2  :   111;
	11c3  :   111;
	11c4  :   111;
	11c5  :   000;
	11c6  :   000;
	11c7  :   000;
	11c8  :   111;
	11c9  :   111;
	11ca  :   111;
	11cb  :   111;
	11cc  :   111;
	11cd  :   111;
	11ce  :   000;
	11cf  :   000;
	11d0  :   000;
	11d1  :   000;
	11d2  :   000;
	11d3  :   000;
	11d4  :   000;
	11d5  :   000;
	11d6  :   000;
	11d7  :   000;
	11d8  :   000;
	11d9  :   000;
	11da  :   000;
	11db  :   000;
	11dc  :   000;
	11dd  :   000;
	11de  :   000;
	11df  :   000;
	11e0  :   000;
	11e1  :   000;
	11e2  :   000;
	11e3  :   000;
	11e4  :   000;
	11e5  :   000;
	11e6  :   000;
	11e7  :   000;
	11e8  :   000;
	11e9  :   000;
	11ea  :   000;
	11eb  :   000;
	11ec  :   000;
	11ed  :   000;
	11ee  :   000;
	11ef  :   000;
	11f0  :   000;
	11f1  :   000;
	11f2  :   000;
	11f3  :   000;
	11f4  :   000;
	11f5  :   000;
	11f6  :   000;
	11f7  :   000;
	11f8  :   000;
	11f9  :   000;
	11fa  :   000;
	11fb  :   000;
	11fc  :   000;
	11fd  :   000;
	11fe  :   000;
	11ff  :   000;
	1200  :   000;
	1201  :   000;
	1202  :   000;
	1203  :   000;
	1204  :   000;
	1205  :   000;
	1206  :   000;
	1207  :   000;
	1208  :   000;
	1209  :   000;
	120a  :   000;
	120b  :   000;
	120c  :   000;
	120d  :   000;
	120e  :   000;
	120f  :   000;
	1210  :   000;
	1211  :   000;
	1212  :   000;
	1213  :   000;
	1214  :   000;
	1215  :   000;
	1216  :   000;
	1217  :   000;
	1218  :   000;
	1219  :   000;
	121a  :   000;
	121b  :   000;
	121c  :   000;
	121d  :   000;
	121e  :   000;
	121f  :   000;
	1220  :   000;
	1221  :   000;
	1222  :   000;
	1223  :   000;
	1224  :   000;
	1225  :   000;
	1226  :   111;
	1227  :   111;
	1228  :   111;
	1229  :   111;
	122a  :   111;
	122b  :   111;
	122c  :   111;
	122d  :   111;
	122e  :   111;
	122f  :   111;
	1230  :   111;
	1231  :   000;
	1232  :   000;
	1233  :   000;
	1234  :   111;
	1235  :   111;
	1236  :   111;
	1237  :   111;
	1238  :   111;
	1239  :   111;
	123a  :   111;
	123b  :   111;
	123c  :   111;
	123d  :   111;
	123e  :   000;
	123f  :   000;
	1240  :   000;
	1241  :   111;
	1242  :   111;
	1243  :   111;
	1244  :   111;
	1245  :   000;
	1246  :   000;
	1247  :   000;
	1248  :   000;
	1249  :   111;
	124a  :   111;
	124b  :   111;
	124c  :   111;
	124d  :   111;
	124e  :   000;
	124f  :   000;
	1250  :   000;
	1251  :   000;
	1252  :   000;
	1253  :   000;
	1254  :   000;
	1255  :   000;
	1256  :   000;
	1257  :   000;
	1258  :   000;
	1259  :   000;
	125a  :   000;
	125b  :   000;
	125c  :   000;
	125d  :   000;
	125e  :   000;
	125f  :   000;
	1260  :   000;
	1261  :   000;
	1262  :   000;
	1263  :   000;
	1264  :   000;
	1265  :   000;
	1266  :   000;
	1267  :   000;
	1268  :   000;
	1269  :   000;
	126a  :   000;
	126b  :   000;
	126c  :   000;
	126d  :   000;
	126e  :   000;
	126f  :   000;
	1270  :   000;
	1271  :   000;
	1272  :   000;
	1273  :   000;
	1274  :   000;
	1275  :   000;
	1276  :   000;
	1277  :   000;
	1278  :   000;
	1279  :   000;
	127a  :   000;
	127b  :   000;
	127c  :   000;
	127d  :   000;
	127e  :   000;
	127f  :   000;
	1280  :   000;
	1281  :   000;
	1282  :   000;
	1283  :   000;
	1284  :   000;
	1285  :   000;
	1286  :   000;
	1287  :   000;
	1288  :   000;
	1289  :   000;
	128a  :   000;
	128b  :   000;
	128c  :   000;
	128d  :   000;
	128e  :   000;
	128f  :   000;
	1290  :   000;
	1291  :   000;
	1292  :   000;
	1293  :   000;
	1294  :   000;
	1295  :   000;
	1296  :   000;
	1297  :   000;
	1298  :   000;
	1299  :   000;
	129a  :   000;
	129b  :   000;
	129c  :   000;
	129d  :   000;
	129e  :   000;
	129f  :   000;
	12a0  :   000;
	12a1  :   000;
	12a2  :   000;
	12a3  :   000;
	12a4  :   000;
	12a5  :   000;
	12a6  :   111;
	12a7  :   111;
	12a8  :   111;
	12a9  :   111;
	12aa  :   111;
	12ab  :   111;
	12ac  :   111;
	12ad  :   111;
	12ae  :   111;
	12af  :   111;
	12b0  :   111;
	12b1  :   111;
	12b2  :   000;
	12b3  :   000;
	12b4  :   111;
	12b5  :   111;
	12b6  :   111;
	12b7  :   111;
	12b8  :   111;
	12b9  :   111;
	12ba  :   111;
	12bb  :   111;
	12bc  :   111;
	12bd  :   111;
	12be  :   000;
	12bf  :   000;
	12c0  :   000;
	12c1  :   111;
	12c2  :   111;
	12c3  :   111;
	12c4  :   111;
	12c5  :   000;
	12c6  :   000;
	12c7  :   000;
	12c8  :   000;
	12c9  :   111;
	12ca  :   111;
	12cb  :   111;
	12cc  :   111;
	12cd  :   111;
	12ce  :   000;
	12cf  :   000;
	12d0  :   000;
	12d1  :   000;
	12d2  :   000;
	12d3  :   000;
	12d4  :   000;
	12d5  :   000;
	12d6  :   000;
	12d7  :   000;
	12d8  :   000;
	12d9  :   000;
	12da  :   000;
	12db  :   000;
	12dc  :   000;
	12dd  :   000;
	12de  :   000;
	12df  :   000;
	12e0  :   000;
	12e1  :   000;
	12e2  :   000;
	12e3  :   000;
	12e4  :   000;
	12e5  :   000;
	12e6  :   000;
	12e7  :   000;
	12e8  :   000;
	12e9  :   000;
	12ea  :   000;
	12eb  :   000;
	12ec  :   000;
	12ed  :   000;
	12ee  :   000;
	12ef  :   000;
	12f0  :   000;
	12f1  :   000;
	12f2  :   000;
	12f3  :   000;
	12f4  :   000;
	12f5  :   000;
	12f6  :   000;
	12f7  :   000;
	12f8  :   000;
	12f9  :   000;
	12fa  :   000;
	12fb  :   000;
	12fc  :   000;
	12fd  :   000;
	12fe  :   000;
	12ff  :   000;
	1300  :   000;
	1301  :   000;
	1302  :   000;
	1303  :   000;
	1304  :   000;
	1305  :   000;
	1306  :   000;
	1307  :   000;
	1308  :   000;
	1309  :   000;
	130a  :   000;
	130b  :   000;
	130c  :   000;
	130d  :   000;
	130e  :   000;
	130f  :   000;
	1310  :   000;
	1311  :   000;
	1312  :   000;
	1313  :   000;
	1314  :   000;
	1315  :   000;
	1316  :   000;
	1317  :   000;
	1318  :   000;
	1319  :   000;
	131a  :   000;
	131b  :   000;
	131c  :   000;
	131d  :   000;
	131e  :   000;
	131f  :   000;
	1320  :   000;
	1321  :   000;
	1322  :   000;
	1323  :   000;
	1324  :   000;
	1325  :   000;
	1326  :   000;
	1327  :   111;
	1328  :   111;
	1329  :   111;
	132a  :   111;
	132b  :   111;
	132c  :   111;
	132d  :   111;
	132e  :   111;
	132f  :   111;
	1330  :   111;
	1331  :   000;
	1332  :   000;
	1333  :   000;
	1334  :   000;
	1335  :   111;
	1336  :   111;
	1337  :   111;
	1338  :   111;
	1339  :   111;
	133a  :   111;
	133b  :   111;
	133c  :   111;
	133d  :   111;
	133e  :   000;
	133f  :   000;
	1340  :   000;
	1341  :   000;
	1342  :   111;
	1343  :   111;
	1344  :   111;
	1345  :   000;
	1346  :   000;
	1347  :   000;
	1348  :   000;
	1349  :   000;
	134a  :   111;
	134b  :   111;
	134c  :   111;
	134d  :   111;
	134e  :   000;
	134f  :   000;
	1350  :   000;
	1351  :   000;
	1352  :   000;
	1353  :   000;
	1354  :   000;
	1355  :   000;
	1356  :   000;
	1357  :   000;
	1358  :   000;
	1359  :   000;
	135a  :   000;
	135b  :   000;
	135c  :   000;
	135d  :   000;
	135e  :   000;
	135f  :   000;
	1360  :   000;
	1361  :   000;
	1362  :   000;
	1363  :   000;
	1364  :   000;
	1365  :   000;
	1366  :   000;
	1367  :   000;
	1368  :   000;
	1369  :   000;
	136a  :   000;
	136b  :   000;
	136c  :   000;
	136d  :   000;
	136e  :   000;
	136f  :   000;
	1370  :   000;
	1371  :   000;
	1372  :   000;
	1373  :   000;
	1374  :   000;
	1375  :   000;
	1376  :   000;
	1377  :   000;
	1378  :   000;
	1379  :   000;
	137a  :   000;
	137b  :   000;
	137c  :   000;
	137d  :   000;
	137e  :   000;
	137f  :   000;
	1380  :   000;
	1381  :   000;
	1382  :   000;
	1383  :   000;
	1384  :   000;
	1385  :   000;
	1386  :   000;
	1387  :   000;
	1388  :   000;
	1389  :   000;
	138a  :   000;
	138b  :   000;
	138c  :   000;
	138d  :   000;
	138e  :   000;
	138f  :   000;
	1390  :   000;
	1391  :   000;
	1392  :   000;
	1393  :   000;
	1394  :   000;
	1395  :   000;
	1396  :   000;
	1397  :   000;
	1398  :   000;
	1399  :   000;
	139a  :   000;
	139b  :   000;
	139c  :   000;
	139d  :   000;
	139e  :   000;
	139f  :   000;
	13a0  :   000;
	13a1  :   000;
	13a2  :   000;
	13a3  :   000;
	13a4  :   000;
	13a5  :   000;
	13a6  :   000;
	13a7  :   000;
	13a8  :   000;
	13a9  :   000;
	13aa  :   000;
	13ab  :   000;
	13ac  :   000;
	13ad  :   000;
	13ae  :   000;
	13af  :   000;
	13b0  :   000;
	13b1  :   000;
	13b2  :   000;
	13b3  :   000;
	13b4  :   000;
	13b5  :   000;
	13b6  :   000;
	13b7  :   000;
	13b8  :   000;
	13b9  :   000;
	13ba  :   000;
	13bb  :   000;
	13bc  :   000;
	13bd  :   000;
	13be  :   000;
	13bf  :   000;
	13c0  :   000;
	13c1  :   000;
	13c2  :   000;
	13c3  :   000;
	13c4  :   000;
	13c5  :   000;
	13c6  :   000;
	13c7  :   000;
	13c8  :   000;
	13c9  :   000;
	13ca  :   000;
	13cb  :   000;
	13cc  :   000;
	13cd  :   000;
	13ce  :   000;
	13cf  :   000;
	13d0  :   000;
	13d1  :   000;
	13d2  :   000;
	13d3  :   000;
	13d4  :   000;
	13d5  :   000;
	13d6  :   000;
	13d7  :   000;
	13d8  :   000;
	13d9  :   000;
	13da  :   000;
	13db  :   000;
	13dc  :   000;
	13dd  :   000;
	13de  :   000;
	13df  :   000;
	13e0  :   000;
	13e1  :   000;
	13e2  :   000;
	13e3  :   000;
	13e4  :   000;
	13e5  :   000;
	13e6  :   000;
	13e7  :   000;
	13e8  :   000;
	13e9  :   000;
	13ea  :   000;
	13eb  :   000;
	13ec  :   000;
	13ed  :   000;
	13ee  :   000;
	13ef  :   000;
	13f0  :   000;
	13f1  :   000;
	13f2  :   000;
	13f3  :   000;
	13f4  :   000;
	13f5  :   000;
	13f6  :   000;
	13f7  :   000;
	13f8  :   000;
	13f9  :   000;
	13fa  :   000;
	13fb  :   000;
	13fc  :   000;
	13fd  :   000;
	13fe  :   000;
	13ff  :   000;
	1400  :   000;
	1401  :   000;
	1402  :   000;
	1403  :   000;
	1404  :   000;
	1405  :   000;
	1406  :   000;
	1407  :   000;
	1408  :   000;
	1409  :   000;
	140a  :   000;
	140b  :   000;
	140c  :   000;
	140d  :   000;
	140e  :   000;
	140f  :   000;
	1410  :   000;
	1411  :   000;
	1412  :   000;
	1413  :   000;
	1414  :   000;
	1415  :   000;
	1416  :   000;
	1417  :   000;
	1418  :   000;
	1419  :   000;
	141a  :   000;
	141b  :   000;
	141c  :   000;
	141d  :   000;
	141e  :   000;
	141f  :   000;
	1420  :   000;
	1421  :   000;
	1422  :   000;
	1423  :   000;
	1424  :   000;
	1425  :   000;
	1426  :   000;
	1427  :   000;
	1428  :   000;
	1429  :   000;
	142a  :   000;
	142b  :   000;
	142c  :   000;
	142d  :   000;
	142e  :   000;
	142f  :   000;
	1430  :   000;
	1431  :   000;
	1432  :   000;
	1433  :   000;
	1434  :   000;
	1435  :   000;
	1436  :   000;
	1437  :   000;
	1438  :   000;
	1439  :   000;
	143a  :   000;
	143b  :   000;
	143c  :   000;
	143d  :   000;
	143e  :   000;
	143f  :   000;
	1440  :   000;
	1441  :   000;
	1442  :   000;
	1443  :   000;
	1444  :   000;
	1445  :   000;
	1446  :   000;
	1447  :   000;
	1448  :   000;
	1449  :   000;
	144a  :   000;
	144b  :   000;
	144c  :   000;
	144d  :   000;
	144e  :   000;
	144f  :   000;
	1450  :   000;
	1451  :   000;
	1452  :   000;
	1453  :   000;
	1454  :   000;
	1455  :   000;
	1456  :   000;
	1457  :   000;
	1458  :   000;
	1459  :   000;
	145a  :   000;
	145b  :   000;
	145c  :   000;
	145d  :   000;
	145e  :   000;
	145f  :   000;
	1460  :   000;
	1461  :   000;
	1462  :   000;
	1463  :   000;
	1464  :   000;
	1465  :   000;
	1466  :   000;
	1467  :   000;
	1468  :   000;
	1469  :   000;
	146a  :   000;
	146b  :   000;
	146c  :   000;
	146d  :   000;
	146e  :   000;
	146f  :   000;
	1470  :   000;
	1471  :   000;
	1472  :   000;
	1473  :   000;
	1474  :   000;
	1475  :   000;
	1476  :   000;
	1477  :   000;
	1478  :   000;
	1479  :   000;
	147a  :   000;
	147b  :   000;
	147c  :   000;
	147d  :   000;
	147e  :   000;
	147f  :   000;
	1480  :   000;
	1481  :   000;
	1482  :   000;
	1483  :   000;
	1484  :   000;
	1485  :   000;
	1486  :   000;
	1487  :   000;
	1488  :   000;
	1489  :   000;
	148a  :   000;
	148b  :   000;
	148c  :   000;
	148d  :   000;
	148e  :   000;
	148f  :   000;
	1490  :   000;
	1491  :   000;
	1492  :   000;
	1493  :   000;
	1494  :   000;
	1495  :   000;
	1496  :   000;
	1497  :   000;
	1498  :   000;
	1499  :   000;
	149a  :   000;
	149b  :   000;
	149c  :   000;
	149d  :   000;
	149e  :   000;
	149f  :   000;
	14a0  :   000;
	14a1  :   000;
	14a2  :   000;
	14a3  :   000;
	14a4  :   000;
	14a5  :   000;
	14a6  :   000;
	14a7  :   000;
	14a8  :   000;
	14a9  :   000;
	14aa  :   000;
	14ab  :   000;
	14ac  :   000;
	14ad  :   000;
	14ae  :   000;
	14af  :   000;
	14b0  :   000;
	14b1  :   000;
	14b2  :   000;
	14b3  :   000;
	14b4  :   000;
	14b5  :   000;
	14b6  :   000;
	14b7  :   000;
	14b8  :   000;
	14b9  :   000;
	14ba  :   000;
	14bb  :   000;
	14bc  :   000;
	14bd  :   000;
	14be  :   000;
	14bf  :   000;
	14c0  :   000;
	14c1  :   000;
	14c2  :   000;
	14c3  :   000;
	14c4  :   000;
	14c5  :   000;
	14c6  :   000;
	14c7  :   000;
	14c8  :   000;
	14c9  :   000;
	14ca  :   000;
	14cb  :   000;
	14cc  :   000;
	14cd  :   000;
	14ce  :   000;
	14cf  :   000;
	14d0  :   000;
	14d1  :   000;
	14d2  :   000;
	14d3  :   000;
	14d4  :   000;
	14d5  :   000;
	14d6  :   000;
	14d7  :   000;
	14d8  :   000;
	14d9  :   000;
	14da  :   000;
	14db  :   000;
	14dc  :   000;
	14dd  :   000;
	14de  :   000;
	14df  :   000;
	14e0  :   000;
	14e1  :   000;
	14e2  :   000;
	14e3  :   000;
	14e4  :   000;
	14e5  :   000;
	14e6  :   000;
	14e7  :   000;
	14e8  :   000;
	14e9  :   000;
	14ea  :   000;
	14eb  :   000;
	14ec  :   000;
	14ed  :   000;
	14ee  :   000;
	14ef  :   000;
	14f0  :   000;
	14f1  :   000;
	14f2  :   000;
	14f3  :   000;
	14f4  :   000;
	14f5  :   000;
	14f6  :   000;
	14f7  :   000;
	14f8  :   000;
	14f9  :   000;
	14fa  :   000;
	14fb  :   000;
	14fc  :   000;
	14fd  :   000;
	14fe  :   000;
	14ff  :   000;
	1500  :   000;
	1501  :   000;
	1502  :   000;
	1503  :   000;
	1504  :   000;
	1505  :   000;
	1506  :   000;
	1507  :   000;
	1508  :   000;
	1509  :   000;
	150a  :   000;
	150b  :   000;
	150c  :   000;
	150d  :   000;
	150e  :   000;
	150f  :   000;
	1510  :   000;
	1511  :   000;
	1512  :   000;
	1513  :   000;
	1514  :   000;
	1515  :   000;
	1516  :   000;
	1517  :   000;
	1518  :   000;
	1519  :   000;
	151a  :   000;
	151b  :   000;
	151c  :   000;
	151d  :   000;
	151e  :   000;
	151f  :   000;
	1520  :   000;
	1521  :   000;
	1522  :   000;
	1523  :   000;
	1524  :   000;
	1525  :   000;
	1526  :   000;
	1527  :   000;
	1528  :   000;
	1529  :   000;
	152a  :   000;
	152b  :   000;
	152c  :   000;
	152d  :   000;
	152e  :   000;
	152f  :   000;
	1530  :   000;
	1531  :   000;
	1532  :   000;
	1533  :   000;
	1534  :   000;
	1535  :   000;
	1536  :   000;
	1537  :   000;
	1538  :   000;
	1539  :   000;
	153a  :   000;
	153b  :   000;
	153c  :   000;
	153d  :   000;
	153e  :   000;
	153f  :   000;
	1540  :   000;
	1541  :   000;
	1542  :   000;
	1543  :   000;
	1544  :   000;
	1545  :   000;
	1546  :   000;
	1547  :   000;
	1548  :   000;
	1549  :   000;
	154a  :   000;
	154b  :   000;
	154c  :   000;
	154d  :   000;
	154e  :   000;
	154f  :   000;
	1550  :   000;
	1551  :   000;
	1552  :   000;
	1553  :   000;
	1554  :   000;
	1555  :   000;
	1556  :   000;
	1557  :   000;
	1558  :   000;
	1559  :   000;
	155a  :   000;
	155b  :   000;
	155c  :   000;
	155d  :   000;
	155e  :   000;
	155f  :   000;
	1560  :   000;
	1561  :   000;
	1562  :   000;
	1563  :   000;
	1564  :   000;
	1565  :   000;
	1566  :   000;
	1567  :   000;
	1568  :   000;
	1569  :   000;
	156a  :   000;
	156b  :   000;
	156c  :   000;
	156d  :   000;
	156e  :   000;
	156f  :   000;
	1570  :   000;
	1571  :   000;
	1572  :   000;
	1573  :   000;
	1574  :   000;
	1575  :   000;
	1576  :   000;
	1577  :   000;
	1578  :   000;
	1579  :   000;
	157a  :   000;
	157b  :   000;
	157c  :   000;
	157d  :   000;
	157e  :   000;
	157f  :   000;
	1580  :   000;
	1581  :   000;
	1582  :   000;
	1583  :   000;
	1584  :   000;
	1585  :   000;
	1586  :   000;
	1587  :   000;
	1588  :   000;
	1589  :   000;
	158a  :   000;
	158b  :   000;
	158c  :   000;
	158d  :   000;
	158e  :   000;
	158f  :   000;
	1590  :   000;
	1591  :   000;
	1592  :   000;
	1593  :   000;
	1594  :   000;
	1595  :   000;
	1596  :   000;
	1597  :   000;
	1598  :   000;
	1599  :   000;
	159a  :   000;
	159b  :   000;
	159c  :   000;
	159d  :   000;
	159e  :   000;
	159f  :   000;
	15a0  :   000;
	15a1  :   000;
	15a2  :   000;
	15a3  :   000;
	15a4  :   000;
	15a5  :   000;
	15a6  :   000;
	15a7  :   000;
	15a8  :   000;
	15a9  :   000;
	15aa  :   000;
	15ab  :   000;
	15ac  :   000;
	15ad  :   000;
	15ae  :   000;
	15af  :   000;
	15b0  :   000;
	15b1  :   000;
	15b2  :   000;
	15b3  :   000;
	15b4  :   000;
	15b5  :   000;
	15b6  :   000;
	15b7  :   000;
	15b8  :   000;
	15b9  :   000;
	15ba  :   000;
	15bb  :   000;
	15bc  :   000;
	15bd  :   000;
	15be  :   000;
	15bf  :   000;
	15c0  :   000;
	15c1  :   000;
	15c2  :   000;
	15c3  :   000;
	15c4  :   000;
	15c5  :   000;
	15c6  :   000;
	15c7  :   000;
	15c8  :   000;
	15c9  :   000;
	15ca  :   000;
	15cb  :   000;
	15cc  :   000;
	15cd  :   000;
	15ce  :   000;
	15cf  :   000;
	15d0  :   000;
	15d1  :   000;
	15d2  :   000;
	15d3  :   000;
	15d4  :   000;
	15d5  :   000;
	15d6  :   000;
	15d7  :   000;
	15d8  :   000;
	15d9  :   000;
	15da  :   000;
	15db  :   000;
	15dc  :   000;
	15dd  :   000;
	15de  :   000;
	15df  :   000;
	15e0  :   000;
	15e1  :   000;
	15e2  :   000;
	15e3  :   000;
	15e4  :   000;
	15e5  :   000;
	15e6  :   000;
	15e7  :   000;
	15e8  :   000;
	15e9  :   000;
	15ea  :   000;
	15eb  :   000;
	15ec  :   000;
	15ed  :   000;
	15ee  :   000;
	15ef  :   000;
	15f0  :   000;
	15f1  :   000;
	15f2  :   000;
	15f3  :   000;
	15f4  :   000;
	15f5  :   000;
	15f6  :   000;
	15f7  :   000;
	15f8  :   000;
	15f9  :   000;
	15fa  :   000;
	15fb  :   000;
	15fc  :   000;
	15fd  :   000;
	15fe  :   000;
	15ff  :   000;
	1600  :   000;
	1601  :   000;
	1602  :   000;
	1603  :   000;
	1604  :   000;
	1605  :   000;
	1606  :   000;
	1607  :   000;
	1608  :   000;
	1609  :   000;
	160a  :   000;
	160b  :   000;
	160c  :   000;
	160d  :   000;
	160e  :   000;
	160f  :   000;
	1610  :   000;
	1611  :   000;
	1612  :   000;
	1613  :   000;
	1614  :   000;
	1615  :   000;
	1616  :   000;
	1617  :   000;
	1618  :   000;
	1619  :   000;
	161a  :   000;
	161b  :   000;
	161c  :   000;
	161d  :   000;
	161e  :   000;
	161f  :   000;
	1620  :   000;
	1621  :   000;
	1622  :   000;
	1623  :   000;
	1624  :   000;
	1625  :   000;
	1626  :   000;
	1627  :   000;
	1628  :   000;
	1629  :   000;
	162a  :   000;
	162b  :   000;
	162c  :   000;
	162d  :   000;
	162e  :   000;
	162f  :   000;
	1630  :   000;
	1631  :   000;
	1632  :   000;
	1633  :   000;
	1634  :   000;
	1635  :   000;
	1636  :   000;
	1637  :   000;
	1638  :   000;
	1639  :   000;
	163a  :   000;
	163b  :   000;
	163c  :   000;
	163d  :   000;
	163e  :   000;
	163f  :   000;
	1640  :   000;
	1641  :   000;
	1642  :   000;
	1643  :   000;
	1644  :   000;
	1645  :   000;
	1646  :   000;
	1647  :   000;
	1648  :   000;
	1649  :   000;
	164a  :   000;
	164b  :   000;
	164c  :   000;
	164d  :   000;
	164e  :   000;
	164f  :   000;
	1650  :   000;
	1651  :   000;
	1652  :   000;
	1653  :   000;
	1654  :   000;
	1655  :   000;
	1656  :   000;
	1657  :   000;
	1658  :   000;
	1659  :   000;
	165a  :   000;
	165b  :   000;
	165c  :   000;
	165d  :   000;
	165e  :   000;
	165f  :   000;
	1660  :   000;
	1661  :   000;
	1662  :   000;
	1663  :   000;
	1664  :   000;
	1665  :   000;
	1666  :   000;
	1667  :   000;
	1668  :   000;
	1669  :   000;
	166a  :   000;
	166b  :   000;
	166c  :   000;
	166d  :   000;
	166e  :   000;
	166f  :   000;
	1670  :   000;
	1671  :   000;
	1672  :   000;
	1673  :   000;
	1674  :   000;
	1675  :   000;
	1676  :   000;
	1677  :   000;
	1678  :   000;
	1679  :   000;
	167a  :   000;
	167b  :   000;
	167c  :   000;
	167d  :   000;
	167e  :   000;
	167f  :   000;
	1680  :   000;
	1681  :   000;
	1682  :   000;
	1683  :   000;
	1684  :   000;
	1685  :   000;
	1686  :   000;
	1687  :   000;
	1688  :   000;
	1689  :   000;
	168a  :   000;
	168b  :   000;
	168c  :   000;
	168d  :   000;
	168e  :   000;
	168f  :   000;
	1690  :   000;
	1691  :   000;
	1692  :   000;
	1693  :   000;
	1694  :   000;
	1695  :   000;
	1696  :   000;
	1697  :   000;
	1698  :   000;
	1699  :   000;
	169a  :   000;
	169b  :   000;
	169c  :   000;
	169d  :   000;
	169e  :   000;
	169f  :   000;
	16a0  :   000;
	16a1  :   000;
	16a2  :   000;
	16a3  :   000;
	16a4  :   000;
	16a5  :   000;
	16a6  :   000;
	16a7  :   000;
	16a8  :   000;
	16a9  :   000;
	16aa  :   000;
	16ab  :   000;
	16ac  :   000;
	16ad  :   000;
	16ae  :   000;
	16af  :   000;
	16b0  :   000;
	16b1  :   000;
	16b2  :   000;
	16b3  :   000;
	16b4  :   000;
	16b5  :   000;
	16b6  :   000;
	16b7  :   000;
	16b8  :   000;
	16b9  :   000;
	16ba  :   000;
	16bb  :   000;
	16bc  :   000;
	16bd  :   000;
	16be  :   000;
	16bf  :   000;
	16c0  :   000;
	16c1  :   000;
	16c2  :   000;
	16c3  :   000;
	16c4  :   000;
	16c5  :   000;
	16c6  :   000;
	16c7  :   000;
	16c8  :   000;
	16c9  :   000;
	16ca  :   000;
	16cb  :   000;
	16cc  :   000;
	16cd  :   000;
	16ce  :   000;
	16cf  :   000;
	16d0  :   000;
	16d1  :   000;
	16d2  :   000;
	16d3  :   000;
	16d4  :   000;
	16d5  :   000;
	16d6  :   000;
	16d7  :   000;
	16d8  :   000;
	16d9  :   000;
	16da  :   000;
	16db  :   000;
	16dc  :   000;
	16dd  :   000;
	16de  :   000;
	16df  :   000;
	16e0  :   000;
	16e1  :   000;
	16e2  :   000;
	16e3  :   000;
	16e4  :   000;
	16e5  :   000;
	16e6  :   000;
	16e7  :   000;
	16e8  :   000;
	16e9  :   000;
	16ea  :   000;
	16eb  :   000;
	16ec  :   000;
	16ed  :   000;
	16ee  :   000;
	16ef  :   000;
	16f0  :   000;
	16f1  :   000;
	16f2  :   000;
	16f3  :   000;
	16f4  :   000;
	16f5  :   000;
	16f6  :   000;
	16f7  :   000;
	16f8  :   000;
	16f9  :   000;
	16fa  :   000;
	16fb  :   000;
	16fc  :   000;
	16fd  :   000;
	16fe  :   000;
	16ff  :   000;
	1700  :   000;
	1701  :   000;
	1702  :   000;
	1703  :   000;
	1704  :   000;
	1705  :   000;
	1706  :   000;
	1707  :   000;
	1708  :   000;
	1709  :   000;
	170a  :   000;
	170b  :   000;
	170c  :   000;
	170d  :   000;
	170e  :   000;
	170f  :   000;
	1710  :   000;
	1711  :   000;
	1712  :   000;
	1713  :   000;
	1714  :   000;
	1715  :   000;
	1716  :   000;
	1717  :   000;
	1718  :   000;
	1719  :   000;
	171a  :   000;
	171b  :   000;
	171c  :   000;
	171d  :   000;
	171e  :   000;
	171f  :   000;
	1720  :   000;
	1721  :   000;
	1722  :   000;
	1723  :   000;
	1724  :   000;
	1725  :   000;
	1726  :   000;
	1727  :   000;
	1728  :   000;
	1729  :   000;
	172a  :   000;
	172b  :   000;
	172c  :   000;
	172d  :   000;
	172e  :   000;
	172f  :   000;
	1730  :   000;
	1731  :   000;
	1732  :   000;
	1733  :   000;
	1734  :   000;
	1735  :   000;
	1736  :   000;
	1737  :   000;
	1738  :   000;
	1739  :   000;
	173a  :   000;
	173b  :   000;
	173c  :   000;
	173d  :   000;
	173e  :   000;
	173f  :   000;
	1740  :   000;
	1741  :   000;
	1742  :   000;
	1743  :   000;
	1744  :   000;
	1745  :   000;
	1746  :   000;
	1747  :   000;
	1748  :   000;
	1749  :   000;
	174a  :   000;
	174b  :   000;
	174c  :   000;
	174d  :   000;
	174e  :   000;
	174f  :   000;
	1750  :   000;
	1751  :   000;
	1752  :   000;
	1753  :   000;
	1754  :   000;
	1755  :   000;
	1756  :   000;
	1757  :   000;
	1758  :   000;
	1759  :   000;
	175a  :   000;
	175b  :   000;
	175c  :   000;
	175d  :   000;
	175e  :   000;
	175f  :   000;
	1760  :   000;
	1761  :   000;
	1762  :   000;
	1763  :   000;
	1764  :   000;
	1765  :   000;
	1766  :   000;
	1767  :   000;
	1768  :   000;
	1769  :   000;
	176a  :   000;
	176b  :   000;
	176c  :   000;
	176d  :   000;
	176e  :   000;
	176f  :   000;
	1770  :   000;
	1771  :   000;
	1772  :   000;
	1773  :   000;
	1774  :   000;
	1775  :   000;
	1776  :   000;
	1777  :   000;
	1778  :   000;
	1779  :   000;
	177a  :   000;
	177b  :   000;
	177c  :   000;
	177d  :   000;
	177e  :   000;
	177f  :   000;
	1780  :   000;
	1781  :   000;
	1782  :   000;
	1783  :   000;
	1784  :   000;
	1785  :   000;
	1786  :   000;
	1787  :   000;
	1788  :   000;
	1789  :   000;
	178a  :   000;
	178b  :   000;
	178c  :   000;
	178d  :   000;
	178e  :   000;
	178f  :   000;
	1790  :   000;
	1791  :   000;
	1792  :   000;
	1793  :   000;
	1794  :   000;
	1795  :   000;
	1796  :   000;
	1797  :   000;
	1798  :   000;
	1799  :   000;
	179a  :   000;
	179b  :   000;
	179c  :   000;
	179d  :   000;
	179e  :   000;
	179f  :   000;
	17a0  :   000;
	17a1  :   000;
	17a2  :   000;
	17a3  :   000;
	17a4  :   000;
	17a5  :   000;
	17a6  :   000;
	17a7  :   000;
	17a8  :   000;
	17a9  :   000;
	17aa  :   000;
	17ab  :   000;
	17ac  :   000;
	17ad  :   000;
	17ae  :   000;
	17af  :   000;
	17b0  :   000;
	17b1  :   000;
	17b2  :   000;
	17b3  :   000;
	17b4  :   000;
	17b5  :   000;
	17b6  :   000;
	17b7  :   000;
	17b8  :   000;
	17b9  :   000;
	17ba  :   000;
	17bb  :   000;
	17bc  :   000;
	17bd  :   000;
	17be  :   000;
	17bf  :   000;
	17c0  :   000;
	17c1  :   000;
	17c2  :   000;
	17c3  :   000;
	17c4  :   000;
	17c5  :   000;
	17c6  :   000;
	17c7  :   000;
	17c8  :   000;
	17c9  :   000;
	17ca  :   000;
	17cb  :   000;
	17cc  :   000;
	17cd  :   000;
	17ce  :   000;
	17cf  :   000;
	17d0  :   000;
	17d1  :   000;
	17d2  :   000;
	17d3  :   000;
	17d4  :   000;
	17d5  :   000;
	17d6  :   000;
	17d7  :   000;
	17d8  :   000;
	17d9  :   000;
	17da  :   000;
	17db  :   000;
	17dc  :   000;
	17dd  :   000;
	17de  :   000;
	17df  :   000;
	17e0  :   000;
	17e1  :   000;
	17e2  :   000;
	17e3  :   000;
	17e4  :   000;
	17e5  :   000;
	17e6  :   000;
	17e7  :   000;
	17e8  :   000;
	17e9  :   000;
	17ea  :   000;
	17eb  :   000;
	17ec  :   000;
	17ed  :   000;
	17ee  :   000;
	17ef  :   000;
	17f0  :   000;
	17f1  :   000;
	17f2  :   000;
	17f3  :   000;
	17f4  :   000;
	17f5  :   000;
	17f6  :   000;
	17f7  :   000;
	17f8  :   000;
	17f9  :   000;
	17fa  :   000;
	17fb  :   000;
	17fc  :   000;
	17fd  :   000;
	17fe  :   000;
	17ff  :   000;
	1800  :   000;
	1801  :   000;
	1802  :   000;
	1803  :   000;
	1804  :   000;
	1805  :   000;
	1806  :   000;
	1807  :   000;
	1808  :   000;
	1809  :   000;
	180a  :   000;
	180b  :   000;
	180c  :   000;
	180d  :   000;
	180e  :   000;
	180f  :   000;
	1810  :   000;
	1811  :   000;
	1812  :   000;
	1813  :   000;
	1814  :   000;
	1815  :   000;
	1816  :   000;
	1817  :   000;
	1818  :   000;
	1819  :   000;
	181a  :   000;
	181b  :   000;
	181c  :   000;
	181d  :   000;
	181e  :   000;
	181f  :   000;
	1820  :   000;
	1821  :   000;
	1822  :   000;
	1823  :   000;
	1824  :   000;
	1825  :   000;
	1826  :   000;
	1827  :   000;
	1828  :   000;
	1829  :   000;
	182a  :   000;
	182b  :   000;
	182c  :   000;
	182d  :   000;
	182e  :   000;
	182f  :   000;
	1830  :   000;
	1831  :   000;
	1832  :   000;
	1833  :   000;
	1834  :   000;
	1835  :   000;
	1836  :   000;
	1837  :   000;
	1838  :   000;
	1839  :   000;
	183a  :   000;
	183b  :   000;
	183c  :   000;
	183d  :   000;
	183e  :   000;
	183f  :   000;
	1840  :   000;
	1841  :   000;
	1842  :   000;
	1843  :   000;
	1844  :   000;
	1845  :   000;
	1846  :   000;
	1847  :   000;
	1848  :   000;
	1849  :   000;
	184a  :   000;
	184b  :   000;
	184c  :   000;
	184d  :   000;
	184e  :   000;
	184f  :   000;
	1850  :   000;
	1851  :   000;
	1852  :   000;
	1853  :   000;
	1854  :   000;
	1855  :   000;
	1856  :   000;
	1857  :   000;
	1858  :   000;
	1859  :   000;
	185a  :   000;
	185b  :   000;
	185c  :   000;
	185d  :   000;
	185e  :   000;
	185f  :   000;
	1860  :   000;
	1861  :   000;
	1862  :   000;
	1863  :   000;
	1864  :   000;
	1865  :   000;
	1866  :   000;
	1867  :   000;
	1868  :   000;
	1869  :   000;
	186a  :   000;
	186b  :   000;
	186c  :   000;
	186d  :   000;
	186e  :   000;
	186f  :   000;
	1870  :   000;
	1871  :   000;
	1872  :   000;
	1873  :   000;
	1874  :   000;
	1875  :   000;
	1876  :   000;
	1877  :   000;
	1878  :   000;
	1879  :   000;
	187a  :   000;
	187b  :   000;
	187c  :   000;
	187d  :   000;
	187e  :   000;
	187f  :   000;
	1880  :   000;
	1881  :   000;
	1882  :   000;
	1883  :   000;
	1884  :   000;
	1885  :   000;
	1886  :   000;
	1887  :   000;
	1888  :   000;
	1889  :   000;
	188a  :   000;
	188b  :   000;
	188c  :   000;
	188d  :   000;
	188e  :   000;
	188f  :   000;
	1890  :   000;
	1891  :   000;
	1892  :   000;
	1893  :   000;
	1894  :   000;
	1895  :   000;
	1896  :   000;
	1897  :   000;
	1898  :   000;
	1899  :   000;
	189a  :   000;
	189b  :   000;
	189c  :   000;
	189d  :   000;
	189e  :   000;
	189f  :   000;
	18a0  :   000;
	18a1  :   000;
	18a2  :   000;
	18a3  :   000;
	18a4  :   000;
	18a5  :   000;
	18a6  :   000;
	18a7  :   000;
	18a8  :   000;
	18a9  :   000;
	18aa  :   000;
	18ab  :   000;
	18ac  :   000;
	18ad  :   000;
	18ae  :   000;
	18af  :   000;
	18b0  :   000;
	18b1  :   000;
	18b2  :   000;
	18b3  :   000;
	18b4  :   000;
	18b5  :   000;
	18b6  :   000;
	18b7  :   000;
	18b8  :   000;
	18b9  :   000;
	18ba  :   000;
	18bb  :   000;
	18bc  :   000;
	18bd  :   000;
	18be  :   000;
	18bf  :   000;
	18c0  :   000;
	18c1  :   000;
	18c2  :   000;
	18c3  :   000;
	18c4  :   000;
	18c5  :   000;
	18c6  :   000;
	18c7  :   000;
	18c8  :   000;
	18c9  :   000;
	18ca  :   000;
	18cb  :   000;
	18cc  :   000;
	18cd  :   000;
	18ce  :   000;
	18cf  :   000;
	18d0  :   000;
	18d1  :   000;
	18d2  :   000;
	18d3  :   000;
	18d4  :   000;
	18d5  :   000;
	18d6  :   000;
	18d7  :   000;
	18d8  :   000;
	18d9  :   000;
	18da  :   000;
	18db  :   000;
	18dc  :   000;
	18dd  :   000;
	18de  :   000;
	18df  :   000;
	18e0  :   000;
	18e1  :   000;
	18e2  :   000;
	18e3  :   000;
	18e4  :   000;
	18e5  :   000;
	18e6  :   000;
	18e7  :   000;
	18e8  :   000;
	18e9  :   000;
	18ea  :   000;
	18eb  :   000;
	18ec  :   000;
	18ed  :   000;
	18ee  :   000;
	18ef  :   000;
	18f0  :   000;
	18f1  :   000;
	18f2  :   000;
	18f3  :   000;
	18f4  :   000;
	18f5  :   000;
	18f6  :   000;
	18f7  :   000;
	18f8  :   000;
	18f9  :   000;
	18fa  :   000;
	18fb  :   000;
	18fc  :   000;
	18fd  :   000;
	18fe  :   000;
	18ff  :   000;
	1900  :   000;
	1901  :   000;
	1902  :   000;
	1903  :   000;
	1904  :   000;
	1905  :   000;
	1906  :   000;
	1907  :   000;
	1908  :   000;
	1909  :   000;
	190a  :   000;
	190b  :   000;
	190c  :   000;
	190d  :   000;
	190e  :   000;
	190f  :   000;
	1910  :   000;
	1911  :   000;
	1912  :   000;
	1913  :   000;
	1914  :   000;
	1915  :   000;
	1916  :   000;
	1917  :   000;
	1918  :   000;
	1919  :   000;
	191a  :   000;
	191b  :   000;
	191c  :   000;
	191d  :   000;
	191e  :   000;
	191f  :   000;
	1920  :   000;
	1921  :   000;
	1922  :   000;
	1923  :   000;
	1924  :   000;
	1925  :   000;
	1926  :   000;
	1927  :   000;
	1928  :   000;
	1929  :   000;
	192a  :   000;
	192b  :   000;
	192c  :   000;
	192d  :   000;
	192e  :   000;
	192f  :   000;
	1930  :   000;
	1931  :   000;
	1932  :   000;
	1933  :   000;
	1934  :   000;
	1935  :   000;
	1936  :   000;
	1937  :   000;
	1938  :   000;
	1939  :   000;
	193a  :   000;
	193b  :   000;
	193c  :   000;
	193d  :   000;
	193e  :   000;
	193f  :   000;
	1940  :   000;
	1941  :   000;
	1942  :   000;
	1943  :   000;
	1944  :   000;
	1945  :   000;
	1946  :   000;
	1947  :   000;
	1948  :   000;
	1949  :   000;
	194a  :   000;
	194b  :   000;
	194c  :   000;
	194d  :   000;
	194e  :   000;
	194f  :   000;
	1950  :   000;
	1951  :   000;
	1952  :   000;
	1953  :   000;
	1954  :   000;
	1955  :   000;
	1956  :   000;
	1957  :   000;
	1958  :   000;
	1959  :   000;
	195a  :   000;
	195b  :   000;
	195c  :   000;
	195d  :   000;
	195e  :   000;
	195f  :   000;
	1960  :   000;
	1961  :   000;
	1962  :   000;
	1963  :   000;
	1964  :   000;
	1965  :   000;
	1966  :   000;
	1967  :   000;
	1968  :   000;
	1969  :   000;
	196a  :   000;
	196b  :   000;
	196c  :   000;
	196d  :   000;
	196e  :   000;
	196f  :   000;
	1970  :   000;
	1971  :   000;
	1972  :   000;
	1973  :   000;
	1974  :   000;
	1975  :   000;
	1976  :   000;
	1977  :   000;
	1978  :   000;
	1979  :   000;
	197a  :   000;
	197b  :   000;
	197c  :   000;
	197d  :   000;
	197e  :   000;
	197f  :   000;
	1980  :   000;
	1981  :   000;
	1982  :   000;
	1983  :   000;
	1984  :   000;
	1985  :   000;
	1986  :   000;
	1987  :   000;
	1988  :   000;
	1989  :   000;
	198a  :   000;
	198b  :   000;
	198c  :   000;
	198d  :   000;
	198e  :   000;
	198f  :   000;
	1990  :   000;
	1991  :   000;
	1992  :   000;
	1993  :   000;
	1994  :   000;
	1995  :   000;
	1996  :   000;
	1997  :   000;
	1998  :   000;
	1999  :   000;
	199a  :   000;
	199b  :   000;
	199c  :   000;
	199d  :   000;
	199e  :   000;
	199f  :   000;
	19a0  :   000;
	19a1  :   000;
	19a2  :   000;
	19a3  :   000;
	19a4  :   000;
	19a5  :   000;
	19a6  :   000;
	19a7  :   000;
	19a8  :   000;
	19a9  :   000;
	19aa  :   000;
	19ab  :   000;
	19ac  :   000;
	19ad  :   000;
	19ae  :   000;
	19af  :   000;
	19b0  :   000;
	19b1  :   000;
	19b2  :   000;
	19b3  :   000;
	19b4  :   000;
	19b5  :   000;
	19b6  :   000;
	19b7  :   000;
	19b8  :   000;
	19b9  :   000;
	19ba  :   000;
	19bb  :   000;
	19bc  :   000;
	19bd  :   000;
	19be  :   000;
	19bf  :   000;
	19c0  :   000;
	19c1  :   000;
	19c2  :   000;
	19c3  :   000;
	19c4  :   000;
	19c5  :   000;
	19c6  :   000;
	19c7  :   000;
	19c8  :   000;
	19c9  :   000;
	19ca  :   000;
	19cb  :   000;
	19cc  :   000;
	19cd  :   000;
	19ce  :   000;
	19cf  :   000;
	19d0  :   000;
	19d1  :   000;
	19d2  :   000;
	19d3  :   000;
	19d4  :   000;
	19d5  :   000;
	19d6  :   000;
	19d7  :   000;
	19d8  :   000;
	19d9  :   000;
	19da  :   000;
	19db  :   000;
	19dc  :   000;
	19dd  :   000;
	19de  :   000;
	19df  :   000;
	19e0  :   000;
	19e1  :   000;
	19e2  :   000;
	19e3  :   000;
	19e4  :   000;
	19e5  :   000;
	19e6  :   000;
	19e7  :   000;
	19e8  :   000;
	19e9  :   000;
	19ea  :   000;
	19eb  :   000;
	19ec  :   000;
	19ed  :   000;
	19ee  :   000;
	19ef  :   000;
	19f0  :   000;
	19f1  :   000;
	19f2  :   000;
	19f3  :   000;
	19f4  :   000;
	19f5  :   000;
	19f6  :   000;
	19f7  :   000;
	19f8  :   000;
	19f9  :   000;
	19fa  :   000;
	19fb  :   000;
	19fc  :   000;
	19fd  :   000;
	19fe  :   000;
	19ff  :   000;
	1a00  :   000;
	1a01  :   000;
	1a02  :   000;
	1a03  :   000;
	1a04  :   000;
	1a05  :   000;
	1a06  :   000;
	1a07  :   000;
	1a08  :   000;
	1a09  :   000;
	1a0a  :   000;
	1a0b  :   000;
	1a0c  :   000;
	1a0d  :   000;
	1a0e  :   000;
	1a0f  :   000;
	1a10  :   000;
	1a11  :   000;
	1a12  :   000;
	1a13  :   000;
	1a14  :   000;
	1a15  :   000;
	1a16  :   000;
	1a17  :   000;
	1a18  :   000;
	1a19  :   000;
	1a1a  :   000;
	1a1b  :   000;
	1a1c  :   000;
	1a1d  :   000;
	1a1e  :   000;
	1a1f  :   000;
	1a20  :   000;
	1a21  :   000;
	1a22  :   000;
	1a23  :   000;
	1a24  :   000;
	1a25  :   000;
	1a26  :   000;
	1a27  :   000;
	1a28  :   000;
	1a29  :   000;
	1a2a  :   000;
	1a2b  :   000;
	1a2c  :   000;
	1a2d  :   000;
	1a2e  :   000;
	1a2f  :   000;
	1a30  :   000;
	1a31  :   000;
	1a32  :   000;
	1a33  :   000;
	1a34  :   000;
	1a35  :   000;
	1a36  :   000;
	1a37  :   000;
	1a38  :   000;
	1a39  :   000;
	1a3a  :   000;
	1a3b  :   000;
	1a3c  :   000;
	1a3d  :   000;
	1a3e  :   000;
	1a3f  :   000;
	1a40  :   000;
	1a41  :   000;
	1a42  :   000;
	1a43  :   000;
	1a44  :   000;
	1a45  :   000;
	1a46  :   000;
	1a47  :   000;
	1a48  :   000;
	1a49  :   000;
	1a4a  :   000;
	1a4b  :   000;
	1a4c  :   000;
	1a4d  :   000;
	1a4e  :   000;
	1a4f  :   000;
	1a50  :   000;
	1a51  :   000;
	1a52  :   000;
	1a53  :   000;
	1a54  :   000;
	1a55  :   000;
	1a56  :   000;
	1a57  :   000;
	1a58  :   000;
	1a59  :   000;
	1a5a  :   000;
	1a5b  :   000;
	1a5c  :   000;
	1a5d  :   000;
	1a5e  :   000;
	1a5f  :   000;
	1a60  :   000;
	1a61  :   000;
	1a62  :   000;
	1a63  :   000;
	1a64  :   000;
	1a65  :   000;
	1a66  :   000;
	1a67  :   000;
	1a68  :   000;
	1a69  :   000;
	1a6a  :   000;
	1a6b  :   000;
	1a6c  :   000;
	1a6d  :   000;
	1a6e  :   000;
	1a6f  :   000;
	1a70  :   000;
	1a71  :   000;
	1a72  :   000;
	1a73  :   000;
	1a74  :   000;
	1a75  :   000;
	1a76  :   000;
	1a77  :   000;
	1a78  :   000;
	1a79  :   000;
	1a7a  :   000;
	1a7b  :   000;
	1a7c  :   000;
	1a7d  :   000;
	1a7e  :   000;
	1a7f  :   000;
	1a80  :   000;
	1a81  :   000;
	1a82  :   000;
	1a83  :   000;
	1a84  :   000;
	1a85  :   000;
	1a86  :   000;
	1a87  :   000;
	1a88  :   000;
	1a89  :   000;
	1a8a  :   000;
	1a8b  :   000;
	1a8c  :   000;
	1a8d  :   000;
	1a8e  :   000;
	1a8f  :   000;
	1a90  :   000;
	1a91  :   000;
	1a92  :   000;
	1a93  :   000;
	1a94  :   000;
	1a95  :   000;
	1a96  :   000;
	1a97  :   000;
	1a98  :   000;
	1a99  :   000;
	1a9a  :   000;
	1a9b  :   000;
	1a9c  :   000;
	1a9d  :   000;
	1a9e  :   000;
	1a9f  :   000;
	1aa0  :   000;
	1aa1  :   000;
	1aa2  :   000;
	1aa3  :   000;
	1aa4  :   000;
	1aa5  :   000;
	1aa6  :   000;
	1aa7  :   000;
	1aa8  :   000;
	1aa9  :   000;
	1aaa  :   000;
	1aab  :   000;
	1aac  :   000;
	1aad  :   000;
	1aae  :   000;
	1aaf  :   000;
	1ab0  :   000;
	1ab1  :   000;
	1ab2  :   000;
	1ab3  :   000;
	1ab4  :   000;
	1ab5  :   000;
	1ab6  :   000;
	1ab7  :   000;
	1ab8  :   000;
	1ab9  :   000;
	1aba  :   000;
	1abb  :   000;
	1abc  :   000;
	1abd  :   000;
	1abe  :   000;
	1abf  :   000;
	1ac0  :   000;
	1ac1  :   000;
	1ac2  :   000;
	1ac3  :   000;
	1ac4  :   000;
	1ac5  :   000;
	1ac6  :   000;
	1ac7  :   000;
	1ac8  :   000;
	1ac9  :   000;
	1aca  :   000;
	1acb  :   000;
	1acc  :   000;
	1acd  :   000;
	1ace  :   000;
	1acf  :   000;
	1ad0  :   000;
	1ad1  :   000;
	1ad2  :   000;
	1ad3  :   000;
	1ad4  :   000;
	1ad5  :   000;
	1ad6  :   000;
	1ad7  :   000;
	1ad8  :   000;
	1ad9  :   000;
	1ada  :   000;
	1adb  :   000;
	1adc  :   000;
	1add  :   000;
	1ade  :   000;
	1adf  :   000;
	1ae0  :   000;
	1ae1  :   000;
	1ae2  :   000;
	1ae3  :   000;
	1ae4  :   000;
	1ae5  :   000;
	1ae6  :   000;
	1ae7  :   000;
	1ae8  :   000;
	1ae9  :   000;
	1aea  :   000;
	1aeb  :   000;
	1aec  :   000;
	1aed  :   000;
	1aee  :   000;
	1aef  :   000;
	1af0  :   000;
	1af1  :   000;
	1af2  :   000;
	1af3  :   000;
	1af4  :   000;
	1af5  :   000;
	1af6  :   000;
	1af7  :   000;
	1af8  :   000;
	1af9  :   000;
	1afa  :   000;
	1afb  :   000;
	1afc  :   000;
	1afd  :   000;
	1afe  :   000;
	1aff  :   000;
	1b00  :   000;
	1b01  :   000;
	1b02  :   000;
	1b03  :   000;
	1b04  :   000;
	1b05  :   000;
	1b06  :   000;
	1b07  :   000;
	1b08  :   000;
	1b09  :   000;
	1b0a  :   000;
	1b0b  :   000;
	1b0c  :   000;
	1b0d  :   000;
	1b0e  :   000;
	1b0f  :   000;
	1b10  :   000;
	1b11  :   000;
	1b12  :   000;
	1b13  :   000;
	1b14  :   000;
	1b15  :   000;
	1b16  :   000;
	1b17  :   000;
	1b18  :   000;
	1b19  :   000;
	1b1a  :   000;
	1b1b  :   000;
	1b1c  :   000;
	1b1d  :   000;
	1b1e  :   000;
	1b1f  :   000;
	1b20  :   000;
	1b21  :   000;
	1b22  :   000;
	1b23  :   000;
	1b24  :   000;
	1b25  :   000;
	1b26  :   000;
	1b27  :   000;
	1b28  :   000;
	1b29  :   000;
	1b2a  :   000;
	1b2b  :   000;
	1b2c  :   000;
	1b2d  :   000;
	1b2e  :   000;
	1b2f  :   000;
	1b30  :   000;
	1b31  :   000;
	1b32  :   000;
	1b33  :   000;
	1b34  :   000;
	1b35  :   000;
	1b36  :   000;
	1b37  :   000;
	1b38  :   000;
	1b39  :   000;
	1b3a  :   000;
	1b3b  :   000;
	1b3c  :   000;
	1b3d  :   000;
	1b3e  :   000;
	1b3f  :   000;
	1b40  :   000;
	1b41  :   000;
	1b42  :   000;
	1b43  :   000;
	1b44  :   000;
	1b45  :   000;
	1b46  :   000;
	1b47  :   000;
	1b48  :   000;
	1b49  :   000;
	1b4a  :   000;
	1b4b  :   000;
	1b4c  :   000;
	1b4d  :   000;
	1b4e  :   000;
	1b4f  :   000;
	1b50  :   000;
	1b51  :   000;
	1b52  :   000;
	1b53  :   000;
	1b54  :   000;
	1b55  :   000;
	1b56  :   000;
	1b57  :   000;
	1b58  :   000;
	1b59  :   000;
	1b5a  :   000;
	1b5b  :   000;
	1b5c  :   000;
	1b5d  :   000;
	1b5e  :   000;
	1b5f  :   000;
	1b60  :   000;
	1b61  :   000;
	1b62  :   000;
	1b63  :   000;
	1b64  :   000;
	1b65  :   000;
	1b66  :   000;
	1b67  :   000;
	1b68  :   000;
	1b69  :   000;
	1b6a  :   000;
	1b6b  :   000;
	1b6c  :   000;
	1b6d  :   000;
	1b6e  :   000;
	1b6f  :   000;
	1b70  :   000;
	1b71  :   000;
	1b72  :   000;
	1b73  :   000;
	1b74  :   000;
	1b75  :   000;
	1b76  :   000;
	1b77  :   000;
	1b78  :   000;
	1b79  :   000;
	1b7a  :   000;
	1b7b  :   000;
	1b7c  :   000;
	1b7d  :   000;
	1b7e  :   000;
	1b7f  :   000;
	1b80  :   000;
	1b81  :   000;
	1b82  :   000;
	1b83  :   000;
	1b84  :   000;
	1b85  :   000;
	1b86  :   000;
	1b87  :   000;
	1b88  :   000;
	1b89  :   000;
	1b8a  :   000;
	1b8b  :   000;
	1b8c  :   000;
	1b8d  :   000;
	1b8e  :   000;
	1b8f  :   000;
	1b90  :   000;
	1b91  :   000;
	1b92  :   000;
	1b93  :   000;
	1b94  :   000;
	1b95  :   000;
	1b96  :   000;
	1b97  :   000;
	1b98  :   000;
	1b99  :   000;
	1b9a  :   000;
	1b9b  :   000;
	1b9c  :   000;
	1b9d  :   000;
	1b9e  :   000;
	1b9f  :   000;
	1ba0  :   000;
	1ba1  :   000;
	1ba2  :   000;
	1ba3  :   000;
	1ba4  :   000;
	1ba5  :   000;
	1ba6  :   000;
	1ba7  :   000;
	1ba8  :   000;
	1ba9  :   000;
	1baa  :   000;
	1bab  :   000;
	1bac  :   000;
	1bad  :   000;
	1bae  :   000;
	1baf  :   000;
	1bb0  :   000;
	1bb1  :   000;
	1bb2  :   000;
	1bb3  :   000;
	1bb4  :   000;
	1bb5  :   000;
	1bb6  :   000;
	1bb7  :   000;
	1bb8  :   000;
	1bb9  :   000;
	1bba  :   000;
	1bbb  :   000;
	1bbc  :   000;
	1bbd  :   000;
	1bbe  :   000;
	1bbf  :   000;
	1bc0  :   000;
	1bc1  :   000;
	1bc2  :   000;
	1bc3  :   000;
	1bc4  :   000;
	1bc5  :   000;
	1bc6  :   000;
	1bc7  :   000;
	1bc8  :   000;
	1bc9  :   000;
	1bca  :   000;
	1bcb  :   000;
	1bcc  :   000;
	1bcd  :   000;
	1bce  :   000;
	1bcf  :   000;
	1bd0  :   000;
	1bd1  :   000;
	1bd2  :   000;
	1bd3  :   000;
	1bd4  :   000;
	1bd5  :   000;
	1bd6  :   000;
	1bd7  :   000;
	1bd8  :   000;
	1bd9  :   000;
	1bda  :   000;
	1bdb  :   000;
	1bdc  :   000;
	1bdd  :   000;
	1bde  :   000;
	1bdf  :   000;
	1be0  :   000;
	1be1  :   000;
	1be2  :   000;
	1be3  :   000;
	1be4  :   000;
	1be5  :   000;
	1be6  :   000;
	1be7  :   000;
	1be8  :   000;
	1be9  :   000;
	1bea  :   000;
	1beb  :   000;
	1bec  :   000;
	1bed  :   000;
	1bee  :   000;
	1bef  :   000;
	1bf0  :   000;
	1bf1  :   000;
	1bf2  :   000;
	1bf3  :   000;
	1bf4  :   000;
	1bf5  :   000;
	1bf6  :   000;
	1bf7  :   000;
	1bf8  :   000;
	1bf9  :   000;
	1bfa  :   000;
	1bfb  :   000;
	1bfc  :   000;
	1bfd  :   000;
	1bfe  :   000;
	1bff  :   000;
	1c00  :   000;
	1c01  :   000;
	1c02  :   000;
	1c03  :   000;
	1c04  :   000;
	1c05  :   000;
	1c06  :   000;
	1c07  :   000;
	1c08  :   000;
	1c09  :   000;
	1c0a  :   000;
	1c0b  :   000;
	1c0c  :   000;
	1c0d  :   000;
	1c0e  :   000;
	1c0f  :   000;
	1c10  :   000;
	1c11  :   000;
	1c12  :   000;
	1c13  :   000;
	1c14  :   000;
	1c15  :   000;
	1c16  :   000;
	1c17  :   000;
	1c18  :   000;
	1c19  :   000;
	1c1a  :   000;
	1c1b  :   000;
	1c1c  :   000;
	1c1d  :   000;
	1c1e  :   000;
	1c1f  :   000;
	1c20  :   000;
	1c21  :   000;
	1c22  :   000;
	1c23  :   000;
	1c24  :   000;
	1c25  :   000;
	1c26  :   000;
	1c27  :   000;
	1c28  :   000;
	1c29  :   000;
	1c2a  :   000;
	1c2b  :   000;
	1c2c  :   000;
	1c2d  :   000;
	1c2e  :   000;
	1c2f  :   000;
	1c30  :   000;
	1c31  :   000;
	1c32  :   000;
	1c33  :   000;
	1c34  :   000;
	1c35  :   000;
	1c36  :   000;
	1c37  :   000;
	1c38  :   000;
	1c39  :   000;
	1c3a  :   000;
	1c3b  :   000;
	1c3c  :   000;
	1c3d  :   000;
	1c3e  :   000;
	1c3f  :   000;
	1c40  :   000;
	1c41  :   000;
	1c42  :   000;
	1c43  :   000;
	1c44  :   000;
	1c45  :   000;
	1c46  :   000;
	1c47  :   000;
	1c48  :   000;
	1c49  :   000;
	1c4a  :   000;
	1c4b  :   000;
	1c4c  :   000;
	1c4d  :   000;
	1c4e  :   000;
	1c4f  :   000;
	1c50  :   000;
	1c51  :   000;
	1c52  :   000;
	1c53  :   000;
	1c54  :   000;
	1c55  :   000;
	1c56  :   000;
	1c57  :   000;
	1c58  :   000;
	1c59  :   000;
	1c5a  :   000;
	1c5b  :   000;
	1c5c  :   000;
	1c5d  :   000;
	1c5e  :   000;
	1c5f  :   000;
	1c60  :   000;
	1c61  :   000;
	1c62  :   000;
	1c63  :   000;
	1c64  :   000;
	1c65  :   000;
	1c66  :   000;
	1c67  :   000;
	1c68  :   000;
	1c69  :   000;
	1c6a  :   000;
	1c6b  :   000;
	1c6c  :   000;
	1c6d  :   000;
	1c6e  :   000;
	1c6f  :   000;
	1c70  :   000;
	1c71  :   000;
	1c72  :   000;
	1c73  :   000;
	1c74  :   000;
	1c75  :   000;
	1c76  :   000;
	1c77  :   000;
	1c78  :   000;
	1c79  :   000;
	1c7a  :   000;
	1c7b  :   000;
	1c7c  :   000;
	1c7d  :   000;
	1c7e  :   000;
	1c7f  :   000;
	1c80  :   000;
	1c81  :   000;
	1c82  :   000;
	1c83  :   000;
	1c84  :   000;
	1c85  :   000;
	1c86  :   000;
	1c87  :   000;
	1c88  :   000;
	1c89  :   000;
	1c8a  :   000;
	1c8b  :   000;
	1c8c  :   000;
	1c8d  :   000;
	1c8e  :   000;
	1c8f  :   000;
	1c90  :   000;
	1c91  :   000;
	1c92  :   000;
	1c93  :   000;
	1c94  :   000;
	1c95  :   000;
	1c96  :   000;
	1c97  :   000;
	1c98  :   000;
	1c99  :   000;
	1c9a  :   000;
	1c9b  :   000;
	1c9c  :   000;
	1c9d  :   000;
	1c9e  :   000;
	1c9f  :   000;
	1ca0  :   000;
	1ca1  :   000;
	1ca2  :   000;
	1ca3  :   000;
	1ca4  :   000;
	1ca5  :   000;
	1ca6  :   000;
	1ca7  :   000;
	1ca8  :   000;
	1ca9  :   000;
	1caa  :   000;
	1cab  :   000;
	1cac  :   000;
	1cad  :   000;
	1cae  :   000;
	1caf  :   000;
	1cb0  :   000;
	1cb1  :   000;
	1cb2  :   000;
	1cb3  :   000;
	1cb4  :   000;
	1cb5  :   000;
	1cb6  :   000;
	1cb7  :   000;
	1cb8  :   000;
	1cb9  :   000;
	1cba  :   000;
	1cbb  :   000;
	1cbc  :   000;
	1cbd  :   000;
	1cbe  :   000;
	1cbf  :   000;
	1cc0  :   000;
	1cc1  :   000;
	1cc2  :   000;
	1cc3  :   000;
	1cc4  :   000;
	1cc5  :   000;
	1cc6  :   000;
	1cc7  :   000;
	1cc8  :   000;
	1cc9  :   000;
	1cca  :   000;
	1ccb  :   000;
	1ccc  :   000;
	1ccd  :   000;
	1cce  :   000;
	1ccf  :   000;
	1cd0  :   000;
	1cd1  :   000;
	1cd2  :   000;
	1cd3  :   000;
	1cd4  :   000;
	1cd5  :   000;
	1cd6  :   000;
	1cd7  :   000;
	1cd8  :   000;
	1cd9  :   000;
	1cda  :   000;
	1cdb  :   000;
	1cdc  :   000;
	1cdd  :   000;
	1cde  :   000;
	1cdf  :   000;
	1ce0  :   000;
	1ce1  :   000;
	1ce2  :   000;
	1ce3  :   000;
	1ce4  :   000;
	1ce5  :   000;
	1ce6  :   000;
	1ce7  :   000;
	1ce8  :   000;
	1ce9  :   000;
	1cea  :   000;
	1ceb  :   000;
	1cec  :   000;
	1ced  :   000;
	1cee  :   000;
	1cef  :   000;
	1cf0  :   000;
	1cf1  :   000;
	1cf2  :   000;
	1cf3  :   000;
	1cf4  :   000;
	1cf5  :   000;
	1cf6  :   000;
	1cf7  :   000;
	1cf8  :   000;
	1cf9  :   000;
	1cfa  :   000;
	1cfb  :   000;
	1cfc  :   000;
	1cfd  :   000;
	1cfe  :   000;
	1cff  :   000;
	1d00  :   000;
	1d01  :   000;
	1d02  :   000;
	1d03  :   000;
	1d04  :   000;
	1d05  :   000;
	1d06  :   000;
	1d07  :   000;
	1d08  :   000;
	1d09  :   000;
	1d0a  :   000;
	1d0b  :   000;
	1d0c  :   000;
	1d0d  :   000;
	1d0e  :   000;
	1d0f  :   000;
	1d10  :   000;
	1d11  :   000;
	1d12  :   000;
	1d13  :   000;
	1d14  :   000;
	1d15  :   000;
	1d16  :   000;
	1d17  :   000;
	1d18  :   000;
	1d19  :   000;
	1d1a  :   000;
	1d1b  :   000;
	1d1c  :   000;
	1d1d  :   000;
	1d1e  :   000;
	1d1f  :   000;
	1d20  :   000;
	1d21  :   000;
	1d22  :   000;
	1d23  :   000;
	1d24  :   000;
	1d25  :   000;
	1d26  :   000;
	1d27  :   000;
	1d28  :   000;
	1d29  :   000;
	1d2a  :   000;
	1d2b  :   000;
	1d2c  :   000;
	1d2d  :   000;
	1d2e  :   000;
	1d2f  :   000;
	1d30  :   000;
	1d31  :   000;
	1d32  :   000;
	1d33  :   000;
	1d34  :   000;
	1d35  :   000;
	1d36  :   000;
	1d37  :   000;
	1d38  :   000;
	1d39  :   000;
	1d3a  :   000;
	1d3b  :   000;
	1d3c  :   000;
	1d3d  :   000;
	1d3e  :   000;
	1d3f  :   000;
	1d40  :   000;
	1d41  :   000;
	1d42  :   000;
	1d43  :   000;
	1d44  :   000;
	1d45  :   000;
	1d46  :   000;
	1d47  :   000;
	1d48  :   000;
	1d49  :   000;
	1d4a  :   000;
	1d4b  :   000;
	1d4c  :   000;
	1d4d  :   000;
	1d4e  :   000;
	1d4f  :   000;
	1d50  :   000;
	1d51  :   000;
	1d52  :   000;
	1d53  :   000;
	1d54  :   000;
	1d55  :   000;
	1d56  :   000;
	1d57  :   000;
	1d58  :   000;
	1d59  :   000;
	1d5a  :   000;
	1d5b  :   000;
	1d5c  :   000;
	1d5d  :   000;
	1d5e  :   000;
	1d5f  :   000;
	1d60  :   000;
	1d61  :   000;
	1d62  :   000;
	1d63  :   000;
	1d64  :   000;
	1d65  :   000;
	1d66  :   000;
	1d67  :   000;
	1d68  :   000;
	1d69  :   000;
	1d6a  :   000;
	1d6b  :   000;
	1d6c  :   000;
	1d6d  :   000;
	1d6e  :   000;
	1d6f  :   000;
	1d70  :   000;
	1d71  :   000;
	1d72  :   000;
	1d73  :   000;
	1d74  :   000;
	1d75  :   000;
	1d76  :   000;
	1d77  :   000;
	1d78  :   000;
	1d79  :   000;
	1d7a  :   000;
	1d7b  :   000;
	1d7c  :   000;
	1d7d  :   000;
	1d7e  :   000;
	1d7f  :   000;
	1d80  :   000;
	1d81  :   000;
	1d82  :   000;
	1d83  :   000;
	1d84  :   000;
	1d85  :   000;
	1d86  :   000;
	1d87  :   000;
	1d88  :   000;
	1d89  :   000;
	1d8a  :   000;
	1d8b  :   000;
	1d8c  :   000;
	1d8d  :   000;
	1d8e  :   000;
	1d8f  :   000;
	1d90  :   000;
	1d91  :   000;
	1d92  :   000;
	1d93  :   000;
	1d94  :   000;
	1d95  :   000;
	1d96  :   000;
	1d97  :   000;
	1d98  :   000;
	1d99  :   000;
	1d9a  :   000;
	1d9b  :   000;
	1d9c  :   000;
	1d9d  :   000;
	1d9e  :   000;
	1d9f  :   000;
	1da0  :   000;
	1da1  :   000;
	1da2  :   000;
	1da3  :   000;
	1da4  :   000;
	1da5  :   000;
	1da6  :   000;
	1da7  :   000;
	1da8  :   000;
	1da9  :   000;
	1daa  :   000;
	1dab  :   000;
	1dac  :   000;
	1dad  :   000;
	1dae  :   000;
	1daf  :   000;
	1db0  :   000;
	1db1  :   000;
	1db2  :   000;
	1db3  :   000;
	1db4  :   000;
	1db5  :   000;
	1db6  :   000;
	1db7  :   000;
	1db8  :   000;
	1db9  :   000;
	1dba  :   000;
	1dbb  :   000;
	1dbc  :   000;
	1dbd  :   000;
	1dbe  :   000;
	1dbf  :   000;
	1dc0  :   000;
	1dc1  :   000;
	1dc2  :   000;
	1dc3  :   000;
	1dc4  :   000;
	1dc5  :   000;
	1dc6  :   000;
	1dc7  :   000;
	1dc8  :   000;
	1dc9  :   000;
	1dca  :   000;
	1dcb  :   000;
	1dcc  :   000;
	1dcd  :   000;
	1dce  :   000;
	1dcf  :   000;
	1dd0  :   000;
	1dd1  :   000;
	1dd2  :   000;
	1dd3  :   000;
	1dd4  :   000;
	1dd5  :   000;
	1dd6  :   000;
	1dd7  :   000;
	1dd8  :   000;
	1dd9  :   000;
	1dda  :   000;
	1ddb  :   000;
	1ddc  :   000;
	1ddd  :   000;
	1dde  :   000;
	1ddf  :   000;
	1de0  :   000;
	1de1  :   000;
	1de2  :   000;
	1de3  :   000;
	1de4  :   000;
	1de5  :   000;
	1de6  :   000;
	1de7  :   000;
	1de8  :   000;
	1de9  :   000;
	1dea  :   000;
	1deb  :   000;
	1dec  :   000;
	1ded  :   000;
	1dee  :   000;
	1def  :   000;
	1df0  :   000;
	1df1  :   000;
	1df2  :   000;
	1df3  :   000;
	1df4  :   000;
	1df5  :   000;
	1df6  :   000;
	1df7  :   000;
	1df8  :   000;
	1df9  :   000;
	1dfa  :   000;
	1dfb  :   000;
	1dfc  :   000;
	1dfd  :   000;
	1dfe  :   000;
	1dff  :   000;
	1e00  :   000;
	1e01  :   000;
	1e02  :   000;
	1e03  :   000;
	1e04  :   000;
	1e05  :   000;
	1e06  :   000;
	1e07  :   000;
	1e08  :   000;
	1e09  :   000;
	1e0a  :   000;
	1e0b  :   000;
	1e0c  :   000;
	1e0d  :   000;
	1e0e  :   000;
	1e0f  :   000;
	1e10  :   000;
	1e11  :   000;
	1e12  :   000;
	1e13  :   000;
	1e14  :   000;
	1e15  :   000;
	1e16  :   000;
	1e17  :   000;
	1e18  :   000;
	1e19  :   000;
	1e1a  :   000;
	1e1b  :   000;
	1e1c  :   000;
	1e1d  :   000;
	1e1e  :   000;
	1e1f  :   000;
	1e20  :   000;
	1e21  :   000;
	1e22  :   000;
	1e23  :   000;
	1e24  :   000;
	1e25  :   000;
	1e26  :   000;
	1e27  :   000;
	1e28  :   000;
	1e29  :   000;
	1e2a  :   000;
	1e2b  :   000;
	1e2c  :   000;
	1e2d  :   000;
	1e2e  :   000;
	1e2f  :   000;
	1e30  :   000;
	1e31  :   000;
	1e32  :   000;
	1e33  :   000;
	1e34  :   000;
	1e35  :   000;
	1e36  :   000;
	1e37  :   000;
	1e38  :   000;
	1e39  :   000;
	1e3a  :   000;
	1e3b  :   000;
	1e3c  :   000;
	1e3d  :   000;
	1e3e  :   000;
	1e3f  :   000;
	1e40  :   000;
	1e41  :   000;
	1e42  :   000;
	1e43  :   000;
	1e44  :   000;
	1e45  :   000;
	1e46  :   000;
	1e47  :   000;
	1e48  :   000;
	1e49  :   000;
	1e4a  :   000;
	1e4b  :   000;
	1e4c  :   000;
	1e4d  :   000;
	1e4e  :   000;
	1e4f  :   000;
	1e50  :   000;
	1e51  :   000;
	1e52  :   000;
	1e53  :   000;
	1e54  :   000;
	1e55  :   000;
	1e56  :   000;
	1e57  :   000;
	1e58  :   000;
	1e59  :   000;
	1e5a  :   000;
	1e5b  :   000;
	1e5c  :   000;
	1e5d  :   000;
	1e5e  :   000;
	1e5f  :   000;
	1e60  :   000;
	1e61  :   000;
	1e62  :   000;
	1e63  :   000;
	1e64  :   000;
	1e65  :   000;
	1e66  :   000;
	1e67  :   000;
	1e68  :   000;
	1e69  :   000;
	1e6a  :   000;
	1e6b  :   000;
	1e6c  :   000;
	1e6d  :   000;
	1e6e  :   000;
	1e6f  :   000;
	1e70  :   000;
	1e71  :   000;
	1e72  :   000;
	1e73  :   000;
	1e74  :   000;
	1e75  :   000;
	1e76  :   000;
	1e77  :   000;
	1e78  :   000;
	1e79  :   000;
	1e7a  :   000;
	1e7b  :   000;
	1e7c  :   000;
	1e7d  :   000;
	1e7e  :   000;
	1e7f  :   000;
	1e80  :   000;
	1e81  :   000;
	1e82  :   000;
	1e83  :   000;
	1e84  :   000;
	1e85  :   000;
	1e86  :   000;
	1e87  :   000;
	1e88  :   000;
	1e89  :   000;
	1e8a  :   000;
	1e8b  :   000;
	1e8c  :   000;
	1e8d  :   000;
	1e8e  :   000;
	1e8f  :   000;
	1e90  :   000;
	1e91  :   000;
	1e92  :   000;
	1e93  :   000;
	1e94  :   000;
	1e95  :   000;
	1e96  :   000;
	1e97  :   000;
	1e98  :   000;
	1e99  :   000;
	1e9a  :   000;
	1e9b  :   000;
	1e9c  :   000;
	1e9d  :   000;
	1e9e  :   000;
	1e9f  :   000;
	1ea0  :   000;
	1ea1  :   000;
	1ea2  :   000;
	1ea3  :   000;
	1ea4  :   000;
	1ea5  :   000;
	1ea6  :   000;
	1ea7  :   000;
	1ea8  :   000;
	1ea9  :   000;
	1eaa  :   000;
	1eab  :   000;
	1eac  :   000;
	1ead  :   000;
	1eae  :   000;
	1eaf  :   000;
	1eb0  :   000;
	1eb1  :   000;
	1eb2  :   000;
	1eb3  :   000;
	1eb4  :   000;
	1eb5  :   000;
	1eb6  :   000;
	1eb7  :   000;
	1eb8  :   000;
	1eb9  :   000;
	1eba  :   000;
	1ebb  :   000;
	1ebc  :   000;
	1ebd  :   000;
	1ebe  :   000;
	1ebf  :   000;
	1ec0  :   000;
	1ec1  :   000;
	1ec2  :   000;
	1ec3  :   000;
	1ec4  :   000;
	1ec5  :   000;
	1ec6  :   000;
	1ec7  :   000;
	1ec8  :   000;
	1ec9  :   000;
	1eca  :   000;
	1ecb  :   000;
	1ecc  :   000;
	1ecd  :   000;
	1ece  :   000;
	1ecf  :   000;
	1ed0  :   000;
	1ed1  :   000;
	1ed2  :   000;
	1ed3  :   000;
	1ed4  :   000;
	1ed5  :   000;
	1ed6  :   000;
	1ed7  :   000;
	1ed8  :   000;
	1ed9  :   000;
	1eda  :   000;
	1edb  :   000;
	1edc  :   000;
	1edd  :   000;
	1ede  :   000;
	1edf  :   000;
	1ee0  :   000;
	1ee1  :   000;
	1ee2  :   000;
	1ee3  :   000;
	1ee4  :   000;
	1ee5  :   000;
	1ee6  :   000;
	1ee7  :   000;
	1ee8  :   000;
	1ee9  :   000;
	1eea  :   000;
	1eeb  :   000;
	1eec  :   000;
	1eed  :   000;
	1eee  :   000;
	1eef  :   000;
	1ef0  :   000;
	1ef1  :   000;
	1ef2  :   000;
	1ef3  :   000;
	1ef4  :   000;
	1ef5  :   000;
	1ef6  :   000;
	1ef7  :   000;
	1ef8  :   000;
	1ef9  :   000;
	1efa  :   000;
	1efb  :   000;
	1efc  :   000;
	1efd  :   000;
	1efe  :   000;
	1eff  :   000;
	1f00  :   000;
	1f01  :   000;
	1f02  :   000;
	1f03  :   000;
	1f04  :   000;
	1f05  :   000;
	1f06  :   000;
	1f07  :   000;
	1f08  :   000;
	1f09  :   000;
	1f0a  :   000;
	1f0b  :   000;
	1f0c  :   000;
	1f0d  :   000;
	1f0e  :   000;
	1f0f  :   000;
	1f10  :   000;
	1f11  :   000;
	1f12  :   000;
	1f13  :   000;
	1f14  :   000;
	1f15  :   000;
	1f16  :   000;
	1f17  :   000;
	1f18  :   000;
	1f19  :   000;
	1f1a  :   000;
	1f1b  :   000;
	1f1c  :   000;
	1f1d  :   000;
	1f1e  :   000;
	1f1f  :   000;
	1f20  :   000;
	1f21  :   000;
	1f22  :   000;
	1f23  :   000;
	1f24  :   000;
	1f25  :   000;
	1f26  :   000;
	1f27  :   000;
	1f28  :   000;
	1f29  :   000;
	1f2a  :   000;
	1f2b  :   000;
	1f2c  :   000;
	1f2d  :   000;
	1f2e  :   000;
	1f2f  :   000;
	1f30  :   000;
	1f31  :   000;
	1f32  :   000;
	1f33  :   000;
	1f34  :   000;
	1f35  :   000;
	1f36  :   000;
	1f37  :   000;
	1f38  :   000;
	1f39  :   000;
	1f3a  :   000;
	1f3b  :   000;
	1f3c  :   000;
	1f3d  :   000;
	1f3e  :   000;
	1f3f  :   000;
	1f40  :   000;
	1f41  :   000;
	1f42  :   000;
	1f43  :   000;
	1f44  :   000;
	1f45  :   000;
	1f46  :   000;
	1f47  :   000;
	1f48  :   000;
	1f49  :   000;
	1f4a  :   000;
	1f4b  :   000;
	1f4c  :   000;
	1f4d  :   000;
	1f4e  :   000;
	1f4f  :   000;
	1f50  :   000;
	1f51  :   000;
	1f52  :   000;
	1f53  :   000;
	1f54  :   000;
	1f55  :   000;
	1f56  :   000;
	1f57  :   000;
	1f58  :   000;
	1f59  :   000;
	1f5a  :   000;
	1f5b  :   000;
	1f5c  :   000;
	1f5d  :   000;
	1f5e  :   000;
	1f5f  :   000;
	1f60  :   000;
	1f61  :   000;
	1f62  :   000;
	1f63  :   000;
	1f64  :   000;
	1f65  :   000;
	1f66  :   000;
	1f67  :   000;
	1f68  :   000;
	1f69  :   000;
	1f6a  :   000;
	1f6b  :   000;
	1f6c  :   000;
	1f6d  :   000;
	1f6e  :   000;
	1f6f  :   000;
	1f70  :   000;
	1f71  :   000;
	1f72  :   000;
	1f73  :   000;
	1f74  :   000;
	1f75  :   000;
	1f76  :   000;
	1f77  :   000;
	1f78  :   000;
	1f79  :   000;
	1f7a  :   000;
	1f7b  :   000;
	1f7c  :   000;
	1f7d  :   000;
	1f7e  :   000;
	1f7f  :   000;
	1f80  :   000;
	1f81  :   000;
	1f82  :   000;
	1f83  :   000;
	1f84  :   000;
	1f85  :   000;
	1f86  :   000;
	1f87  :   000;
	1f88  :   000;
	1f89  :   000;
	1f8a  :   000;
	1f8b  :   000;
	1f8c  :   000;
	1f8d  :   000;
	1f8e  :   000;
	1f8f  :   000;
	1f90  :   000;
	1f91  :   000;
	1f92  :   000;
	1f93  :   000;
	1f94  :   000;
	1f95  :   000;
	1f96  :   000;
	1f97  :   000;
	1f98  :   000;
	1f99  :   000;
	1f9a  :   000;
	1f9b  :   000;
	1f9c  :   000;
	1f9d  :   000;
	1f9e  :   000;
	1f9f  :   000;
	1fa0  :   000;
	1fa1  :   000;
	1fa2  :   000;
	1fa3  :   000;
	1fa4  :   000;
	1fa5  :   000;
	1fa6  :   000;
	1fa7  :   000;
	1fa8  :   000;
	1fa9  :   000;
	1faa  :   000;
	1fab  :   000;
	1fac  :   000;
	1fad  :   000;
	1fae  :   000;
	1faf  :   000;
	1fb0  :   000;
	1fb1  :   000;
	1fb2  :   000;
	1fb3  :   000;
	1fb4  :   000;
	1fb5  :   000;
	1fb6  :   000;
	1fb7  :   000;
	1fb8  :   000;
	1fb9  :   000;
	1fba  :   000;
	1fbb  :   000;
	1fbc  :   000;
	1fbd  :   000;
	1fbe  :   000;
	1fbf  :   000;
	1fc0  :   000;
	1fc1  :   000;
	1fc2  :   000;
	1fc3  :   000;
	1fc4  :   000;
	1fc5  :   000;
	1fc6  :   000;
	1fc7  :   000;
	1fc8  :   000;
	1fc9  :   000;
	1fca  :   000;
	1fcb  :   000;
	1fcc  :   000;
	1fcd  :   000;
	1fce  :   000;
	1fcf  :   000;
	1fd0  :   000;
	1fd1  :   000;
	1fd2  :   000;
	1fd3  :   000;
	1fd4  :   000;
	1fd5  :   000;
	1fd6  :   000;
	1fd7  :   000;
	1fd8  :   000;
	1fd9  :   000;
	1fda  :   000;
	1fdb  :   000;
	1fdc  :   000;
	1fdd  :   000;
	1fde  :   000;
	1fdf  :   000;
	1fe0  :   000;
	1fe1  :   000;
	1fe2  :   000;
	1fe3  :   000;
	1fe4  :   000;
	1fe5  :   000;
	1fe6  :   000;
	1fe7  :   000;
	1fe8  :   000;
	1fe9  :   000;
	1fea  :   000;
	1feb  :   000;
	1fec  :   000;
	1fed  :   000;
	1fee  :   000;
	1fef  :   000;
	1ff0  :   000;
	1ff1  :   000;
	1ff2  :   000;
	1ff3  :   000;
	1ff4  :   000;
	1ff5  :   000;
	1ff6  :   000;
	1ff7  :   000;
	1ff8  :   000;
	1ff9  :   000;
	1ffa  :   000;
	1ffb  :   000;
	1ffc  :   000;
	1ffd  :   000;
	1ffe  :   000;
	1fff  :   000;
END;
