WIDTH=3;
DEPTH=37632;

ADDRESS_RADIX=HEX;
DATA_RADIX=BIN;

CONTENT BEGIN
	0000  :   000;
	0001  :   000;
	0002  :   000;
	0003  :   000;
	0004  :   000;
	0005  :   000;
	0006  :   000;
	0007  :   000;
	0008  :   000;
	0009  :   000;
	000a  :   000;
	000b  :   000;
	000c  :   000;
	000d  :   000;
	000e  :   000;
	000f  :   000;
	0010  :   000;
	0011  :   000;
	0012  :   000;
	0013  :   000;
	0014  :   000;
	0015  :   000;
	0016  :   000;
	0017  :   000;
	0018  :   000;
	0019  :   000;
	001a  :   000;
	001b  :   000;
	001c  :   000;
	001d  :   000;
	001e  :   000;
	001f  :   000;
	0020  :   000;
	0021  :   000;
	0022  :   000;
	0023  :   000;
	0024  :   000;
	0025  :   000;
	0026  :   000;
	0027  :   000;
	0028  :   000;
	0029  :   000;
	002a  :   000;
	002b  :   000;
	002c  :   000;
	002d  :   000;
	002e  :   000;
	002f  :   000;
	0030  :   000;
	0031  :   000;
	0032  :   000;
	0033  :   000;
	0034  :   000;
	0035  :   000;
	0036  :   000;
	0037  :   000;
	0038  :   000;
	0039  :   000;
	003a  :   000;
	003b  :   000;
	003c  :   000;
	003d  :   000;
	003e  :   000;
	003f  :   000;
	0040  :   000;
	0041  :   000;
	0042  :   000;
	0043  :   000;
	0044  :   000;
	0045  :   000;
	0046  :   000;
	0047  :   000;
	0048  :   000;
	0049  :   000;
	004a  :   000;
	004b  :   000;
	004c  :   000;
	004d  :   000;
	004e  :   000;
	004f  :   000;
	0050  :   000;
	0051  :   000;
	0052  :   000;
	0053  :   000;
	0054  :   000;
	0055  :   000;
	0056  :   000;
	0057  :   000;
	0058  :   000;
	0059  :   000;
	005a  :   000;
	005b  :   000;
	005c  :   000;
	005d  :   000;
	005e  :   000;
	005f  :   000;
	0060  :   000;
	0061  :   000;
	0062  :   000;
	0063  :   000;
	0064  :   000;
	0065  :   000;
	0066  :   000;
	0067  :   000;
	0068  :   000;
	0069  :   000;
	006a  :   000;
	006b  :   000;
	006c  :   000;
	006d  :   000;
	006e  :   000;
	006f  :   000;
	0070  :   000;
	0071  :   000;
	0072  :   000;
	0073  :   000;
	0074  :   000;
	0075  :   000;
	0076  :   000;
	0077  :   000;
	0078  :   000;
	0079  :   000;
	007a  :   000;
	007b  :   000;
	007c  :   000;
	007d  :   000;
	007e  :   000;
	007f  :   000;
	0080  :   000;
	0081  :   000;
	0082  :   000;
	0083  :   000;
	0084  :   000;
	0085  :   000;
	0086  :   000;
	0087  :   000;
	0088  :   000;
	0089  :   000;
	008a  :   000;
	008b  :   000;
	008c  :   000;
	008d  :   000;
	008e  :   000;
	008f  :   000;
	0090  :   000;
	0091  :   000;
	0092  :   000;
	0093  :   000;
	0094  :   000;
	0095  :   000;
	0096  :   000;
	0097  :   000;
	0098  :   000;
	0099  :   000;
	009a  :   000;
	009b  :   000;
	009c  :   000;
	009d  :   000;
	009e  :   000;
	009f  :   000;
	00a0  :   000;
	00a1  :   000;
	00a2  :   000;
	00a3  :   000;
	00a4  :   000;
	00a5  :   000;
	00a6  :   000;
	00a7  :   000;
	00a8  :   000;
	00a9  :   000;
	00aa  :   000;
	00ab  :   000;
	00ac  :   000;
	00ad  :   000;
	00ae  :   000;
	00af  :   000;
	00b0  :   000;
	00b1  :   000;
	00b2  :   000;
	00b3  :   000;
	00b4  :   000;
	00b5  :   000;
	00b6  :   000;
	00b7  :   000;
	00b8  :   000;
	00b9  :   000;
	00ba  :   000;
	00bb  :   000;
	00bc  :   000;
	00bd  :   000;
	00be  :   000;
	00bf  :   000;
	00c0  :   000;
	00c1  :   000;
	00c2  :   000;
	00c3  :   000;
	00c4  :   000;
	00c5  :   000;
	00c6  :   000;
	00c7  :   000;
	00c8  :   000;
	00c9  :   000;
	00ca  :   000;
	00cb  :   000;
	00cc  :   000;
	00cd  :   000;
	00ce  :   000;
	00cf  :   000;
	00d0  :   000;
	00d1  :   000;
	00d2  :   000;
	00d3  :   000;
	00d4  :   000;
	00d5  :   000;
	00d6  :   000;
	00d7  :   000;
	00d8  :   000;
	00d9  :   000;
	00da  :   000;
	00db  :   000;
	00dc  :   000;
	00dd  :   000;
	00de  :   000;
	00df  :   000;
	00e0  :   000;
	00e1  :   000;
	00e2  :   000;
	00e3  :   000;
	00e4  :   000;
	00e5  :   000;
	00e6  :   000;
	00e7  :   000;
	00e8  :   000;
	00e9  :   000;
	00ea  :   000;
	00eb  :   000;
	00ec  :   000;
	00ed  :   000;
	00ee  :   000;
	00ef  :   000;
	00f0  :   000;
	00f1  :   000;
	00f2  :   000;
	00f3  :   000;
	00f4  :   000;
	00f5  :   000;
	00f6  :   000;
	00f7  :   000;
	00f8  :   000;
	00f9  :   000;
	00fa  :   000;
	00fb  :   000;
	00fc  :   000;
	00fd  :   000;
	00fe  :   000;
	00ff  :   000;
	0100  :   000;
	0101  :   000;
	0102  :   000;
	0103  :   000;
	0104  :   000;
	0105  :   000;
	0106  :   000;
	0107  :   000;
	0108  :   000;
	0109  :   000;
	010a  :   000;
	010b  :   000;
	010c  :   000;
	010d  :   000;
	010e  :   000;
	010f  :   000;
	0110  :   000;
	0111  :   000;
	0112  :   000;
	0113  :   000;
	0114  :   000;
	0115  :   000;
	0116  :   000;
	0117  :   000;
	0118  :   000;
	0119  :   000;
	011a  :   000;
	011b  :   000;
	011c  :   000;
	011d  :   000;
	011e  :   000;
	011f  :   000;
	0120  :   000;
	0121  :   000;
	0122  :   000;
	0123  :   000;
	0124  :   000;
	0125  :   000;
	0126  :   000;
	0127  :   000;
	0128  :   000;
	0129  :   000;
	012a  :   000;
	012b  :   000;
	012c  :   000;
	012d  :   000;
	012e  :   000;
	012f  :   000;
	0130  :   000;
	0131  :   000;
	0132  :   000;
	0133  :   000;
	0134  :   000;
	0135  :   000;
	0136  :   000;
	0137  :   000;
	0138  :   000;
	0139  :   000;
	013a  :   000;
	013b  :   000;
	013c  :   000;
	013d  :   000;
	013e  :   000;
	013f  :   000;
	0140  :   000;
	0141  :   000;
	0142  :   000;
	0143  :   000;
	0144  :   000;
	0145  :   000;
	0146  :   000;
	0147  :   000;
	0148  :   000;
	0149  :   000;
	014a  :   000;
	014b  :   000;
	014c  :   000;
	014d  :   000;
	014e  :   000;
	014f  :   000;
	0150  :   000;
	0151  :   000;
	0152  :   000;
	0153  :   000;
	0154  :   000;
	0155  :   000;
	0156  :   000;
	0157  :   000;
	0158  :   000;
	0159  :   000;
	015a  :   000;
	015b  :   000;
	015c  :   000;
	015d  :   000;
	015e  :   000;
	015f  :   000;
	0160  :   000;
	0161  :   000;
	0162  :   000;
	0163  :   000;
	0164  :   000;
	0165  :   000;
	0166  :   000;
	0167  :   000;
	0168  :   000;
	0169  :   000;
	016a  :   000;
	016b  :   000;
	016c  :   000;
	016d  :   000;
	016e  :   000;
	016f  :   000;
	0170  :   000;
	0171  :   000;
	0172  :   000;
	0173  :   000;
	0174  :   000;
	0175  :   000;
	0176  :   000;
	0177  :   000;
	0178  :   000;
	0179  :   000;
	017a  :   000;
	017b  :   000;
	017c  :   000;
	017d  :   000;
	017e  :   000;
	017f  :   000;
	0180  :   000;
	0181  :   000;
	0182  :   000;
	0183  :   000;
	0184  :   000;
	0185  :   000;
	0186  :   000;
	0187  :   000;
	0188  :   000;
	0189  :   000;
	018a  :   000;
	018b  :   000;
	018c  :   000;
	018d  :   000;
	018e  :   000;
	018f  :   000;
	0190  :   000;
	0191  :   000;
	0192  :   000;
	0193  :   000;
	0194  :   000;
	0195  :   000;
	0196  :   000;
	0197  :   000;
	0198  :   000;
	0199  :   000;
	019a  :   000;
	019b  :   000;
	019c  :   000;
	019d  :   000;
	019e  :   000;
	019f  :   000;
	01a0  :   000;
	01a1  :   000;
	01a2  :   000;
	01a3  :   000;
	01a4  :   000;
	01a5  :   000;
	01a6  :   000;
	01a7  :   000;
	01a8  :   000;
	01a9  :   000;
	01aa  :   000;
	01ab  :   000;
	01ac  :   000;
	01ad  :   000;
	01ae  :   000;
	01af  :   000;
	01b0  :   000;
	01b1  :   000;
	01b2  :   000;
	01b3  :   000;
	01b4  :   000;
	01b5  :   000;
	01b6  :   000;
	01b7  :   000;
	01b8  :   000;
	01b9  :   000;
	01ba  :   000;
	01bb  :   000;
	01bc  :   000;
	01bd  :   000;
	01be  :   000;
	01bf  :   000;
	01c0  :   000;
	01c1  :   000;
	01c2  :   000;
	01c3  :   000;
	01c4  :   000;
	01c5  :   000;
	01c6  :   000;
	01c7  :   000;
	01c8  :   000;
	01c9  :   000;
	01ca  :   000;
	01cb  :   000;
	01cc  :   000;
	01cd  :   000;
	01ce  :   000;
	01cf  :   000;
	01d0  :   000;
	01d1  :   000;
	01d2  :   000;
	01d3  :   000;
	01d4  :   000;
	01d5  :   000;
	01d6  :   000;
	01d7  :   000;
	01d8  :   000;
	01d9  :   000;
	01da  :   000;
	01db  :   000;
	01dc  :   000;
	01dd  :   000;
	01de  :   000;
	01df  :   000;
	01e0  :   000;
	01e1  :   000;
	01e2  :   000;
	01e3  :   000;
	01e4  :   000;
	01e5  :   000;
	01e6  :   000;
	01e7  :   000;
	01e8  :   000;
	01e9  :   000;
	01ea  :   000;
	01eb  :   000;
	01ec  :   000;
	01ed  :   000;
	01ee  :   000;
	01ef  :   000;
	01f0  :   000;
	01f1  :   000;
	01f2  :   000;
	01f3  :   000;
	01f4  :   000;
	01f5  :   000;
	01f6  :   000;
	01f7  :   000;
	01f8  :   000;
	01f9  :   000;
	01fa  :   000;
	01fb  :   000;
	01fc  :   000;
	01fd  :   000;
	01fe  :   000;
	01ff  :   000;
	0200  :   000;
	0201  :   000;
	0202  :   000;
	0203  :   000;
	0204  :   000;
	0205  :   000;
	0206  :   000;
	0207  :   000;
	0208  :   000;
	0209  :   000;
	020a  :   000;
	020b  :   000;
	020c  :   000;
	020d  :   000;
	020e  :   000;
	020f  :   000;
	0210  :   000;
	0211  :   000;
	0212  :   000;
	0213  :   000;
	0214  :   000;
	0215  :   000;
	0216  :   000;
	0217  :   000;
	0218  :   000;
	0219  :   000;
	021a  :   000;
	021b  :   000;
	021c  :   000;
	021d  :   000;
	021e  :   000;
	021f  :   000;
	0220  :   000;
	0221  :   000;
	0222  :   000;
	0223  :   000;
	0224  :   000;
	0225  :   000;
	0226  :   000;
	0227  :   000;
	0228  :   000;
	0229  :   000;
	022a  :   000;
	022b  :   000;
	022c  :   000;
	022d  :   000;
	022e  :   000;
	022f  :   000;
	0230  :   000;
	0231  :   000;
	0232  :   000;
	0233  :   000;
	0234  :   000;
	0235  :   000;
	0236  :   000;
	0237  :   000;
	0238  :   000;
	0239  :   000;
	023a  :   000;
	023b  :   000;
	023c  :   000;
	023d  :   000;
	023e  :   000;
	023f  :   000;
	0240  :   000;
	0241  :   000;
	0242  :   000;
	0243  :   000;
	0244  :   000;
	0245  :   000;
	0246  :   000;
	0247  :   000;
	0248  :   000;
	0249  :   000;
	024a  :   000;
	024b  :   000;
	024c  :   000;
	024d  :   000;
	024e  :   000;
	024f  :   000;
	0250  :   000;
	0251  :   000;
	0252  :   000;
	0253  :   000;
	0254  :   000;
	0255  :   000;
	0256  :   000;
	0257  :   000;
	0258  :   000;
	0259  :   000;
	025a  :   000;
	025b  :   000;
	025c  :   000;
	025d  :   000;
	025e  :   000;
	025f  :   000;
	0260  :   000;
	0261  :   000;
	0262  :   000;
	0263  :   000;
	0264  :   000;
	0265  :   000;
	0266  :   000;
	0267  :   000;
	0268  :   000;
	0269  :   000;
	026a  :   000;
	026b  :   000;
	026c  :   000;
	026d  :   000;
	026e  :   000;
	026f  :   000;
	0270  :   000;
	0271  :   000;
	0272  :   000;
	0273  :   000;
	0274  :   000;
	0275  :   000;
	0276  :   000;
	0277  :   000;
	0278  :   000;
	0279  :   000;
	027a  :   000;
	027b  :   000;
	027c  :   000;
	027d  :   000;
	027e  :   000;
	027f  :   000;
	0280  :   000;
	0281  :   000;
	0282  :   000;
	0283  :   000;
	0284  :   000;
	0285  :   000;
	0286  :   000;
	0287  :   000;
	0288  :   000;
	0289  :   000;
	028a  :   000;
	028b  :   000;
	028c  :   000;
	028d  :   000;
	028e  :   000;
	028f  :   000;
	0290  :   000;
	0291  :   000;
	0292  :   000;
	0293  :   000;
	0294  :   000;
	0295  :   000;
	0296  :   000;
	0297  :   000;
	0298  :   000;
	0299  :   000;
	029a  :   000;
	029b  :   000;
	029c  :   000;
	029d  :   000;
	029e  :   000;
	029f  :   000;
	02a0  :   000;
	02a1  :   000;
	02a2  :   000;
	02a3  :   000;
	02a4  :   000;
	02a5  :   000;
	02a6  :   000;
	02a7  :   000;
	02a8  :   000;
	02a9  :   000;
	02aa  :   000;
	02ab  :   000;
	02ac  :   000;
	02ad  :   000;
	02ae  :   000;
	02af  :   000;
	02b0  :   000;
	02b1  :   000;
	02b2  :   000;
	02b3  :   000;
	02b4  :   000;
	02b5  :   000;
	02b6  :   000;
	02b7  :   000;
	02b8  :   000;
	02b9  :   000;
	02ba  :   000;
	02bb  :   000;
	02bc  :   000;
	02bd  :   000;
	02be  :   000;
	02bf  :   000;
	02c0  :   000;
	02c1  :   000;
	02c2  :   000;
	02c3  :   000;
	02c4  :   000;
	02c5  :   000;
	02c6  :   000;
	02c7  :   000;
	02c8  :   000;
	02c9  :   000;
	02ca  :   000;
	02cb  :   000;
	02cc  :   000;
	02cd  :   000;
	02ce  :   000;
	02cf  :   000;
	02d0  :   000;
	02d1  :   000;
	02d2  :   000;
	02d3  :   000;
	02d4  :   000;
	02d5  :   000;
	02d6  :   000;
	02d7  :   000;
	02d8  :   000;
	02d9  :   000;
	02da  :   000;
	02db  :   000;
	02dc  :   000;
	02dd  :   000;
	02de  :   000;
	02df  :   000;
	02e0  :   000;
	02e1  :   000;
	02e2  :   000;
	02e3  :   000;
	02e4  :   000;
	02e5  :   000;
	02e6  :   000;
	02e7  :   000;
	02e8  :   000;
	02e9  :   000;
	02ea  :   000;
	02eb  :   000;
	02ec  :   000;
	02ed  :   000;
	02ee  :   000;
	02ef  :   000;
	02f0  :   000;
	02f1  :   000;
	02f2  :   000;
	02f3  :   000;
	02f4  :   000;
	02f5  :   000;
	02f6  :   000;
	02f7  :   000;
	02f8  :   000;
	02f9  :   000;
	02fa  :   000;
	02fb  :   000;
	02fc  :   000;
	02fd  :   000;
	02fe  :   000;
	02ff  :   000;
	0300  :   000;
	0301  :   000;
	0302  :   000;
	0303  :   000;
	0304  :   000;
	0305  :   000;
	0306  :   000;
	0307  :   000;
	0308  :   000;
	0309  :   000;
	030a  :   000;
	030b  :   000;
	030c  :   000;
	030d  :   000;
	030e  :   000;
	030f  :   000;
	0310  :   000;
	0311  :   000;
	0312  :   000;
	0313  :   000;
	0314  :   000;
	0315  :   000;
	0316  :   000;
	0317  :   000;
	0318  :   000;
	0319  :   000;
	031a  :   000;
	031b  :   000;
	031c  :   000;
	031d  :   000;
	031e  :   000;
	031f  :   000;
	0320  :   000;
	0321  :   000;
	0322  :   000;
	0323  :   000;
	0324  :   000;
	0325  :   000;
	0326  :   000;
	0327  :   000;
	0328  :   000;
	0329  :   000;
	032a  :   000;
	032b  :   000;
	032c  :   000;
	032d  :   000;
	032e  :   000;
	032f  :   000;
	0330  :   000;
	0331  :   000;
	0332  :   000;
	0333  :   000;
	0334  :   000;
	0335  :   000;
	0336  :   000;
	0337  :   000;
	0338  :   000;
	0339  :   000;
	033a  :   000;
	033b  :   000;
	033c  :   000;
	033d  :   000;
	033e  :   000;
	033f  :   000;
	0340  :   000;
	0341  :   000;
	0342  :   000;
	0343  :   000;
	0344  :   000;
	0345  :   000;
	0346  :   000;
	0347  :   000;
	0348  :   000;
	0349  :   000;
	034a  :   000;
	034b  :   000;
	034c  :   000;
	034d  :   000;
	034e  :   000;
	034f  :   000;
	0350  :   000;
	0351  :   000;
	0352  :   000;
	0353  :   000;
	0354  :   000;
	0355  :   000;
	0356  :   000;
	0357  :   000;
	0358  :   000;
	0359  :   000;
	035a  :   000;
	035b  :   000;
	035c  :   000;
	035d  :   000;
	035e  :   000;
	035f  :   000;
	0360  :   000;
	0361  :   000;
	0362  :   000;
	0363  :   000;
	0364  :   000;
	0365  :   000;
	0366  :   000;
	0367  :   000;
	0368  :   000;
	0369  :   000;
	036a  :   000;
	036b  :   000;
	036c  :   000;
	036d  :   000;
	036e  :   000;
	036f  :   000;
	0370  :   000;
	0371  :   000;
	0372  :   000;
	0373  :   000;
	0374  :   000;
	0375  :   000;
	0376  :   000;
	0377  :   000;
	0378  :   000;
	0379  :   000;
	037a  :   000;
	037b  :   000;
	037c  :   000;
	037d  :   000;
	037e  :   000;
	037f  :   000;
	0380  :   000;
	0381  :   000;
	0382  :   000;
	0383  :   000;
	0384  :   000;
	0385  :   000;
	0386  :   000;
	0387  :   000;
	0388  :   000;
	0389  :   000;
	038a  :   000;
	038b  :   000;
	038c  :   000;
	038d  :   000;
	038e  :   000;
	038f  :   000;
	0390  :   000;
	0391  :   000;
	0392  :   000;
	0393  :   000;
	0394  :   000;
	0395  :   000;
	0396  :   000;
	0397  :   000;
	0398  :   000;
	0399  :   000;
	039a  :   000;
	039b  :   000;
	039c  :   000;
	039d  :   000;
	039e  :   000;
	039f  :   000;
	03a0  :   000;
	03a1  :   000;
	03a2  :   000;
	03a3  :   000;
	03a4  :   000;
	03a5  :   000;
	03a6  :   000;
	03a7  :   000;
	03a8  :   000;
	03a9  :   000;
	03aa  :   000;
	03ab  :   000;
	03ac  :   000;
	03ad  :   000;
	03ae  :   000;
	03af  :   000;
	03b0  :   000;
	03b1  :   000;
	03b2  :   000;
	03b3  :   000;
	03b4  :   000;
	03b5  :   000;
	03b6  :   000;
	03b7  :   000;
	03b8  :   000;
	03b9  :   000;
	03ba  :   000;
	03bb  :   000;
	03bc  :   000;
	03bd  :   000;
	03be  :   000;
	03bf  :   000;
	03c0  :   000;
	03c1  :   000;
	03c2  :   000;
	03c3  :   000;
	03c4  :   000;
	03c5  :   000;
	03c6  :   000;
	03c7  :   000;
	03c8  :   000;
	03c9  :   000;
	03ca  :   000;
	03cb  :   000;
	03cc  :   000;
	03cd  :   000;
	03ce  :   000;
	03cf  :   000;
	03d0  :   000;
	03d1  :   000;
	03d2  :   000;
	03d3  :   000;
	03d4  :   000;
	03d5  :   000;
	03d6  :   000;
	03d7  :   000;
	03d8  :   000;
	03d9  :   000;
	03da  :   000;
	03db  :   000;
	03dc  :   000;
	03dd  :   000;
	03de  :   000;
	03df  :   000;
	03e0  :   000;
	03e1  :   000;
	03e2  :   000;
	03e3  :   000;
	03e4  :   000;
	03e5  :   000;
	03e6  :   000;
	03e7  :   000;
	03e8  :   000;
	03e9  :   000;
	03ea  :   000;
	03eb  :   000;
	03ec  :   000;
	03ed  :   000;
	03ee  :   000;
	03ef  :   000;
	03f0  :   000;
	03f1  :   000;
	03f2  :   000;
	03f3  :   000;
	03f4  :   000;
	03f5  :   000;
	03f6  :   000;
	03f7  :   000;
	03f8  :   000;
	03f9  :   000;
	03fa  :   000;
	03fb  :   000;
	03fc  :   000;
	03fd  :   000;
	03fe  :   000;
	03ff  :   000;
	0400  :   000;
	0401  :   000;
	0402  :   000;
	0403  :   000;
	0404  :   000;
	0405  :   000;
	0406  :   000;
	0407  :   000;
	0408  :   000;
	0409  :   000;
	040a  :   000;
	040b  :   000;
	040c  :   000;
	040d  :   000;
	040e  :   000;
	040f  :   000;
	0410  :   000;
	0411  :   000;
	0412  :   000;
	0413  :   000;
	0414  :   000;
	0415  :   000;
	0416  :   000;
	0417  :   000;
	0418  :   000;
	0419  :   000;
	041a  :   000;
	041b  :   000;
	041c  :   000;
	041d  :   000;
	041e  :   000;
	041f  :   000;
	0420  :   000;
	0421  :   000;
	0422  :   000;
	0423  :   000;
	0424  :   000;
	0425  :   000;
	0426  :   000;
	0427  :   000;
	0428  :   000;
	0429  :   000;
	042a  :   000;
	042b  :   000;
	042c  :   000;
	042d  :   000;
	042e  :   000;
	042f  :   000;
	0430  :   000;
	0431  :   000;
	0432  :   000;
	0433  :   000;
	0434  :   000;
	0435  :   000;
	0436  :   000;
	0437  :   000;
	0438  :   000;
	0439  :   000;
	043a  :   000;
	043b  :   000;
	043c  :   000;
	043d  :   000;
	043e  :   000;
	043f  :   000;
	0440  :   000;
	0441  :   000;
	0442  :   000;
	0443  :   000;
	0444  :   000;
	0445  :   000;
	0446  :   000;
	0447  :   000;
	0448  :   000;
	0449  :   000;
	044a  :   000;
	044b  :   000;
	044c  :   000;
	044d  :   000;
	044e  :   000;
	044f  :   000;
	0450  :   000;
	0451  :   000;
	0452  :   000;
	0453  :   000;
	0454  :   000;
	0455  :   000;
	0456  :   000;
	0457  :   000;
	0458  :   000;
	0459  :   000;
	045a  :   000;
	045b  :   000;
	045c  :   000;
	045d  :   000;
	045e  :   000;
	045f  :   000;
	0460  :   000;
	0461  :   000;
	0462  :   000;
	0463  :   000;
	0464  :   000;
	0465  :   000;
	0466  :   000;
	0467  :   000;
	0468  :   000;
	0469  :   000;
	046a  :   000;
	046b  :   000;
	046c  :   000;
	046d  :   000;
	046e  :   000;
	046f  :   000;
	0470  :   000;
	0471  :   000;
	0472  :   000;
	0473  :   000;
	0474  :   000;
	0475  :   000;
	0476  :   000;
	0477  :   000;
	0478  :   000;
	0479  :   000;
	047a  :   000;
	047b  :   000;
	047c  :   000;
	047d  :   000;
	047e  :   000;
	047f  :   000;
	0480  :   000;
	0481  :   000;
	0482  :   000;
	0483  :   000;
	0484  :   000;
	0485  :   000;
	0486  :   000;
	0487  :   000;
	0488  :   000;
	0489  :   000;
	048a  :   000;
	048b  :   000;
	048c  :   000;
	048d  :   000;
	048e  :   000;
	048f  :   000;
	0490  :   000;
	0491  :   000;
	0492  :   000;
	0493  :   000;
	0494  :   000;
	0495  :   000;
	0496  :   000;
	0497  :   000;
	0498  :   000;
	0499  :   000;
	049a  :   000;
	049b  :   000;
	049c  :   000;
	049d  :   000;
	049e  :   000;
	049f  :   000;
	04a0  :   000;
	04a1  :   000;
	04a2  :   000;
	04a3  :   000;
	04a4  :   000;
	04a5  :   000;
	04a6  :   000;
	04a7  :   000;
	04a8  :   000;
	04a9  :   000;
	04aa  :   000;
	04ab  :   000;
	04ac  :   000;
	04ad  :   000;
	04ae  :   000;
	04af  :   000;
	04b0  :   000;
	04b1  :   000;
	04b2  :   000;
	04b3  :   000;
	04b4  :   000;
	04b5  :   000;
	04b6  :   000;
	04b7  :   000;
	04b8  :   000;
	04b9  :   000;
	04ba  :   000;
	04bb  :   000;
	04bc  :   000;
	04bd  :   000;
	04be  :   000;
	04bf  :   000;
	04c0  :   000;
	04c1  :   000;
	04c2  :   000;
	04c3  :   000;
	04c4  :   000;
	04c5  :   000;
	04c6  :   000;
	04c7  :   000;
	04c8  :   000;
	04c9  :   000;
	04ca  :   000;
	04cb  :   000;
	04cc  :   000;
	04cd  :   000;
	04ce  :   000;
	04cf  :   000;
	04d0  :   000;
	04d1  :   000;
	04d2  :   000;
	04d3  :   000;
	04d4  :   000;
	04d5  :   000;
	04d6  :   000;
	04d7  :   000;
	04d8  :   000;
	04d9  :   000;
	04da  :   000;
	04db  :   000;
	04dc  :   000;
	04dd  :   000;
	04de  :   000;
	04df  :   000;
	04e0  :   000;
	04e1  :   000;
	04e2  :   000;
	04e3  :   000;
	04e4  :   000;
	04e5  :   000;
	04e6  :   000;
	04e7  :   000;
	04e8  :   000;
	04e9  :   000;
	04ea  :   000;
	04eb  :   000;
	04ec  :   000;
	04ed  :   000;
	04ee  :   000;
	04ef  :   000;
	04f0  :   000;
	04f1  :   000;
	04f2  :   000;
	04f3  :   000;
	04f4  :   000;
	04f5  :   000;
	04f6  :   000;
	04f7  :   000;
	04f8  :   000;
	04f9  :   000;
	04fa  :   000;
	04fb  :   000;
	04fc  :   000;
	04fd  :   000;
	04fe  :   000;
	04ff  :   000;
	0500  :   000;
	0501  :   000;
	0502  :   000;
	0503  :   000;
	0504  :   000;
	0505  :   000;
	0506  :   000;
	0507  :   000;
	0508  :   000;
	0509  :   000;
	050a  :   000;
	050b  :   000;
	050c  :   000;
	050d  :   000;
	050e  :   000;
	050f  :   000;
	0510  :   000;
	0511  :   000;
	0512  :   000;
	0513  :   000;
	0514  :   000;
	0515  :   000;
	0516  :   000;
	0517  :   000;
	0518  :   000;
	0519  :   000;
	051a  :   000;
	051b  :   000;
	051c  :   000;
	051d  :   000;
	051e  :   000;
	051f  :   000;
	0520  :   000;
	0521  :   000;
	0522  :   000;
	0523  :   000;
	0524  :   000;
	0525  :   000;
	0526  :   000;
	0527  :   000;
	0528  :   000;
	0529  :   000;
	052a  :   000;
	052b  :   000;
	052c  :   000;
	052d  :   000;
	052e  :   000;
	052f  :   000;
	0530  :   000;
	0531  :   000;
	0532  :   000;
	0533  :   000;
	0534  :   000;
	0535  :   000;
	0536  :   000;
	0537  :   000;
	0538  :   000;
	0539  :   000;
	053a  :   000;
	053b  :   000;
	053c  :   000;
	053d  :   000;
	053e  :   000;
	053f  :   000;
	0540  :   000;
	0541  :   000;
	0542  :   000;
	0543  :   000;
	0544  :   000;
	0545  :   000;
	0546  :   000;
	0547  :   000;
	0548  :   000;
	0549  :   000;
	054a  :   000;
	054b  :   000;
	054c  :   000;
	054d  :   000;
	054e  :   000;
	054f  :   000;
	0550  :   000;
	0551  :   000;
	0552  :   000;
	0553  :   000;
	0554  :   000;
	0555  :   000;
	0556  :   000;
	0557  :   000;
	0558  :   000;
	0559  :   000;
	055a  :   000;
	055b  :   000;
	055c  :   000;
	055d  :   000;
	055e  :   000;
	055f  :   000;
	0560  :   000;
	0561  :   000;
	0562  :   000;
	0563  :   000;
	0564  :   000;
	0565  :   000;
	0566  :   000;
	0567  :   000;
	0568  :   000;
	0569  :   000;
	056a  :   000;
	056b  :   000;
	056c  :   000;
	056d  :   000;
	056e  :   000;
	056f  :   000;
	0570  :   000;
	0571  :   000;
	0572  :   000;
	0573  :   000;
	0574  :   000;
	0575  :   000;
	0576  :   000;
	0577  :   000;
	0578  :   000;
	0579  :   000;
	057a  :   000;
	057b  :   000;
	057c  :   000;
	057d  :   000;
	057e  :   000;
	057f  :   000;
	0580  :   000;
	0581  :   000;
	0582  :   000;
	0583  :   000;
	0584  :   000;
	0585  :   000;
	0586  :   000;
	0587  :   000;
	0588  :   000;
	0589  :   000;
	058a  :   000;
	058b  :   000;
	058c  :   000;
	058d  :   000;
	058e  :   000;
	058f  :   000;
	0590  :   000;
	0591  :   000;
	0592  :   000;
	0593  :   000;
	0594  :   000;
	0595  :   000;
	0596  :   000;
	0597  :   000;
	0598  :   000;
	0599  :   000;
	059a  :   000;
	059b  :   000;
	059c  :   000;
	059d  :   000;
	059e  :   000;
	059f  :   000;
	05a0  :   000;
	05a1  :   000;
	05a2  :   000;
	05a3  :   000;
	05a4  :   000;
	05a5  :   000;
	05a6  :   000;
	05a7  :   000;
	05a8  :   000;
	05a9  :   000;
	05aa  :   000;
	05ab  :   000;
	05ac  :   000;
	05ad  :   000;
	05ae  :   000;
	05af  :   000;
	05b0  :   000;
	05b1  :   000;
	05b2  :   000;
	05b3  :   000;
	05b4  :   000;
	05b5  :   000;
	05b6  :   000;
	05b7  :   000;
	05b8  :   000;
	05b9  :   000;
	05ba  :   000;
	05bb  :   000;
	05bc  :   000;
	05bd  :   000;
	05be  :   000;
	05bf  :   000;
	05c0  :   000;
	05c1  :   000;
	05c2  :   000;
	05c3  :   000;
	05c4  :   000;
	05c5  :   000;
	05c6  :   000;
	05c7  :   000;
	05c8  :   000;
	05c9  :   000;
	05ca  :   000;
	05cb  :   000;
	05cc  :   000;
	05cd  :   000;
	05ce  :   000;
	05cf  :   000;
	05d0  :   000;
	05d1  :   000;
	05d2  :   000;
	05d3  :   000;
	05d4  :   000;
	05d5  :   000;
	05d6  :   000;
	05d7  :   000;
	05d8  :   000;
	05d9  :   000;
	05da  :   000;
	05db  :   000;
	05dc  :   000;
	05dd  :   000;
	05de  :   000;
	05df  :   000;
	05e0  :   000;
	05e1  :   000;
	05e2  :   000;
	05e3  :   000;
	05e4  :   000;
	05e5  :   000;
	05e6  :   000;
	05e7  :   000;
	05e8  :   000;
	05e9  :   000;
	05ea  :   000;
	05eb  :   000;
	05ec  :   000;
	05ed  :   000;
	05ee  :   000;
	05ef  :   000;
	05f0  :   000;
	05f1  :   000;
	05f2  :   000;
	05f3  :   000;
	05f4  :   000;
	05f5  :   000;
	05f6  :   000;
	05f7  :   000;
	05f8  :   000;
	05f9  :   000;
	05fa  :   000;
	05fb  :   000;
	05fc  :   000;
	05fd  :   000;
	05fe  :   000;
	05ff  :   000;
	0600  :   000;
	0601  :   000;
	0602  :   000;
	0603  :   000;
	0604  :   000;
	0605  :   000;
	0606  :   000;
	0607  :   000;
	0608  :   000;
	0609  :   000;
	060a  :   000;
	060b  :   000;
	060c  :   000;
	060d  :   000;
	060e  :   000;
	060f  :   000;
	0610  :   000;
	0611  :   000;
	0612  :   000;
	0613  :   000;
	0614  :   000;
	0615  :   000;
	0616  :   000;
	0617  :   000;
	0618  :   000;
	0619  :   000;
	061a  :   000;
	061b  :   000;
	061c  :   000;
	061d  :   000;
	061e  :   000;
	061f  :   000;
	0620  :   000;
	0621  :   000;
	0622  :   000;
	0623  :   000;
	0624  :   000;
	0625  :   000;
	0626  :   000;
	0627  :   000;
	0628  :   000;
	0629  :   000;
	062a  :   000;
	062b  :   000;
	062c  :   000;
	062d  :   000;
	062e  :   000;
	062f  :   000;
	0630  :   000;
	0631  :   000;
	0632  :   000;
	0633  :   000;
	0634  :   000;
	0635  :   000;
	0636  :   000;
	0637  :   000;
	0638  :   000;
	0639  :   000;
	063a  :   000;
	063b  :   000;
	063c  :   000;
	063d  :   000;
	063e  :   000;
	063f  :   000;
	0640  :   000;
	0641  :   000;
	0642  :   000;
	0643  :   000;
	0644  :   000;
	0645  :   000;
	0646  :   000;
	0647  :   000;
	0648  :   000;
	0649  :   000;
	064a  :   000;
	064b  :   000;
	064c  :   000;
	064d  :   000;
	064e  :   000;
	064f  :   000;
	0650  :   000;
	0651  :   000;
	0652  :   000;
	0653  :   000;
	0654  :   000;
	0655  :   000;
	0656  :   000;
	0657  :   000;
	0658  :   000;
	0659  :   000;
	065a  :   000;
	065b  :   000;
	065c  :   000;
	065d  :   000;
	065e  :   000;
	065f  :   000;
	0660  :   000;
	0661  :   000;
	0662  :   000;
	0663  :   000;
	0664  :   000;
	0665  :   000;
	0666  :   000;
	0667  :   000;
	0668  :   000;
	0669  :   000;
	066a  :   000;
	066b  :   000;
	066c  :   000;
	066d  :   000;
	066e  :   000;
	066f  :   000;
	0670  :   000;
	0671  :   000;
	0672  :   000;
	0673  :   000;
	0674  :   000;
	0675  :   000;
	0676  :   000;
	0677  :   000;
	0678  :   000;
	0679  :   000;
	067a  :   000;
	067b  :   000;
	067c  :   000;
	067d  :   000;
	067e  :   000;
	067f  :   000;
	0680  :   000;
	0681  :   000;
	0682  :   000;
	0683  :   000;
	0684  :   000;
	0685  :   000;
	0686  :   000;
	0687  :   000;
	0688  :   000;
	0689  :   000;
	068a  :   000;
	068b  :   000;
	068c  :   000;
	068d  :   000;
	068e  :   000;
	068f  :   000;
	0690  :   000;
	0691  :   000;
	0692  :   000;
	0693  :   000;
	0694  :   000;
	0695  :   000;
	0696  :   000;
	0697  :   000;
	0698  :   000;
	0699  :   000;
	069a  :   000;
	069b  :   000;
	069c  :   000;
	069d  :   000;
	069e  :   000;
	069f  :   000;
	06a0  :   000;
	06a1  :   000;
	06a2  :   000;
	06a3  :   000;
	06a4  :   000;
	06a5  :   000;
	06a6  :   000;
	06a7  :   000;
	06a8  :   000;
	06a9  :   000;
	06aa  :   000;
	06ab  :   000;
	06ac  :   000;
	06ad  :   000;
	06ae  :   000;
	06af  :   000;
	06b0  :   000;
	06b1  :   000;
	06b2  :   000;
	06b3  :   000;
	06b4  :   000;
	06b5  :   000;
	06b6  :   000;
	06b7  :   000;
	06b8  :   000;
	06b9  :   000;
	06ba  :   000;
	06bb  :   000;
	06bc  :   000;
	06bd  :   000;
	06be  :   000;
	06bf  :   000;
	06c0  :   000;
	06c1  :   000;
	06c2  :   000;
	06c3  :   000;
	06c4  :   000;
	06c5  :   000;
	06c6  :   000;
	06c7  :   000;
	06c8  :   000;
	06c9  :   000;
	06ca  :   000;
	06cb  :   000;
	06cc  :   000;
	06cd  :   000;
	06ce  :   000;
	06cf  :   000;
	06d0  :   000;
	06d1  :   000;
	06d2  :   000;
	06d3  :   000;
	06d4  :   000;
	06d5  :   000;
	06d6  :   000;
	06d7  :   000;
	06d8  :   000;
	06d9  :   000;
	06da  :   000;
	06db  :   000;
	06dc  :   000;
	06dd  :   000;
	06de  :   000;
	06df  :   000;
	06e0  :   000;
	06e1  :   000;
	06e2  :   000;
	06e3  :   000;
	06e4  :   000;
	06e5  :   000;
	06e6  :   000;
	06e7  :   000;
	06e8  :   000;
	06e9  :   000;
	06ea  :   000;
	06eb  :   000;
	06ec  :   000;
	06ed  :   000;
	06ee  :   000;
	06ef  :   000;
	06f0  :   000;
	06f1  :   000;
	06f2  :   000;
	06f3  :   000;
	06f4  :   000;
	06f5  :   000;
	06f6  :   000;
	06f7  :   000;
	06f8  :   000;
	06f9  :   000;
	06fa  :   000;
	06fb  :   000;
	06fc  :   000;
	06fd  :   000;
	06fe  :   000;
	06ff  :   000;
	0700  :   000;
	0701  :   000;
	0702  :   000;
	0703  :   000;
	0704  :   000;
	0705  :   000;
	0706  :   000;
	0707  :   000;
	0708  :   000;
	0709  :   000;
	070a  :   000;
	070b  :   000;
	070c  :   000;
	070d  :   000;
	070e  :   000;
	070f  :   000;
	0710  :   000;
	0711  :   000;
	0712  :   000;
	0713  :   000;
	0714  :   000;
	0715  :   000;
	0716  :   000;
	0717  :   000;
	0718  :   000;
	0719  :   000;
	071a  :   000;
	071b  :   000;
	071c  :   000;
	071d  :   000;
	071e  :   000;
	071f  :   000;
	0720  :   000;
	0721  :   000;
	0722  :   000;
	0723  :   000;
	0724  :   000;
	0725  :   000;
	0726  :   000;
	0727  :   000;
	0728  :   000;
	0729  :   000;
	072a  :   000;
	072b  :   000;
	072c  :   000;
	072d  :   000;
	072e  :   000;
	072f  :   000;
	0730  :   000;
	0731  :   000;
	0732  :   000;
	0733  :   000;
	0734  :   000;
	0735  :   000;
	0736  :   000;
	0737  :   000;
	0738  :   000;
	0739  :   000;
	073a  :   000;
	073b  :   000;
	073c  :   000;
	073d  :   000;
	073e  :   000;
	073f  :   000;
	0740  :   000;
	0741  :   000;
	0742  :   000;
	0743  :   000;
	0744  :   000;
	0745  :   000;
	0746  :   000;
	0747  :   000;
	0748  :   000;
	0749  :   000;
	074a  :   000;
	074b  :   000;
	074c  :   111;
	074d  :   111;
	074e  :   111;
	074f  :   111;
	0750  :   111;
	0751  :   000;
	0752  :   000;
	0753  :   000;
	0754  :   000;
	0755  :   000;
	0756  :   000;
	0757  :   111;
	0758  :   111;
	0759  :   111;
	075a  :   111;
	075b  :   000;
	075c  :   000;
	075d  :   000;
	075e  :   000;
	075f  :   000;
	0760  :   000;
	0761  :   000;
	0762  :   000;
	0763  :   111;
	0764  :   111;
	0765  :   111;
	0766  :   111;
	0767  :   111;
	0768  :   111;
	0769  :   111;
	076a  :   000;
	076b  :   000;
	076c  :   000;
	076d  :   000;
	076e  :   000;
	076f  :   000;
	0770  :   000;
	0771  :   111;
	0772  :   111;
	0773  :   111;
	0774  :   111;
	0775  :   111;
	0776  :   111;
	0777  :   111;
	0778  :   111;
	0779  :   000;
	077a  :   000;
	077b  :   000;
	077c  :   000;
	077d  :   000;
	077e  :   000;
	077f  :   000;
	0780  :   000;
	0781  :   111;
	0782  :   111;
	0783  :   111;
	0784  :   111;
	0785  :   111;
	0786  :   111;
	0787  :   111;
	0788  :   111;
	0789  :   111;
	078a  :   000;
	078b  :   000;
	078c  :   000;
	078d  :   000;
	078e  :   000;
	078f  :   000;
	0790  :   000;
	0791  :   000;
	0792  :   000;
	0793  :   000;
	0794  :   000;
	0795  :   000;
	0796  :   000;
	0797  :   000;
	0798  :   000;
	0799  :   000;
	079a  :   000;
	079b  :   000;
	079c  :   000;
	079d  :   000;
	079e  :   000;
	079f  :   000;
	07a0  :   000;
	07a1  :   000;
	07a2  :   000;
	07a3  :   000;
	07a4  :   000;
	07a5  :   000;
	07a6  :   000;
	07a7  :   000;
	07a8  :   000;
	07a9  :   000;
	07aa  :   000;
	07ab  :   000;
	07ac  :   000;
	07ad  :   000;
	07ae  :   000;
	07af  :   000;
	07b0  :   000;
	07b1  :   000;
	07b2  :   000;
	07b3  :   000;
	07b4  :   000;
	07b5  :   000;
	07b6  :   000;
	07b7  :   000;
	07b8  :   000;
	07b9  :   000;
	07ba  :   000;
	07bb  :   000;
	07bc  :   000;
	07bd  :   000;
	07be  :   000;
	07bf  :   000;
	07c0  :   000;
	07c1  :   000;
	07c2  :   000;
	07c3  :   000;
	07c4  :   000;
	07c5  :   000;
	07c6  :   000;
	07c7  :   000;
	07c8  :   000;
	07c9  :   000;
	07ca  :   000;
	07cb  :   000;
	07cc  :   000;
	07cd  :   000;
	07ce  :   000;
	07cf  :   000;
	07d0  :   000;
	07d1  :   000;
	07d2  :   000;
	07d3  :   000;
	07d4  :   000;
	07d5  :   000;
	07d6  :   000;
	07d7  :   000;
	07d8  :   000;
	07d9  :   000;
	07da  :   000;
	07db  :   000;
	07dc  :   000;
	07dd  :   000;
	07de  :   000;
	07df  :   000;
	07e0  :   000;
	07e1  :   000;
	07e2  :   000;
	07e3  :   000;
	07e4  :   000;
	07e5  :   000;
	07e6  :   000;
	07e7  :   000;
	07e8  :   000;
	07e9  :   000;
	07ea  :   000;
	07eb  :   000;
	07ec  :   000;
	07ed  :   000;
	07ee  :   000;
	07ef  :   000;
	07f0  :   000;
	07f1  :   000;
	07f2  :   000;
	07f3  :   000;
	07f4  :   000;
	07f5  :   000;
	07f6  :   000;
	07f7  :   000;
	07f8  :   000;
	07f9  :   000;
	07fa  :   000;
	07fb  :   000;
	07fc  :   000;
	07fd  :   000;
	07fe  :   000;
	07ff  :   000;
	0800  :   000;
	0801  :   000;
	0802  :   000;
	0803  :   000;
	0804  :   000;
	0805  :   000;
	0806  :   000;
	0807  :   000;
	0808  :   000;
	0809  :   000;
	080a  :   000;
	080b  :   000;
	080c  :   000;
	080d  :   000;
	080e  :   000;
	080f  :   000;
	0810  :   000;
	0811  :   000;
	0812  :   000;
	0813  :   000;
	0814  :   000;
	0815  :   000;
	0816  :   000;
	0817  :   000;
	0818  :   000;
	0819  :   000;
	081a  :   000;
	081b  :   000;
	081c  :   000;
	081d  :   000;
	081e  :   000;
	081f  :   000;
	0820  :   000;
	0821  :   000;
	0822  :   000;
	0823  :   000;
	0824  :   000;
	0825  :   000;
	0826  :   000;
	0827  :   000;
	0828  :   000;
	0829  :   000;
	082a  :   000;
	082b  :   000;
	082c  :   111;
	082d  :   111;
	082e  :   111;
	082f  :   111;
	0830  :   111;
	0831  :   000;
	0832  :   000;
	0833  :   000;
	0834  :   000;
	0835  :   000;
	0836  :   000;
	0837  :   111;
	0838  :   111;
	0839  :   111;
	083a  :   111;
	083b  :   000;
	083c  :   000;
	083d  :   000;
	083e  :   000;
	083f  :   000;
	0840  :   000;
	0841  :   000;
	0842  :   111;
	0843  :   111;
	0844  :   111;
	0845  :   111;
	0846  :   111;
	0847  :   111;
	0848  :   111;
	0849  :   111;
	084a  :   111;
	084b  :   000;
	084c  :   000;
	084d  :   000;
	084e  :   000;
	084f  :   000;
	0850  :   000;
	0851  :   111;
	0852  :   111;
	0853  :   111;
	0854  :   111;
	0855  :   111;
	0856  :   111;
	0857  :   111;
	0858  :   111;
	0859  :   111;
	085a  :   000;
	085b  :   000;
	085c  :   000;
	085d  :   000;
	085e  :   000;
	085f  :   000;
	0860  :   111;
	0861  :   111;
	0862  :   111;
	0863  :   111;
	0864  :   111;
	0865  :   111;
	0866  :   111;
	0867  :   111;
	0868  :   111;
	0869  :   111;
	086a  :   000;
	086b  :   000;
	086c  :   000;
	086d  :   000;
	086e  :   000;
	086f  :   000;
	0870  :   000;
	0871  :   000;
	0872  :   000;
	0873  :   000;
	0874  :   000;
	0875  :   000;
	0876  :   000;
	0877  :   000;
	0878  :   000;
	0879  :   000;
	087a  :   000;
	087b  :   000;
	087c  :   000;
	087d  :   000;
	087e  :   000;
	087f  :   000;
	0880  :   000;
	0881  :   000;
	0882  :   000;
	0883  :   000;
	0884  :   000;
	0885  :   000;
	0886  :   000;
	0887  :   000;
	0888  :   000;
	0889  :   000;
	088a  :   000;
	088b  :   000;
	088c  :   000;
	088d  :   000;
	088e  :   000;
	088f  :   000;
	0890  :   000;
	0891  :   000;
	0892  :   000;
	0893  :   000;
	0894  :   000;
	0895  :   000;
	0896  :   000;
	0897  :   000;
	0898  :   000;
	0899  :   000;
	089a  :   000;
	089b  :   000;
	089c  :   000;
	089d  :   000;
	089e  :   000;
	089f  :   000;
	08a0  :   000;
	08a1  :   000;
	08a2  :   000;
	08a3  :   000;
	08a4  :   000;
	08a5  :   000;
	08a6  :   000;
	08a7  :   000;
	08a8  :   000;
	08a9  :   000;
	08aa  :   000;
	08ab  :   000;
	08ac  :   000;
	08ad  :   000;
	08ae  :   000;
	08af  :   000;
	08b0  :   000;
	08b1  :   000;
	08b2  :   000;
	08b3  :   000;
	08b4  :   000;
	08b5  :   000;
	08b6  :   000;
	08b7  :   000;
	08b8  :   000;
	08b9  :   000;
	08ba  :   000;
	08bb  :   000;
	08bc  :   000;
	08bd  :   000;
	08be  :   000;
	08bf  :   000;
	08c0  :   000;
	08c1  :   000;
	08c2  :   000;
	08c3  :   000;
	08c4  :   000;
	08c5  :   000;
	08c6  :   000;
	08c7  :   000;
	08c8  :   000;
	08c9  :   000;
	08ca  :   000;
	08cb  :   000;
	08cc  :   000;
	08cd  :   000;
	08ce  :   000;
	08cf  :   000;
	08d0  :   000;
	08d1  :   000;
	08d2  :   000;
	08d3  :   000;
	08d4  :   000;
	08d5  :   000;
	08d6  :   000;
	08d7  :   000;
	08d8  :   000;
	08d9  :   000;
	08da  :   000;
	08db  :   000;
	08dc  :   000;
	08dd  :   000;
	08de  :   000;
	08df  :   000;
	08e0  :   000;
	08e1  :   000;
	08e2  :   000;
	08e3  :   000;
	08e4  :   000;
	08e5  :   000;
	08e6  :   000;
	08e7  :   000;
	08e8  :   000;
	08e9  :   000;
	08ea  :   000;
	08eb  :   000;
	08ec  :   000;
	08ed  :   000;
	08ee  :   000;
	08ef  :   000;
	08f0  :   000;
	08f1  :   000;
	08f2  :   000;
	08f3  :   000;
	08f4  :   000;
	08f5  :   000;
	08f6  :   000;
	08f7  :   000;
	08f8  :   000;
	08f9  :   000;
	08fa  :   000;
	08fb  :   000;
	08fc  :   000;
	08fd  :   000;
	08fe  :   000;
	08ff  :   000;
	0900  :   000;
	0901  :   000;
	0902  :   000;
	0903  :   000;
	0904  :   000;
	0905  :   000;
	0906  :   000;
	0907  :   000;
	0908  :   000;
	0909  :   000;
	090a  :   000;
	090b  :   000;
	090c  :   111;
	090d  :   111;
	090e  :   111;
	090f  :   111;
	0910  :   111;
	0911  :   000;
	0912  :   000;
	0913  :   000;
	0914  :   000;
	0915  :   000;
	0916  :   111;
	0917  :   111;
	0918  :   111;
	0919  :   111;
	091a  :   111;
	091b  :   000;
	091c  :   000;
	091d  :   000;
	091e  :   000;
	091f  :   000;
	0920  :   000;
	0921  :   111;
	0922  :   111;
	0923  :   111;
	0924  :   111;
	0925  :   111;
	0926  :   111;
	0927  :   111;
	0928  :   111;
	0929  :   111;
	092a  :   111;
	092b  :   111;
	092c  :   000;
	092d  :   000;
	092e  :   000;
	092f  :   000;
	0930  :   111;
	0931  :   111;
	0932  :   111;
	0933  :   111;
	0934  :   111;
	0935  :   111;
	0936  :   111;
	0937  :   111;
	0938  :   111;
	0939  :   111;
	093a  :   111;
	093b  :   000;
	093c  :   000;
	093d  :   000;
	093e  :   000;
	093f  :   000;
	0940  :   111;
	0941  :   111;
	0942  :   111;
	0943  :   111;
	0944  :   111;
	0945  :   111;
	0946  :   111;
	0947  :   111;
	0948  :   111;
	0949  :   111;
	094a  :   000;
	094b  :   000;
	094c  :   000;
	094d  :   000;
	094e  :   000;
	094f  :   000;
	0950  :   000;
	0951  :   000;
	0952  :   000;
	0953  :   000;
	0954  :   000;
	0955  :   000;
	0956  :   000;
	0957  :   000;
	0958  :   000;
	0959  :   000;
	095a  :   000;
	095b  :   000;
	095c  :   000;
	095d  :   000;
	095e  :   000;
	095f  :   000;
	0960  :   000;
	0961  :   000;
	0962  :   000;
	0963  :   000;
	0964  :   000;
	0965  :   000;
	0966  :   000;
	0967  :   000;
	0968  :   000;
	0969  :   000;
	096a  :   000;
	096b  :   000;
	096c  :   000;
	096d  :   000;
	096e  :   000;
	096f  :   000;
	0970  :   000;
	0971  :   000;
	0972  :   000;
	0973  :   000;
	0974  :   000;
	0975  :   000;
	0976  :   000;
	0977  :   000;
	0978  :   000;
	0979  :   000;
	097a  :   000;
	097b  :   000;
	097c  :   000;
	097d  :   000;
	097e  :   000;
	097f  :   000;
	0980  :   000;
	0981  :   000;
	0982  :   000;
	0983  :   000;
	0984  :   000;
	0985  :   000;
	0986  :   000;
	0987  :   000;
	0988  :   000;
	0989  :   000;
	098a  :   000;
	098b  :   000;
	098c  :   000;
	098d  :   000;
	098e  :   000;
	098f  :   000;
	0990  :   000;
	0991  :   000;
	0992  :   000;
	0993  :   000;
	0994  :   000;
	0995  :   000;
	0996  :   000;
	0997  :   000;
	0998  :   000;
	0999  :   000;
	099a  :   000;
	099b  :   000;
	099c  :   000;
	099d  :   000;
	099e  :   000;
	099f  :   000;
	09a0  :   000;
	09a1  :   000;
	09a2  :   000;
	09a3  :   000;
	09a4  :   000;
	09a5  :   000;
	09a6  :   000;
	09a7  :   000;
	09a8  :   000;
	09a9  :   000;
	09aa  :   000;
	09ab  :   000;
	09ac  :   000;
	09ad  :   000;
	09ae  :   000;
	09af  :   000;
	09b0  :   000;
	09b1  :   000;
	09b2  :   000;
	09b3  :   000;
	09b4  :   000;
	09b5  :   000;
	09b6  :   000;
	09b7  :   000;
	09b8  :   000;
	09b9  :   000;
	09ba  :   000;
	09bb  :   000;
	09bc  :   000;
	09bd  :   000;
	09be  :   000;
	09bf  :   000;
	09c0  :   000;
	09c1  :   000;
	09c2  :   000;
	09c3  :   000;
	09c4  :   000;
	09c5  :   000;
	09c6  :   000;
	09c7  :   000;
	09c8  :   000;
	09c9  :   000;
	09ca  :   000;
	09cb  :   000;
	09cc  :   000;
	09cd  :   000;
	09ce  :   000;
	09cf  :   000;
	09d0  :   000;
	09d1  :   000;
	09d2  :   000;
	09d3  :   000;
	09d4  :   000;
	09d5  :   000;
	09d6  :   000;
	09d7  :   000;
	09d8  :   000;
	09d9  :   000;
	09da  :   000;
	09db  :   000;
	09dc  :   000;
	09dd  :   000;
	09de  :   000;
	09df  :   000;
	09e0  :   000;
	09e1  :   000;
	09e2  :   000;
	09e3  :   000;
	09e4  :   000;
	09e5  :   000;
	09e6  :   000;
	09e7  :   000;
	09e8  :   000;
	09e9  :   000;
	09ea  :   000;
	09eb  :   000;
	09ec  :   111;
	09ed  :   111;
	09ee  :   111;
	09ef  :   111;
	09f0  :   111;
	09f1  :   111;
	09f2  :   000;
	09f3  :   000;
	09f4  :   000;
	09f5  :   000;
	09f6  :   111;
	09f7  :   111;
	09f8  :   111;
	09f9  :   111;
	09fa  :   111;
	09fb  :   000;
	09fc  :   000;
	09fd  :   000;
	09fe  :   000;
	09ff  :   000;
	0a00  :   000;
	0a01  :   111;
	0a02  :   111;
	0a03  :   111;
	0a04  :   111;
	0a05  :   111;
	0a06  :   111;
	0a07  :   111;
	0a08  :   111;
	0a09  :   111;
	0a0a  :   111;
	0a0b  :   111;
	0a0c  :   000;
	0a0d  :   000;
	0a0e  :   000;
	0a0f  :   000;
	0a10  :   111;
	0a11  :   111;
	0a12  :   111;
	0a13  :   111;
	0a14  :   111;
	0a15  :   111;
	0a16  :   111;
	0a17  :   111;
	0a18  :   111;
	0a19  :   111;
	0a1a  :   111;
	0a1b  :   111;
	0a1c  :   000;
	0a1d  :   000;
	0a1e  :   000;
	0a1f  :   000;
	0a20  :   111;
	0a21  :   111;
	0a22  :   111;
	0a23  :   111;
	0a24  :   111;
	0a25  :   111;
	0a26  :   111;
	0a27  :   111;
	0a28  :   111;
	0a29  :   111;
	0a2a  :   000;
	0a2b  :   000;
	0a2c  :   000;
	0a2d  :   000;
	0a2e  :   000;
	0a2f  :   000;
	0a30  :   000;
	0a31  :   000;
	0a32  :   000;
	0a33  :   000;
	0a34  :   000;
	0a35  :   000;
	0a36  :   000;
	0a37  :   000;
	0a38  :   000;
	0a39  :   000;
	0a3a  :   000;
	0a3b  :   000;
	0a3c  :   000;
	0a3d  :   000;
	0a3e  :   000;
	0a3f  :   000;
	0a40  :   000;
	0a41  :   000;
	0a42  :   000;
	0a43  :   000;
	0a44  :   000;
	0a45  :   000;
	0a46  :   000;
	0a47  :   000;
	0a48  :   000;
	0a49  :   000;
	0a4a  :   000;
	0a4b  :   000;
	0a4c  :   000;
	0a4d  :   000;
	0a4e  :   000;
	0a4f  :   000;
	0a50  :   000;
	0a51  :   000;
	0a52  :   000;
	0a53  :   000;
	0a54  :   000;
	0a55  :   000;
	0a56  :   000;
	0a57  :   000;
	0a58  :   000;
	0a59  :   000;
	0a5a  :   000;
	0a5b  :   000;
	0a5c  :   000;
	0a5d  :   000;
	0a5e  :   000;
	0a5f  :   000;
	0a60  :   000;
	0a61  :   000;
	0a62  :   000;
	0a63  :   000;
	0a64  :   000;
	0a65  :   000;
	0a66  :   000;
	0a67  :   000;
	0a68  :   000;
	0a69  :   000;
	0a6a  :   000;
	0a6b  :   000;
	0a6c  :   000;
	0a6d  :   000;
	0a6e  :   000;
	0a6f  :   000;
	0a70  :   000;
	0a71  :   000;
	0a72  :   000;
	0a73  :   000;
	0a74  :   000;
	0a75  :   000;
	0a76  :   000;
	0a77  :   000;
	0a78  :   000;
	0a79  :   000;
	0a7a  :   000;
	0a7b  :   000;
	0a7c  :   000;
	0a7d  :   000;
	0a7e  :   000;
	0a7f  :   000;
	0a80  :   000;
	0a81  :   000;
	0a82  :   000;
	0a83  :   000;
	0a84  :   000;
	0a85  :   000;
	0a86  :   000;
	0a87  :   000;
	0a88  :   000;
	0a89  :   000;
	0a8a  :   000;
	0a8b  :   000;
	0a8c  :   000;
	0a8d  :   000;
	0a8e  :   000;
	0a8f  :   000;
	0a90  :   000;
	0a91  :   000;
	0a92  :   000;
	0a93  :   000;
	0a94  :   000;
	0a95  :   000;
	0a96  :   000;
	0a97  :   000;
	0a98  :   000;
	0a99  :   000;
	0a9a  :   000;
	0a9b  :   000;
	0a9c  :   000;
	0a9d  :   000;
	0a9e  :   000;
	0a9f  :   000;
	0aa0  :   000;
	0aa1  :   000;
	0aa2  :   000;
	0aa3  :   000;
	0aa4  :   000;
	0aa5  :   000;
	0aa6  :   000;
	0aa7  :   000;
	0aa8  :   000;
	0aa9  :   000;
	0aaa  :   000;
	0aab  :   000;
	0aac  :   000;
	0aad  :   000;
	0aae  :   000;
	0aaf  :   000;
	0ab0  :   000;
	0ab1  :   000;
	0ab2  :   000;
	0ab3  :   000;
	0ab4  :   000;
	0ab5  :   000;
	0ab6  :   000;
	0ab7  :   000;
	0ab8  :   000;
	0ab9  :   000;
	0aba  :   000;
	0abb  :   000;
	0abc  :   000;
	0abd  :   000;
	0abe  :   000;
	0abf  :   000;
	0ac0  :   000;
	0ac1  :   000;
	0ac2  :   000;
	0ac3  :   000;
	0ac4  :   000;
	0ac5  :   000;
	0ac6  :   000;
	0ac7  :   000;
	0ac8  :   000;
	0ac9  :   000;
	0aca  :   000;
	0acb  :   000;
	0acc  :   111;
	0acd  :   111;
	0ace  :   111;
	0acf  :   111;
	0ad0  :   111;
	0ad1  :   111;
	0ad2  :   000;
	0ad3  :   000;
	0ad4  :   000;
	0ad5  :   000;
	0ad6  :   111;
	0ad7  :   111;
	0ad8  :   111;
	0ad9  :   111;
	0ada  :   111;
	0adb  :   111;
	0adc  :   000;
	0add  :   000;
	0ade  :   000;
	0adf  :   000;
	0ae0  :   000;
	0ae1  :   111;
	0ae2  :   111;
	0ae3  :   111;
	0ae4  :   111;
	0ae5  :   000;
	0ae6  :   000;
	0ae7  :   000;
	0ae8  :   111;
	0ae9  :   111;
	0aea  :   111;
	0aeb  :   111;
	0aec  :   111;
	0aed  :   000;
	0aee  :   000;
	0aef  :   000;
	0af0  :   111;
	0af1  :   111;
	0af2  :   111;
	0af3  :   111;
	0af4  :   000;
	0af5  :   000;
	0af6  :   000;
	0af7  :   000;
	0af8  :   111;
	0af9  :   111;
	0afa  :   111;
	0afb  :   111;
	0afc  :   000;
	0afd  :   000;
	0afe  :   000;
	0aff  :   000;
	0b00  :   111;
	0b01  :   111;
	0b02  :   111;
	0b03  :   111;
	0b04  :   000;
	0b05  :   000;
	0b06  :   000;
	0b07  :   000;
	0b08  :   000;
	0b09  :   000;
	0b0a  :   000;
	0b0b  :   000;
	0b0c  :   000;
	0b0d  :   000;
	0b0e  :   000;
	0b0f  :   000;
	0b10  :   000;
	0b11  :   000;
	0b12  :   000;
	0b13  :   000;
	0b14  :   000;
	0b15  :   000;
	0b16  :   000;
	0b17  :   000;
	0b18  :   000;
	0b19  :   000;
	0b1a  :   000;
	0b1b  :   000;
	0b1c  :   000;
	0b1d  :   000;
	0b1e  :   000;
	0b1f  :   000;
	0b20  :   000;
	0b21  :   000;
	0b22  :   000;
	0b23  :   000;
	0b24  :   000;
	0b25  :   000;
	0b26  :   000;
	0b27  :   000;
	0b28  :   000;
	0b29  :   000;
	0b2a  :   000;
	0b2b  :   000;
	0b2c  :   000;
	0b2d  :   000;
	0b2e  :   000;
	0b2f  :   000;
	0b30  :   000;
	0b31  :   000;
	0b32  :   000;
	0b33  :   000;
	0b34  :   000;
	0b35  :   000;
	0b36  :   000;
	0b37  :   000;
	0b38  :   000;
	0b39  :   000;
	0b3a  :   000;
	0b3b  :   000;
	0b3c  :   000;
	0b3d  :   000;
	0b3e  :   000;
	0b3f  :   000;
	0b40  :   000;
	0b41  :   000;
	0b42  :   000;
	0b43  :   000;
	0b44  :   000;
	0b45  :   000;
	0b46  :   000;
	0b47  :   000;
	0b48  :   000;
	0b49  :   000;
	0b4a  :   000;
	0b4b  :   000;
	0b4c  :   000;
	0b4d  :   000;
	0b4e  :   000;
	0b4f  :   000;
	0b50  :   000;
	0b51  :   000;
	0b52  :   000;
	0b53  :   000;
	0b54  :   000;
	0b55  :   000;
	0b56  :   000;
	0b57  :   000;
	0b58  :   000;
	0b59  :   000;
	0b5a  :   000;
	0b5b  :   000;
	0b5c  :   000;
	0b5d  :   000;
	0b5e  :   000;
	0b5f  :   000;
	0b60  :   000;
	0b61  :   000;
	0b62  :   000;
	0b63  :   000;
	0b64  :   000;
	0b65  :   000;
	0b66  :   000;
	0b67  :   000;
	0b68  :   000;
	0b69  :   000;
	0b6a  :   000;
	0b6b  :   000;
	0b6c  :   000;
	0b6d  :   000;
	0b6e  :   000;
	0b6f  :   000;
	0b70  :   000;
	0b71  :   000;
	0b72  :   000;
	0b73  :   000;
	0b74  :   000;
	0b75  :   000;
	0b76  :   000;
	0b77  :   000;
	0b78  :   000;
	0b79  :   000;
	0b7a  :   000;
	0b7b  :   000;
	0b7c  :   000;
	0b7d  :   000;
	0b7e  :   000;
	0b7f  :   000;
	0b80  :   000;
	0b81  :   000;
	0b82  :   000;
	0b83  :   000;
	0b84  :   000;
	0b85  :   000;
	0b86  :   000;
	0b87  :   000;
	0b88  :   000;
	0b89  :   000;
	0b8a  :   000;
	0b8b  :   000;
	0b8c  :   000;
	0b8d  :   000;
	0b8e  :   000;
	0b8f  :   000;
	0b90  :   000;
	0b91  :   000;
	0b92  :   000;
	0b93  :   000;
	0b94  :   000;
	0b95  :   000;
	0b96  :   000;
	0b97  :   000;
	0b98  :   000;
	0b99  :   000;
	0b9a  :   000;
	0b9b  :   000;
	0b9c  :   000;
	0b9d  :   000;
	0b9e  :   000;
	0b9f  :   000;
	0ba0  :   000;
	0ba1  :   000;
	0ba2  :   000;
	0ba3  :   000;
	0ba4  :   000;
	0ba5  :   000;
	0ba6  :   000;
	0ba7  :   000;
	0ba8  :   000;
	0ba9  :   000;
	0baa  :   000;
	0bab  :   000;
	0bac  :   111;
	0bad  :   111;
	0bae  :   111;
	0baf  :   111;
	0bb0  :   111;
	0bb1  :   111;
	0bb2  :   000;
	0bb3  :   000;
	0bb4  :   000;
	0bb5  :   111;
	0bb6  :   111;
	0bb7  :   111;
	0bb8  :   111;
	0bb9  :   111;
	0bba  :   111;
	0bbb  :   111;
	0bbc  :   000;
	0bbd  :   000;
	0bbe  :   000;
	0bbf  :   000;
	0bc0  :   111;
	0bc1  :   111;
	0bc2  :   111;
	0bc3  :   111;
	0bc4  :   000;
	0bc5  :   000;
	0bc6  :   000;
	0bc7  :   000;
	0bc8  :   000;
	0bc9  :   111;
	0bca  :   111;
	0bcb  :   111;
	0bcc  :   111;
	0bcd  :   000;
	0bce  :   000;
	0bcf  :   000;
	0bd0  :   111;
	0bd1  :   111;
	0bd2  :   111;
	0bd3  :   111;
	0bd4  :   000;
	0bd5  :   000;
	0bd6  :   000;
	0bd7  :   000;
	0bd8  :   111;
	0bd9  :   111;
	0bda  :   111;
	0bdb  :   111;
	0bdc  :   000;
	0bdd  :   000;
	0bde  :   000;
	0bdf  :   000;
	0be0  :   111;
	0be1  :   111;
	0be2  :   111;
	0be3  :   111;
	0be4  :   000;
	0be5  :   000;
	0be6  :   000;
	0be7  :   000;
	0be8  :   000;
	0be9  :   000;
	0bea  :   000;
	0beb  :   000;
	0bec  :   000;
	0bed  :   000;
	0bee  :   000;
	0bef  :   000;
	0bf0  :   000;
	0bf1  :   000;
	0bf2  :   000;
	0bf3  :   000;
	0bf4  :   000;
	0bf5  :   000;
	0bf6  :   000;
	0bf7  :   000;
	0bf8  :   000;
	0bf9  :   000;
	0bfa  :   000;
	0bfb  :   000;
	0bfc  :   000;
	0bfd  :   000;
	0bfe  :   000;
	0bff  :   000;
	0c00  :   000;
	0c01  :   000;
	0c02  :   000;
	0c03  :   000;
	0c04  :   000;
	0c05  :   000;
	0c06  :   000;
	0c07  :   000;
	0c08  :   000;
	0c09  :   000;
	0c0a  :   000;
	0c0b  :   000;
	0c0c  :   000;
	0c0d  :   000;
	0c0e  :   000;
	0c0f  :   000;
	0c10  :   000;
	0c11  :   000;
	0c12  :   000;
	0c13  :   000;
	0c14  :   000;
	0c15  :   000;
	0c16  :   000;
	0c17  :   000;
	0c18  :   000;
	0c19  :   000;
	0c1a  :   000;
	0c1b  :   000;
	0c1c  :   000;
	0c1d  :   000;
	0c1e  :   000;
	0c1f  :   000;
	0c20  :   000;
	0c21  :   000;
	0c22  :   000;
	0c23  :   000;
	0c24  :   000;
	0c25  :   000;
	0c26  :   000;
	0c27  :   000;
	0c28  :   000;
	0c29  :   000;
	0c2a  :   000;
	0c2b  :   000;
	0c2c  :   000;
	0c2d  :   000;
	0c2e  :   000;
	0c2f  :   000;
	0c30  :   000;
	0c31  :   000;
	0c32  :   000;
	0c33  :   000;
	0c34  :   000;
	0c35  :   000;
	0c36  :   000;
	0c37  :   000;
	0c38  :   000;
	0c39  :   000;
	0c3a  :   000;
	0c3b  :   000;
	0c3c  :   000;
	0c3d  :   000;
	0c3e  :   000;
	0c3f  :   000;
	0c40  :   000;
	0c41  :   000;
	0c42  :   000;
	0c43  :   000;
	0c44  :   000;
	0c45  :   000;
	0c46  :   000;
	0c47  :   000;
	0c48  :   000;
	0c49  :   000;
	0c4a  :   000;
	0c4b  :   000;
	0c4c  :   000;
	0c4d  :   000;
	0c4e  :   000;
	0c4f  :   000;
	0c50  :   000;
	0c51  :   000;
	0c52  :   000;
	0c53  :   000;
	0c54  :   000;
	0c55  :   000;
	0c56  :   000;
	0c57  :   000;
	0c58  :   000;
	0c59  :   000;
	0c5a  :   000;
	0c5b  :   000;
	0c5c  :   000;
	0c5d  :   000;
	0c5e  :   000;
	0c5f  :   000;
	0c60  :   000;
	0c61  :   000;
	0c62  :   000;
	0c63  :   000;
	0c64  :   000;
	0c65  :   000;
	0c66  :   000;
	0c67  :   000;
	0c68  :   000;
	0c69  :   000;
	0c6a  :   000;
	0c6b  :   000;
	0c6c  :   000;
	0c6d  :   000;
	0c6e  :   000;
	0c6f  :   000;
	0c70  :   000;
	0c71  :   000;
	0c72  :   000;
	0c73  :   000;
	0c74  :   000;
	0c75  :   000;
	0c76  :   000;
	0c77  :   000;
	0c78  :   000;
	0c79  :   000;
	0c7a  :   000;
	0c7b  :   000;
	0c7c  :   000;
	0c7d  :   000;
	0c7e  :   000;
	0c7f  :   000;
	0c80  :   000;
	0c81  :   000;
	0c82  :   000;
	0c83  :   000;
	0c84  :   000;
	0c85  :   000;
	0c86  :   000;
	0c87  :   000;
	0c88  :   000;
	0c89  :   000;
	0c8a  :   000;
	0c8b  :   000;
	0c8c  :   111;
	0c8d  :   111;
	0c8e  :   111;
	0c8f  :   111;
	0c90  :   111;
	0c91  :   111;
	0c92  :   000;
	0c93  :   000;
	0c94  :   000;
	0c95  :   111;
	0c96  :   111;
	0c97  :   111;
	0c98  :   111;
	0c99  :   111;
	0c9a  :   111;
	0c9b  :   111;
	0c9c  :   000;
	0c9d  :   000;
	0c9e  :   000;
	0c9f  :   000;
	0ca0  :   111;
	0ca1  :   111;
	0ca2  :   111;
	0ca3  :   111;
	0ca4  :   000;
	0ca5  :   000;
	0ca6  :   000;
	0ca7  :   000;
	0ca8  :   000;
	0ca9  :   111;
	0caa  :   111;
	0cab  :   111;
	0cac  :   111;
	0cad  :   000;
	0cae  :   000;
	0caf  :   000;
	0cb0  :   111;
	0cb1  :   111;
	0cb2  :   111;
	0cb3  :   111;
	0cb4  :   000;
	0cb5  :   000;
	0cb6  :   000;
	0cb7  :   000;
	0cb8  :   000;
	0cb9  :   111;
	0cba  :   111;
	0cbb  :   111;
	0cbc  :   111;
	0cbd  :   000;
	0cbe  :   000;
	0cbf  :   000;
	0cc0  :   111;
	0cc1  :   111;
	0cc2  :   111;
	0cc3  :   111;
	0cc4  :   111;
	0cc5  :   111;
	0cc6  :   111;
	0cc7  :   111;
	0cc8  :   000;
	0cc9  :   000;
	0cca  :   000;
	0ccb  :   000;
	0ccc  :   000;
	0ccd  :   000;
	0cce  :   000;
	0ccf  :   000;
	0cd0  :   000;
	0cd1  :   000;
	0cd2  :   000;
	0cd3  :   000;
	0cd4  :   000;
	0cd5  :   000;
	0cd6  :   000;
	0cd7  :   000;
	0cd8  :   000;
	0cd9  :   000;
	0cda  :   000;
	0cdb  :   000;
	0cdc  :   000;
	0cdd  :   000;
	0cde  :   000;
	0cdf  :   000;
	0ce0  :   000;
	0ce1  :   000;
	0ce2  :   000;
	0ce3  :   000;
	0ce4  :   000;
	0ce5  :   000;
	0ce6  :   000;
	0ce7  :   000;
	0ce8  :   000;
	0ce9  :   000;
	0cea  :   000;
	0ceb  :   000;
	0cec  :   000;
	0ced  :   000;
	0cee  :   000;
	0cef  :   000;
	0cf0  :   000;
	0cf1  :   000;
	0cf2  :   000;
	0cf3  :   000;
	0cf4  :   000;
	0cf5  :   000;
	0cf6  :   000;
	0cf7  :   000;
	0cf8  :   000;
	0cf9  :   000;
	0cfa  :   000;
	0cfb  :   000;
	0cfc  :   000;
	0cfd  :   000;
	0cfe  :   000;
	0cff  :   000;
	0d00  :   000;
	0d01  :   000;
	0d02  :   000;
	0d03  :   000;
	0d04  :   000;
	0d05  :   000;
	0d06  :   000;
	0d07  :   000;
	0d08  :   000;
	0d09  :   000;
	0d0a  :   000;
	0d0b  :   000;
	0d0c  :   000;
	0d0d  :   000;
	0d0e  :   000;
	0d0f  :   000;
	0d10  :   000;
	0d11  :   000;
	0d12  :   000;
	0d13  :   000;
	0d14  :   000;
	0d15  :   000;
	0d16  :   000;
	0d17  :   000;
	0d18  :   000;
	0d19  :   000;
	0d1a  :   000;
	0d1b  :   000;
	0d1c  :   000;
	0d1d  :   000;
	0d1e  :   000;
	0d1f  :   000;
	0d20  :   000;
	0d21  :   000;
	0d22  :   000;
	0d23  :   000;
	0d24  :   000;
	0d25  :   000;
	0d26  :   000;
	0d27  :   000;
	0d28  :   000;
	0d29  :   000;
	0d2a  :   000;
	0d2b  :   000;
	0d2c  :   000;
	0d2d  :   000;
	0d2e  :   000;
	0d2f  :   000;
	0d30  :   000;
	0d31  :   000;
	0d32  :   000;
	0d33  :   000;
	0d34  :   000;
	0d35  :   000;
	0d36  :   000;
	0d37  :   000;
	0d38  :   000;
	0d39  :   000;
	0d3a  :   000;
	0d3b  :   000;
	0d3c  :   000;
	0d3d  :   000;
	0d3e  :   000;
	0d3f  :   000;
	0d40  :   000;
	0d41  :   000;
	0d42  :   000;
	0d43  :   000;
	0d44  :   000;
	0d45  :   000;
	0d46  :   000;
	0d47  :   000;
	0d48  :   000;
	0d49  :   000;
	0d4a  :   000;
	0d4b  :   000;
	0d4c  :   000;
	0d4d  :   000;
	0d4e  :   000;
	0d4f  :   000;
	0d50  :   000;
	0d51  :   000;
	0d52  :   000;
	0d53  :   000;
	0d54  :   000;
	0d55  :   000;
	0d56  :   000;
	0d57  :   000;
	0d58  :   000;
	0d59  :   000;
	0d5a  :   000;
	0d5b  :   000;
	0d5c  :   000;
	0d5d  :   000;
	0d5e  :   000;
	0d5f  :   000;
	0d60  :   000;
	0d61  :   000;
	0d62  :   000;
	0d63  :   000;
	0d64  :   000;
	0d65  :   000;
	0d66  :   000;
	0d67  :   000;
	0d68  :   000;
	0d69  :   000;
	0d6a  :   000;
	0d6b  :   111;
	0d6c  :   111;
	0d6d  :   111;
	0d6e  :   111;
	0d6f  :   111;
	0d70  :   111;
	0d71  :   111;
	0d72  :   111;
	0d73  :   000;
	0d74  :   000;
	0d75  :   111;
	0d76  :   111;
	0d77  :   111;
	0d78  :   111;
	0d79  :   111;
	0d7a  :   111;
	0d7b  :   111;
	0d7c  :   000;
	0d7d  :   000;
	0d7e  :   000;
	0d7f  :   000;
	0d80  :   111;
	0d81  :   111;
	0d82  :   111;
	0d83  :   111;
	0d84  :   000;
	0d85  :   000;
	0d86  :   000;
	0d87  :   000;
	0d88  :   000;
	0d89  :   111;
	0d8a  :   111;
	0d8b  :   111;
	0d8c  :   111;
	0d8d  :   000;
	0d8e  :   000;
	0d8f  :   000;
	0d90  :   111;
	0d91  :   111;
	0d92  :   111;
	0d93  :   111;
	0d94  :   000;
	0d95  :   000;
	0d96  :   000;
	0d97  :   000;
	0d98  :   000;
	0d99  :   111;
	0d9a  :   111;
	0d9b  :   111;
	0d9c  :   111;
	0d9d  :   000;
	0d9e  :   000;
	0d9f  :   000;
	0da0  :   111;
	0da1  :   111;
	0da2  :   111;
	0da3  :   111;
	0da4  :   111;
	0da5  :   111;
	0da6  :   111;
	0da7  :   111;
	0da8  :   111;
	0da9  :   000;
	0daa  :   000;
	0dab  :   000;
	0dac  :   000;
	0dad  :   000;
	0dae  :   000;
	0daf  :   000;
	0db0  :   000;
	0db1  :   000;
	0db2  :   000;
	0db3  :   000;
	0db4  :   000;
	0db5  :   000;
	0db6  :   000;
	0db7  :   000;
	0db8  :   000;
	0db9  :   000;
	0dba  :   000;
	0dbb  :   000;
	0dbc  :   000;
	0dbd  :   000;
	0dbe  :   000;
	0dbf  :   000;
	0dc0  :   000;
	0dc1  :   000;
	0dc2  :   000;
	0dc3  :   000;
	0dc4  :   000;
	0dc5  :   000;
	0dc6  :   000;
	0dc7  :   000;
	0dc8  :   000;
	0dc9  :   000;
	0dca  :   000;
	0dcb  :   000;
	0dcc  :   000;
	0dcd  :   000;
	0dce  :   000;
	0dcf  :   000;
	0dd0  :   000;
	0dd1  :   000;
	0dd2  :   000;
	0dd3  :   000;
	0dd4  :   000;
	0dd5  :   000;
	0dd6  :   000;
	0dd7  :   000;
	0dd8  :   000;
	0dd9  :   000;
	0dda  :   000;
	0ddb  :   000;
	0ddc  :   000;
	0ddd  :   000;
	0dde  :   000;
	0ddf  :   000;
	0de0  :   000;
	0de1  :   000;
	0de2  :   000;
	0de3  :   000;
	0de4  :   000;
	0de5  :   000;
	0de6  :   000;
	0de7  :   000;
	0de8  :   000;
	0de9  :   000;
	0dea  :   000;
	0deb  :   000;
	0dec  :   000;
	0ded  :   000;
	0dee  :   000;
	0def  :   000;
	0df0  :   000;
	0df1  :   000;
	0df2  :   000;
	0df3  :   000;
	0df4  :   000;
	0df5  :   000;
	0df6  :   000;
	0df7  :   000;
	0df8  :   000;
	0df9  :   000;
	0dfa  :   000;
	0dfb  :   000;
	0dfc  :   000;
	0dfd  :   000;
	0dfe  :   000;
	0dff  :   000;
	0e00  :   000;
	0e01  :   000;
	0e02  :   000;
	0e03  :   000;
	0e04  :   000;
	0e05  :   000;
	0e06  :   000;
	0e07  :   000;
	0e08  :   000;
	0e09  :   000;
	0e0a  :   000;
	0e0b  :   000;
	0e0c  :   000;
	0e0d  :   000;
	0e0e  :   000;
	0e0f  :   000;
	0e10  :   000;
	0e11  :   000;
	0e12  :   000;
	0e13  :   000;
	0e14  :   000;
	0e15  :   000;
	0e16  :   000;
	0e17  :   000;
	0e18  :   000;
	0e19  :   000;
	0e1a  :   000;
	0e1b  :   000;
	0e1c  :   000;
	0e1d  :   000;
	0e1e  :   000;
	0e1f  :   000;
	0e20  :   000;
	0e21  :   000;
	0e22  :   000;
	0e23  :   000;
	0e24  :   000;
	0e25  :   000;
	0e26  :   000;
	0e27  :   000;
	0e28  :   000;
	0e29  :   000;
	0e2a  :   000;
	0e2b  :   000;
	0e2c  :   000;
	0e2d  :   000;
	0e2e  :   000;
	0e2f  :   000;
	0e30  :   000;
	0e31  :   000;
	0e32  :   000;
	0e33  :   000;
	0e34  :   000;
	0e35  :   000;
	0e36  :   000;
	0e37  :   000;
	0e38  :   000;
	0e39  :   000;
	0e3a  :   000;
	0e3b  :   000;
	0e3c  :   000;
	0e3d  :   000;
	0e3e  :   000;
	0e3f  :   000;
	0e40  :   000;
	0e41  :   000;
	0e42  :   000;
	0e43  :   000;
	0e44  :   000;
	0e45  :   000;
	0e46  :   000;
	0e47  :   000;
	0e48  :   000;
	0e49  :   000;
	0e4a  :   000;
	0e4b  :   111;
	0e4c  :   111;
	0e4d  :   111;
	0e4e  :   111;
	0e4f  :   111;
	0e50  :   111;
	0e51  :   111;
	0e52  :   111;
	0e53  :   000;
	0e54  :   111;
	0e55  :   111;
	0e56  :   111;
	0e57  :   111;
	0e58  :   111;
	0e59  :   111;
	0e5a  :   111;
	0e5b  :   111;
	0e5c  :   000;
	0e5d  :   000;
	0e5e  :   000;
	0e5f  :   000;
	0e60  :   111;
	0e61  :   111;
	0e62  :   111;
	0e63  :   111;
	0e64  :   000;
	0e65  :   000;
	0e66  :   000;
	0e67  :   000;
	0e68  :   000;
	0e69  :   111;
	0e6a  :   111;
	0e6b  :   111;
	0e6c  :   111;
	0e6d  :   000;
	0e6e  :   000;
	0e6f  :   000;
	0e70  :   111;
	0e71  :   111;
	0e72  :   111;
	0e73  :   111;
	0e74  :   000;
	0e75  :   000;
	0e76  :   000;
	0e77  :   000;
	0e78  :   000;
	0e79  :   111;
	0e7a  :   111;
	0e7b  :   111;
	0e7c  :   111;
	0e7d  :   000;
	0e7e  :   000;
	0e7f  :   000;
	0e80  :   111;
	0e81  :   111;
	0e82  :   111;
	0e83  :   111;
	0e84  :   111;
	0e85  :   111;
	0e86  :   111;
	0e87  :   111;
	0e88  :   111;
	0e89  :   000;
	0e8a  :   000;
	0e8b  :   000;
	0e8c  :   000;
	0e8d  :   000;
	0e8e  :   000;
	0e8f  :   000;
	0e90  :   000;
	0e91  :   000;
	0e92  :   000;
	0e93  :   000;
	0e94  :   000;
	0e95  :   000;
	0e96  :   000;
	0e97  :   000;
	0e98  :   000;
	0e99  :   000;
	0e9a  :   000;
	0e9b  :   000;
	0e9c  :   000;
	0e9d  :   000;
	0e9e  :   000;
	0e9f  :   000;
	0ea0  :   000;
	0ea1  :   000;
	0ea2  :   000;
	0ea3  :   000;
	0ea4  :   000;
	0ea5  :   000;
	0ea6  :   000;
	0ea7  :   000;
	0ea8  :   000;
	0ea9  :   000;
	0eaa  :   000;
	0eab  :   000;
	0eac  :   000;
	0ead  :   000;
	0eae  :   000;
	0eaf  :   000;
	0eb0  :   000;
	0eb1  :   000;
	0eb2  :   000;
	0eb3  :   000;
	0eb4  :   000;
	0eb5  :   000;
	0eb6  :   000;
	0eb7  :   000;
	0eb8  :   000;
	0eb9  :   000;
	0eba  :   000;
	0ebb  :   000;
	0ebc  :   000;
	0ebd  :   000;
	0ebe  :   000;
	0ebf  :   000;
	0ec0  :   000;
	0ec1  :   000;
	0ec2  :   000;
	0ec3  :   000;
	0ec4  :   000;
	0ec5  :   000;
	0ec6  :   000;
	0ec7  :   000;
	0ec8  :   000;
	0ec9  :   000;
	0eca  :   000;
	0ecb  :   000;
	0ecc  :   000;
	0ecd  :   000;
	0ece  :   000;
	0ecf  :   000;
	0ed0  :   000;
	0ed1  :   000;
	0ed2  :   000;
	0ed3  :   000;
	0ed4  :   000;
	0ed5  :   000;
	0ed6  :   000;
	0ed7  :   000;
	0ed8  :   000;
	0ed9  :   000;
	0eda  :   000;
	0edb  :   000;
	0edc  :   000;
	0edd  :   000;
	0ede  :   000;
	0edf  :   000;
	0ee0  :   000;
	0ee1  :   000;
	0ee2  :   000;
	0ee3  :   000;
	0ee4  :   000;
	0ee5  :   000;
	0ee6  :   000;
	0ee7  :   000;
	0ee8  :   000;
	0ee9  :   000;
	0eea  :   000;
	0eeb  :   000;
	0eec  :   000;
	0eed  :   000;
	0eee  :   000;
	0eef  :   000;
	0ef0  :   000;
	0ef1  :   000;
	0ef2  :   000;
	0ef3  :   000;
	0ef4  :   000;
	0ef5  :   000;
	0ef6  :   000;
	0ef7  :   000;
	0ef8  :   000;
	0ef9  :   000;
	0efa  :   000;
	0efb  :   000;
	0efc  :   000;
	0efd  :   000;
	0efe  :   000;
	0eff  :   000;
	0f00  :   000;
	0f01  :   000;
	0f02  :   000;
	0f03  :   000;
	0f04  :   000;
	0f05  :   000;
	0f06  :   000;
	0f07  :   000;
	0f08  :   000;
	0f09  :   000;
	0f0a  :   000;
	0f0b  :   000;
	0f0c  :   000;
	0f0d  :   000;
	0f0e  :   000;
	0f0f  :   000;
	0f10  :   000;
	0f11  :   000;
	0f12  :   000;
	0f13  :   000;
	0f14  :   000;
	0f15  :   000;
	0f16  :   000;
	0f17  :   000;
	0f18  :   000;
	0f19  :   000;
	0f1a  :   000;
	0f1b  :   000;
	0f1c  :   000;
	0f1d  :   000;
	0f1e  :   000;
	0f1f  :   000;
	0f20  :   000;
	0f21  :   000;
	0f22  :   000;
	0f23  :   000;
	0f24  :   000;
	0f25  :   000;
	0f26  :   000;
	0f27  :   000;
	0f28  :   000;
	0f29  :   000;
	0f2a  :   000;
	0f2b  :   111;
	0f2c  :   111;
	0f2d  :   111;
	0f2e  :   111;
	0f2f  :   111;
	0f30  :   111;
	0f31  :   111;
	0f32  :   111;
	0f33  :   000;
	0f34  :   111;
	0f35  :   111;
	0f36  :   111;
	0f37  :   111;
	0f38  :   111;
	0f39  :   111;
	0f3a  :   111;
	0f3b  :   111;
	0f3c  :   000;
	0f3d  :   000;
	0f3e  :   000;
	0f3f  :   000;
	0f40  :   111;
	0f41  :   111;
	0f42  :   111;
	0f43  :   111;
	0f44  :   000;
	0f45  :   000;
	0f46  :   000;
	0f47  :   000;
	0f48  :   000;
	0f49  :   111;
	0f4a  :   111;
	0f4b  :   111;
	0f4c  :   111;
	0f4d  :   000;
	0f4e  :   000;
	0f4f  :   000;
	0f50  :   111;
	0f51  :   111;
	0f52  :   111;
	0f53  :   111;
	0f54  :   000;
	0f55  :   000;
	0f56  :   000;
	0f57  :   000;
	0f58  :   000;
	0f59  :   111;
	0f5a  :   111;
	0f5b  :   111;
	0f5c  :   111;
	0f5d  :   000;
	0f5e  :   000;
	0f5f  :   000;
	0f60  :   111;
	0f61  :   111;
	0f62  :   111;
	0f63  :   111;
	0f64  :   111;
	0f65  :   111;
	0f66  :   111;
	0f67  :   111;
	0f68  :   000;
	0f69  :   000;
	0f6a  :   000;
	0f6b  :   000;
	0f6c  :   000;
	0f6d  :   000;
	0f6e  :   000;
	0f6f  :   000;
	0f70  :   000;
	0f71  :   000;
	0f72  :   000;
	0f73  :   000;
	0f74  :   000;
	0f75  :   000;
	0f76  :   000;
	0f77  :   000;
	0f78  :   000;
	0f79  :   000;
	0f7a  :   000;
	0f7b  :   000;
	0f7c  :   000;
	0f7d  :   000;
	0f7e  :   000;
	0f7f  :   000;
	0f80  :   000;
	0f81  :   000;
	0f82  :   000;
	0f83  :   000;
	0f84  :   000;
	0f85  :   000;
	0f86  :   000;
	0f87  :   000;
	0f88  :   000;
	0f89  :   000;
	0f8a  :   000;
	0f8b  :   000;
	0f8c  :   000;
	0f8d  :   000;
	0f8e  :   000;
	0f8f  :   000;
	0f90  :   000;
	0f91  :   000;
	0f92  :   000;
	0f93  :   000;
	0f94  :   000;
	0f95  :   000;
	0f96  :   000;
	0f97  :   000;
	0f98  :   000;
	0f99  :   000;
	0f9a  :   000;
	0f9b  :   000;
	0f9c  :   000;
	0f9d  :   000;
	0f9e  :   000;
	0f9f  :   000;
	0fa0  :   000;
	0fa1  :   000;
	0fa2  :   000;
	0fa3  :   000;
	0fa4  :   000;
	0fa5  :   000;
	0fa6  :   000;
	0fa7  :   000;
	0fa8  :   000;
	0fa9  :   000;
	0faa  :   000;
	0fab  :   000;
	0fac  :   000;
	0fad  :   000;
	0fae  :   000;
	0faf  :   000;
	0fb0  :   000;
	0fb1  :   000;
	0fb2  :   000;
	0fb3  :   000;
	0fb4  :   000;
	0fb5  :   000;
	0fb6  :   000;
	0fb7  :   000;
	0fb8  :   000;
	0fb9  :   000;
	0fba  :   000;
	0fbb  :   000;
	0fbc  :   000;
	0fbd  :   000;
	0fbe  :   000;
	0fbf  :   000;
	0fc0  :   000;
	0fc1  :   000;
	0fc2  :   000;
	0fc3  :   000;
	0fc4  :   000;
	0fc5  :   000;
	0fc6  :   000;
	0fc7  :   000;
	0fc8  :   000;
	0fc9  :   000;
	0fca  :   000;
	0fcb  :   000;
	0fcc  :   000;
	0fcd  :   000;
	0fce  :   000;
	0fcf  :   000;
	0fd0  :   000;
	0fd1  :   000;
	0fd2  :   000;
	0fd3  :   000;
	0fd4  :   000;
	0fd5  :   000;
	0fd6  :   000;
	0fd7  :   000;
	0fd8  :   000;
	0fd9  :   000;
	0fda  :   000;
	0fdb  :   000;
	0fdc  :   000;
	0fdd  :   000;
	0fde  :   000;
	0fdf  :   000;
	0fe0  :   000;
	0fe1  :   000;
	0fe2  :   000;
	0fe3  :   000;
	0fe4  :   000;
	0fe5  :   000;
	0fe6  :   000;
	0fe7  :   000;
	0fe8  :   000;
	0fe9  :   000;
	0fea  :   000;
	0feb  :   000;
	0fec  :   000;
	0fed  :   000;
	0fee  :   000;
	0fef  :   000;
	0ff0  :   000;
	0ff1  :   000;
	0ff2  :   000;
	0ff3  :   000;
	0ff4  :   000;
	0ff5  :   000;
	0ff6  :   000;
	0ff7  :   000;
	0ff8  :   000;
	0ff9  :   000;
	0ffa  :   000;
	0ffb  :   000;
	0ffc  :   000;
	0ffd  :   000;
	0ffe  :   000;
	0fff  :   000;
	1000  :   000;
	1001  :   000;
	1002  :   000;
	1003  :   000;
	1004  :   000;
	1005  :   000;
	1006  :   000;
	1007  :   000;
	1008  :   000;
	1009  :   000;
	100a  :   000;
	100b  :   111;
	100c  :   111;
	100d  :   111;
	100e  :   111;
	100f  :   000;
	1010  :   111;
	1011  :   111;
	1012  :   111;
	1013  :   111;
	1014  :   111;
	1015  :   111;
	1016  :   111;
	1017  :   000;
	1018  :   111;
	1019  :   111;
	101a  :   111;
	101b  :   111;
	101c  :   000;
	101d  :   000;
	101e  :   000;
	101f  :   000;
	1020  :   111;
	1021  :   111;
	1022  :   111;
	1023  :   111;
	1024  :   000;
	1025  :   000;
	1026  :   000;
	1027  :   000;
	1028  :   000;
	1029  :   111;
	102a  :   111;
	102b  :   111;
	102c  :   111;
	102d  :   000;
	102e  :   000;
	102f  :   000;
	1030  :   111;
	1031  :   111;
	1032  :   111;
	1033  :   111;
	1034  :   000;
	1035  :   000;
	1036  :   000;
	1037  :   000;
	1038  :   000;
	1039  :   111;
	103a  :   111;
	103b  :   111;
	103c  :   111;
	103d  :   000;
	103e  :   000;
	103f  :   000;
	1040  :   111;
	1041  :   111;
	1042  :   111;
	1043  :   111;
	1044  :   000;
	1045  :   000;
	1046  :   000;
	1047  :   000;
	1048  :   000;
	1049  :   000;
	104a  :   000;
	104b  :   000;
	104c  :   000;
	104d  :   000;
	104e  :   000;
	104f  :   000;
	1050  :   000;
	1051  :   000;
	1052  :   000;
	1053  :   000;
	1054  :   000;
	1055  :   000;
	1056  :   000;
	1057  :   000;
	1058  :   000;
	1059  :   000;
	105a  :   000;
	105b  :   000;
	105c  :   000;
	105d  :   000;
	105e  :   000;
	105f  :   000;
	1060  :   000;
	1061  :   000;
	1062  :   000;
	1063  :   000;
	1064  :   000;
	1065  :   000;
	1066  :   000;
	1067  :   000;
	1068  :   000;
	1069  :   000;
	106a  :   000;
	106b  :   000;
	106c  :   000;
	106d  :   000;
	106e  :   000;
	106f  :   000;
	1070  :   000;
	1071  :   000;
	1072  :   000;
	1073  :   000;
	1074  :   000;
	1075  :   000;
	1076  :   000;
	1077  :   000;
	1078  :   000;
	1079  :   000;
	107a  :   000;
	107b  :   000;
	107c  :   000;
	107d  :   000;
	107e  :   000;
	107f  :   000;
	1080  :   000;
	1081  :   000;
	1082  :   000;
	1083  :   000;
	1084  :   000;
	1085  :   000;
	1086  :   000;
	1087  :   000;
	1088  :   000;
	1089  :   000;
	108a  :   000;
	108b  :   000;
	108c  :   000;
	108d  :   000;
	108e  :   000;
	108f  :   000;
	1090  :   000;
	1091  :   000;
	1092  :   000;
	1093  :   000;
	1094  :   000;
	1095  :   000;
	1096  :   000;
	1097  :   000;
	1098  :   000;
	1099  :   000;
	109a  :   000;
	109b  :   000;
	109c  :   000;
	109d  :   000;
	109e  :   000;
	109f  :   000;
	10a0  :   000;
	10a1  :   000;
	10a2  :   000;
	10a3  :   000;
	10a4  :   000;
	10a5  :   000;
	10a6  :   000;
	10a7  :   000;
	10a8  :   000;
	10a9  :   000;
	10aa  :   000;
	10ab  :   000;
	10ac  :   000;
	10ad  :   000;
	10ae  :   000;
	10af  :   000;
	10b0  :   000;
	10b1  :   000;
	10b2  :   000;
	10b3  :   000;
	10b4  :   000;
	10b5  :   000;
	10b6  :   000;
	10b7  :   000;
	10b8  :   000;
	10b9  :   000;
	10ba  :   000;
	10bb  :   000;
	10bc  :   000;
	10bd  :   000;
	10be  :   000;
	10bf  :   000;
	10c0  :   000;
	10c1  :   000;
	10c2  :   000;
	10c3  :   000;
	10c4  :   000;
	10c5  :   000;
	10c6  :   000;
	10c7  :   000;
	10c8  :   000;
	10c9  :   000;
	10ca  :   000;
	10cb  :   000;
	10cc  :   000;
	10cd  :   000;
	10ce  :   000;
	10cf  :   000;
	10d0  :   000;
	10d1  :   000;
	10d2  :   000;
	10d3  :   000;
	10d4  :   000;
	10d5  :   000;
	10d6  :   000;
	10d7  :   000;
	10d8  :   000;
	10d9  :   000;
	10da  :   000;
	10db  :   000;
	10dc  :   000;
	10dd  :   000;
	10de  :   000;
	10df  :   000;
	10e0  :   000;
	10e1  :   000;
	10e2  :   000;
	10e3  :   000;
	10e4  :   000;
	10e5  :   000;
	10e6  :   000;
	10e7  :   000;
	10e8  :   000;
	10e9  :   000;
	10ea  :   000;
	10eb  :   111;
	10ec  :   111;
	10ed  :   111;
	10ee  :   111;
	10ef  :   000;
	10f0  :   111;
	10f1  :   111;
	10f2  :   111;
	10f3  :   111;
	10f4  :   111;
	10f5  :   111;
	10f6  :   111;
	10f7  :   000;
	10f8  :   111;
	10f9  :   111;
	10fa  :   111;
	10fb  :   111;
	10fc  :   000;
	10fd  :   000;
	10fe  :   000;
	10ff  :   000;
	1100  :   111;
	1101  :   111;
	1102  :   111;
	1103  :   111;
	1104  :   000;
	1105  :   000;
	1106  :   000;
	1107  :   000;
	1108  :   000;
	1109  :   111;
	110a  :   111;
	110b  :   111;
	110c  :   111;
	110d  :   000;
	110e  :   000;
	110f  :   000;
	1110  :   111;
	1111  :   111;
	1112  :   111;
	1113  :   111;
	1114  :   000;
	1115  :   000;
	1116  :   000;
	1117  :   000;
	1118  :   000;
	1119  :   111;
	111a  :   111;
	111b  :   111;
	111c  :   111;
	111d  :   000;
	111e  :   000;
	111f  :   000;
	1120  :   111;
	1121  :   111;
	1122  :   111;
	1123  :   111;
	1124  :   000;
	1125  :   000;
	1126  :   000;
	1127  :   000;
	1128  :   000;
	1129  :   000;
	112a  :   000;
	112b  :   000;
	112c  :   000;
	112d  :   000;
	112e  :   000;
	112f  :   000;
	1130  :   000;
	1131  :   000;
	1132  :   000;
	1133  :   000;
	1134  :   000;
	1135  :   000;
	1136  :   000;
	1137  :   000;
	1138  :   000;
	1139  :   000;
	113a  :   000;
	113b  :   000;
	113c  :   000;
	113d  :   000;
	113e  :   000;
	113f  :   000;
	1140  :   000;
	1141  :   000;
	1142  :   000;
	1143  :   000;
	1144  :   000;
	1145  :   000;
	1146  :   000;
	1147  :   000;
	1148  :   000;
	1149  :   000;
	114a  :   000;
	114b  :   000;
	114c  :   000;
	114d  :   000;
	114e  :   000;
	114f  :   000;
	1150  :   000;
	1151  :   000;
	1152  :   000;
	1153  :   000;
	1154  :   000;
	1155  :   000;
	1156  :   000;
	1157  :   000;
	1158  :   000;
	1159  :   000;
	115a  :   000;
	115b  :   000;
	115c  :   000;
	115d  :   000;
	115e  :   000;
	115f  :   000;
	1160  :   000;
	1161  :   000;
	1162  :   000;
	1163  :   000;
	1164  :   000;
	1165  :   000;
	1166  :   000;
	1167  :   000;
	1168  :   000;
	1169  :   000;
	116a  :   000;
	116b  :   000;
	116c  :   000;
	116d  :   000;
	116e  :   000;
	116f  :   000;
	1170  :   000;
	1171  :   000;
	1172  :   000;
	1173  :   000;
	1174  :   000;
	1175  :   000;
	1176  :   000;
	1177  :   000;
	1178  :   000;
	1179  :   000;
	117a  :   000;
	117b  :   000;
	117c  :   000;
	117d  :   000;
	117e  :   000;
	117f  :   000;
	1180  :   000;
	1181  :   000;
	1182  :   000;
	1183  :   000;
	1184  :   000;
	1185  :   000;
	1186  :   000;
	1187  :   000;
	1188  :   000;
	1189  :   000;
	118a  :   000;
	118b  :   000;
	118c  :   000;
	118d  :   000;
	118e  :   000;
	118f  :   000;
	1190  :   000;
	1191  :   000;
	1192  :   000;
	1193  :   000;
	1194  :   000;
	1195  :   000;
	1196  :   000;
	1197  :   000;
	1198  :   000;
	1199  :   000;
	119a  :   000;
	119b  :   000;
	119c  :   000;
	119d  :   000;
	119e  :   000;
	119f  :   000;
	11a0  :   000;
	11a1  :   000;
	11a2  :   000;
	11a3  :   000;
	11a4  :   000;
	11a5  :   000;
	11a6  :   000;
	11a7  :   000;
	11a8  :   000;
	11a9  :   000;
	11aa  :   000;
	11ab  :   000;
	11ac  :   000;
	11ad  :   000;
	11ae  :   000;
	11af  :   000;
	11b0  :   000;
	11b1  :   000;
	11b2  :   000;
	11b3  :   000;
	11b4  :   000;
	11b5  :   000;
	11b6  :   000;
	11b7  :   000;
	11b8  :   000;
	11b9  :   000;
	11ba  :   000;
	11bb  :   000;
	11bc  :   000;
	11bd  :   000;
	11be  :   000;
	11bf  :   000;
	11c0  :   000;
	11c1  :   000;
	11c2  :   000;
	11c3  :   000;
	11c4  :   000;
	11c5  :   000;
	11c6  :   000;
	11c7  :   000;
	11c8  :   000;
	11c9  :   000;
	11ca  :   000;
	11cb  :   111;
	11cc  :   111;
	11cd  :   111;
	11ce  :   111;
	11cf  :   000;
	11d0  :   111;
	11d1  :   111;
	11d2  :   111;
	11d3  :   111;
	11d4  :   111;
	11d5  :   111;
	11d6  :   111;
	11d7  :   000;
	11d8  :   000;
	11d9  :   111;
	11da  :   111;
	11db  :   111;
	11dc  :   000;
	11dd  :   000;
	11de  :   000;
	11df  :   000;
	11e0  :   000;
	11e1  :   111;
	11e2  :   111;
	11e3  :   111;
	11e4  :   111;
	11e5  :   000;
	11e6  :   000;
	11e7  :   000;
	11e8  :   000;
	11e9  :   111;
	11ea  :   111;
	11eb  :   111;
	11ec  :   111;
	11ed  :   000;
	11ee  :   000;
	11ef  :   000;
	11f0  :   111;
	11f1  :   111;
	11f2  :   111;
	11f3  :   111;
	11f4  :   000;
	11f5  :   000;
	11f6  :   000;
	11f7  :   000;
	11f8  :   111;
	11f9  :   111;
	11fa  :   111;
	11fb  :   111;
	11fc  :   000;
	11fd  :   000;
	11fe  :   000;
	11ff  :   000;
	1200  :   111;
	1201  :   111;
	1202  :   111;
	1203  :   111;
	1204  :   000;
	1205  :   000;
	1206  :   000;
	1207  :   000;
	1208  :   000;
	1209  :   000;
	120a  :   000;
	120b  :   000;
	120c  :   000;
	120d  :   000;
	120e  :   000;
	120f  :   000;
	1210  :   000;
	1211  :   000;
	1212  :   000;
	1213  :   000;
	1214  :   000;
	1215  :   000;
	1216  :   000;
	1217  :   000;
	1218  :   000;
	1219  :   000;
	121a  :   000;
	121b  :   000;
	121c  :   000;
	121d  :   000;
	121e  :   000;
	121f  :   000;
	1220  :   000;
	1221  :   000;
	1222  :   000;
	1223  :   000;
	1224  :   000;
	1225  :   000;
	1226  :   000;
	1227  :   000;
	1228  :   000;
	1229  :   000;
	122a  :   000;
	122b  :   000;
	122c  :   000;
	122d  :   000;
	122e  :   000;
	122f  :   000;
	1230  :   000;
	1231  :   000;
	1232  :   000;
	1233  :   000;
	1234  :   000;
	1235  :   000;
	1236  :   000;
	1237  :   000;
	1238  :   000;
	1239  :   000;
	123a  :   000;
	123b  :   000;
	123c  :   000;
	123d  :   000;
	123e  :   000;
	123f  :   000;
	1240  :   000;
	1241  :   000;
	1242  :   000;
	1243  :   000;
	1244  :   000;
	1245  :   000;
	1246  :   000;
	1247  :   000;
	1248  :   000;
	1249  :   000;
	124a  :   000;
	124b  :   000;
	124c  :   000;
	124d  :   000;
	124e  :   000;
	124f  :   000;
	1250  :   000;
	1251  :   000;
	1252  :   000;
	1253  :   000;
	1254  :   000;
	1255  :   000;
	1256  :   000;
	1257  :   000;
	1258  :   000;
	1259  :   000;
	125a  :   000;
	125b  :   000;
	125c  :   000;
	125d  :   000;
	125e  :   000;
	125f  :   000;
	1260  :   000;
	1261  :   000;
	1262  :   000;
	1263  :   000;
	1264  :   000;
	1265  :   000;
	1266  :   000;
	1267  :   000;
	1268  :   000;
	1269  :   000;
	126a  :   000;
	126b  :   000;
	126c  :   000;
	126d  :   000;
	126e  :   000;
	126f  :   000;
	1270  :   000;
	1271  :   000;
	1272  :   000;
	1273  :   000;
	1274  :   000;
	1275  :   000;
	1276  :   000;
	1277  :   000;
	1278  :   000;
	1279  :   000;
	127a  :   000;
	127b  :   000;
	127c  :   000;
	127d  :   000;
	127e  :   000;
	127f  :   000;
	1280  :   000;
	1281  :   000;
	1282  :   000;
	1283  :   000;
	1284  :   000;
	1285  :   000;
	1286  :   000;
	1287  :   000;
	1288  :   000;
	1289  :   000;
	128a  :   000;
	128b  :   000;
	128c  :   000;
	128d  :   000;
	128e  :   000;
	128f  :   000;
	1290  :   000;
	1291  :   000;
	1292  :   000;
	1293  :   000;
	1294  :   000;
	1295  :   000;
	1296  :   000;
	1297  :   000;
	1298  :   000;
	1299  :   000;
	129a  :   000;
	129b  :   000;
	129c  :   000;
	129d  :   000;
	129e  :   000;
	129f  :   000;
	12a0  :   000;
	12a1  :   000;
	12a2  :   000;
	12a3  :   000;
	12a4  :   000;
	12a5  :   000;
	12a6  :   000;
	12a7  :   000;
	12a8  :   000;
	12a9  :   000;
	12aa  :   000;
	12ab  :   111;
	12ac  :   111;
	12ad  :   111;
	12ae  :   111;
	12af  :   000;
	12b0  :   000;
	12b1  :   111;
	12b2  :   111;
	12b3  :   111;
	12b4  :   111;
	12b5  :   111;
	12b6  :   111;
	12b7  :   000;
	12b8  :   000;
	12b9  :   111;
	12ba  :   111;
	12bb  :   111;
	12bc  :   111;
	12bd  :   000;
	12be  :   000;
	12bf  :   000;
	12c0  :   000;
	12c1  :   111;
	12c2  :   111;
	12c3  :   111;
	12c4  :   111;
	12c5  :   111;
	12c6  :   000;
	12c7  :   111;
	12c8  :   111;
	12c9  :   111;
	12ca  :   111;
	12cb  :   111;
	12cc  :   000;
	12cd  :   000;
	12ce  :   000;
	12cf  :   000;
	12d0  :   111;
	12d1  :   111;
	12d2  :   111;
	12d3  :   111;
	12d4  :   111;
	12d5  :   111;
	12d6  :   111;
	12d7  :   111;
	12d8  :   111;
	12d9  :   111;
	12da  :   111;
	12db  :   111;
	12dc  :   000;
	12dd  :   000;
	12de  :   000;
	12df  :   000;
	12e0  :   111;
	12e1  :   111;
	12e2  :   111;
	12e3  :   111;
	12e4  :   111;
	12e5  :   111;
	12e6  :   111;
	12e7  :   111;
	12e8  :   111;
	12e9  :   000;
	12ea  :   000;
	12eb  :   000;
	12ec  :   000;
	12ed  :   000;
	12ee  :   000;
	12ef  :   000;
	12f0  :   000;
	12f1  :   000;
	12f2  :   000;
	12f3  :   000;
	12f4  :   000;
	12f5  :   000;
	12f6  :   000;
	12f7  :   000;
	12f8  :   000;
	12f9  :   000;
	12fa  :   000;
	12fb  :   000;
	12fc  :   000;
	12fd  :   000;
	12fe  :   000;
	12ff  :   000;
	1300  :   000;
	1301  :   000;
	1302  :   000;
	1303  :   000;
	1304  :   000;
	1305  :   000;
	1306  :   000;
	1307  :   000;
	1308  :   000;
	1309  :   000;
	130a  :   000;
	130b  :   000;
	130c  :   000;
	130d  :   000;
	130e  :   000;
	130f  :   000;
	1310  :   000;
	1311  :   000;
	1312  :   000;
	1313  :   000;
	1314  :   000;
	1315  :   000;
	1316  :   000;
	1317  :   000;
	1318  :   000;
	1319  :   000;
	131a  :   000;
	131b  :   000;
	131c  :   000;
	131d  :   000;
	131e  :   000;
	131f  :   000;
	1320  :   000;
	1321  :   000;
	1322  :   000;
	1323  :   000;
	1324  :   000;
	1325  :   000;
	1326  :   000;
	1327  :   000;
	1328  :   000;
	1329  :   000;
	132a  :   000;
	132b  :   000;
	132c  :   000;
	132d  :   000;
	132e  :   000;
	132f  :   000;
	1330  :   000;
	1331  :   000;
	1332  :   000;
	1333  :   000;
	1334  :   000;
	1335  :   000;
	1336  :   000;
	1337  :   000;
	1338  :   000;
	1339  :   000;
	133a  :   000;
	133b  :   000;
	133c  :   000;
	133d  :   000;
	133e  :   000;
	133f  :   000;
	1340  :   000;
	1341  :   000;
	1342  :   000;
	1343  :   000;
	1344  :   000;
	1345  :   000;
	1346  :   000;
	1347  :   000;
	1348  :   000;
	1349  :   000;
	134a  :   000;
	134b  :   000;
	134c  :   000;
	134d  :   000;
	134e  :   000;
	134f  :   000;
	1350  :   000;
	1351  :   000;
	1352  :   000;
	1353  :   000;
	1354  :   000;
	1355  :   000;
	1356  :   000;
	1357  :   000;
	1358  :   000;
	1359  :   000;
	135a  :   000;
	135b  :   000;
	135c  :   000;
	135d  :   000;
	135e  :   000;
	135f  :   000;
	1360  :   000;
	1361  :   000;
	1362  :   000;
	1363  :   000;
	1364  :   000;
	1365  :   000;
	1366  :   000;
	1367  :   000;
	1368  :   000;
	1369  :   000;
	136a  :   000;
	136b  :   000;
	136c  :   000;
	136d  :   000;
	136e  :   000;
	136f  :   000;
	1370  :   000;
	1371  :   000;
	1372  :   000;
	1373  :   000;
	1374  :   000;
	1375  :   000;
	1376  :   000;
	1377  :   000;
	1378  :   000;
	1379  :   000;
	137a  :   000;
	137b  :   000;
	137c  :   000;
	137d  :   000;
	137e  :   000;
	137f  :   000;
	1380  :   000;
	1381  :   000;
	1382  :   000;
	1383  :   000;
	1384  :   000;
	1385  :   000;
	1386  :   000;
	1387  :   000;
	1388  :   000;
	1389  :   000;
	138a  :   000;
	138b  :   111;
	138c  :   111;
	138d  :   111;
	138e  :   111;
	138f  :   000;
	1390  :   000;
	1391  :   111;
	1392  :   111;
	1393  :   111;
	1394  :   111;
	1395  :   111;
	1396  :   000;
	1397  :   000;
	1398  :   000;
	1399  :   111;
	139a  :   111;
	139b  :   111;
	139c  :   111;
	139d  :   000;
	139e  :   000;
	139f  :   000;
	13a0  :   000;
	13a1  :   111;
	13a2  :   111;
	13a3  :   111;
	13a4  :   111;
	13a5  :   111;
	13a6  :   111;
	13a7  :   111;
	13a8  :   111;
	13a9  :   111;
	13aa  :   111;
	13ab  :   111;
	13ac  :   000;
	13ad  :   000;
	13ae  :   000;
	13af  :   000;
	13b0  :   111;
	13b1  :   111;
	13b2  :   111;
	13b3  :   111;
	13b4  :   111;
	13b5  :   111;
	13b6  :   111;
	13b7  :   111;
	13b8  :   111;
	13b9  :   111;
	13ba  :   111;
	13bb  :   000;
	13bc  :   000;
	13bd  :   000;
	13be  :   000;
	13bf  :   000;
	13c0  :   111;
	13c1  :   111;
	13c2  :   111;
	13c3  :   111;
	13c4  :   111;
	13c5  :   111;
	13c6  :   111;
	13c7  :   111;
	13c8  :   111;
	13c9  :   111;
	13ca  :   000;
	13cb  :   000;
	13cc  :   000;
	13cd  :   000;
	13ce  :   000;
	13cf  :   000;
	13d0  :   000;
	13d1  :   000;
	13d2  :   000;
	13d3  :   000;
	13d4  :   000;
	13d5  :   000;
	13d6  :   000;
	13d7  :   000;
	13d8  :   000;
	13d9  :   000;
	13da  :   000;
	13db  :   000;
	13dc  :   000;
	13dd  :   000;
	13de  :   000;
	13df  :   000;
	13e0  :   000;
	13e1  :   000;
	13e2  :   000;
	13e3  :   000;
	13e4  :   000;
	13e5  :   000;
	13e6  :   000;
	13e7  :   000;
	13e8  :   000;
	13e9  :   000;
	13ea  :   000;
	13eb  :   000;
	13ec  :   000;
	13ed  :   000;
	13ee  :   000;
	13ef  :   000;
	13f0  :   000;
	13f1  :   000;
	13f2  :   000;
	13f3  :   000;
	13f4  :   000;
	13f5  :   000;
	13f6  :   000;
	13f7  :   000;
	13f8  :   000;
	13f9  :   000;
	13fa  :   000;
	13fb  :   000;
	13fc  :   000;
	13fd  :   000;
	13fe  :   000;
	13ff  :   000;
	1400  :   000;
	1401  :   000;
	1402  :   000;
	1403  :   000;
	1404  :   000;
	1405  :   000;
	1406  :   000;
	1407  :   000;
	1408  :   000;
	1409  :   000;
	140a  :   000;
	140b  :   000;
	140c  :   000;
	140d  :   000;
	140e  :   000;
	140f  :   000;
	1410  :   000;
	1411  :   000;
	1412  :   000;
	1413  :   000;
	1414  :   000;
	1415  :   000;
	1416  :   000;
	1417  :   000;
	1418  :   000;
	1419  :   000;
	141a  :   000;
	141b  :   000;
	141c  :   000;
	141d  :   000;
	141e  :   000;
	141f  :   000;
	1420  :   000;
	1421  :   000;
	1422  :   000;
	1423  :   000;
	1424  :   000;
	1425  :   000;
	1426  :   000;
	1427  :   000;
	1428  :   000;
	1429  :   000;
	142a  :   000;
	142b  :   000;
	142c  :   000;
	142d  :   000;
	142e  :   000;
	142f  :   000;
	1430  :   000;
	1431  :   000;
	1432  :   000;
	1433  :   000;
	1434  :   000;
	1435  :   000;
	1436  :   000;
	1437  :   000;
	1438  :   000;
	1439  :   000;
	143a  :   000;
	143b  :   000;
	143c  :   000;
	143d  :   000;
	143e  :   000;
	143f  :   000;
	1440  :   000;
	1441  :   000;
	1442  :   000;
	1443  :   000;
	1444  :   000;
	1445  :   000;
	1446  :   000;
	1447  :   000;
	1448  :   000;
	1449  :   000;
	144a  :   000;
	144b  :   000;
	144c  :   000;
	144d  :   000;
	144e  :   000;
	144f  :   000;
	1450  :   000;
	1451  :   000;
	1452  :   000;
	1453  :   000;
	1454  :   000;
	1455  :   000;
	1456  :   000;
	1457  :   000;
	1458  :   000;
	1459  :   000;
	145a  :   000;
	145b  :   000;
	145c  :   000;
	145d  :   000;
	145e  :   000;
	145f  :   000;
	1460  :   000;
	1461  :   000;
	1462  :   000;
	1463  :   000;
	1464  :   000;
	1465  :   000;
	1466  :   000;
	1467  :   000;
	1468  :   000;
	1469  :   000;
	146a  :   111;
	146b  :   111;
	146c  :   111;
	146d  :   111;
	146e  :   000;
	146f  :   000;
	1470  :   000;
	1471  :   111;
	1472  :   111;
	1473  :   111;
	1474  :   111;
	1475  :   111;
	1476  :   000;
	1477  :   000;
	1478  :   000;
	1479  :   111;
	147a  :   111;
	147b  :   111;
	147c  :   111;
	147d  :   000;
	147e  :   000;
	147f  :   000;
	1480  :   000;
	1481  :   000;
	1482  :   111;
	1483  :   111;
	1484  :   111;
	1485  :   111;
	1486  :   111;
	1487  :   111;
	1488  :   111;
	1489  :   111;
	148a  :   111;
	148b  :   000;
	148c  :   000;
	148d  :   000;
	148e  :   000;
	148f  :   000;
	1490  :   000;
	1491  :   111;
	1492  :   111;
	1493  :   111;
	1494  :   111;
	1495  :   111;
	1496  :   111;
	1497  :   111;
	1498  :   111;
	1499  :   111;
	149a  :   000;
	149b  :   000;
	149c  :   000;
	149d  :   000;
	149e  :   000;
	149f  :   000;
	14a0  :   111;
	14a1  :   111;
	14a2  :   111;
	14a3  :   111;
	14a4  :   111;
	14a5  :   111;
	14a6  :   111;
	14a7  :   111;
	14a8  :   111;
	14a9  :   111;
	14aa  :   000;
	14ab  :   000;
	14ac  :   000;
	14ad  :   000;
	14ae  :   000;
	14af  :   000;
	14b0  :   000;
	14b1  :   000;
	14b2  :   000;
	14b3  :   000;
	14b4  :   000;
	14b5  :   000;
	14b6  :   000;
	14b7  :   000;
	14b8  :   000;
	14b9  :   000;
	14ba  :   000;
	14bb  :   000;
	14bc  :   000;
	14bd  :   000;
	14be  :   000;
	14bf  :   000;
	14c0  :   000;
	14c1  :   000;
	14c2  :   000;
	14c3  :   000;
	14c4  :   000;
	14c5  :   000;
	14c6  :   000;
	14c7  :   000;
	14c8  :   000;
	14c9  :   000;
	14ca  :   000;
	14cb  :   000;
	14cc  :   000;
	14cd  :   000;
	14ce  :   000;
	14cf  :   000;
	14d0  :   000;
	14d1  :   000;
	14d2  :   000;
	14d3  :   000;
	14d4  :   000;
	14d5  :   000;
	14d6  :   000;
	14d7  :   000;
	14d8  :   000;
	14d9  :   000;
	14da  :   000;
	14db  :   000;
	14dc  :   000;
	14dd  :   000;
	14de  :   000;
	14df  :   000;
	14e0  :   000;
	14e1  :   000;
	14e2  :   000;
	14e3  :   000;
	14e4  :   000;
	14e5  :   000;
	14e6  :   000;
	14e7  :   000;
	14e8  :   000;
	14e9  :   000;
	14ea  :   000;
	14eb  :   000;
	14ec  :   000;
	14ed  :   000;
	14ee  :   000;
	14ef  :   000;
	14f0  :   000;
	14f1  :   000;
	14f2  :   000;
	14f3  :   000;
	14f4  :   000;
	14f5  :   000;
	14f6  :   000;
	14f7  :   000;
	14f8  :   000;
	14f9  :   000;
	14fa  :   000;
	14fb  :   000;
	14fc  :   000;
	14fd  :   000;
	14fe  :   000;
	14ff  :   000;
	1500  :   000;
	1501  :   000;
	1502  :   000;
	1503  :   000;
	1504  :   000;
	1505  :   000;
	1506  :   000;
	1507  :   000;
	1508  :   000;
	1509  :   000;
	150a  :   000;
	150b  :   000;
	150c  :   000;
	150d  :   000;
	150e  :   000;
	150f  :   000;
	1510  :   000;
	1511  :   000;
	1512  :   000;
	1513  :   000;
	1514  :   000;
	1515  :   000;
	1516  :   000;
	1517  :   000;
	1518  :   000;
	1519  :   000;
	151a  :   000;
	151b  :   000;
	151c  :   000;
	151d  :   000;
	151e  :   000;
	151f  :   000;
	1520  :   000;
	1521  :   000;
	1522  :   000;
	1523  :   000;
	1524  :   000;
	1525  :   000;
	1526  :   000;
	1527  :   000;
	1528  :   000;
	1529  :   000;
	152a  :   000;
	152b  :   000;
	152c  :   000;
	152d  :   000;
	152e  :   000;
	152f  :   000;
	1530  :   000;
	1531  :   000;
	1532  :   000;
	1533  :   000;
	1534  :   000;
	1535  :   000;
	1536  :   000;
	1537  :   000;
	1538  :   000;
	1539  :   000;
	153a  :   000;
	153b  :   000;
	153c  :   000;
	153d  :   000;
	153e  :   000;
	153f  :   000;
	1540  :   000;
	1541  :   000;
	1542  :   000;
	1543  :   000;
	1544  :   000;
	1545  :   000;
	1546  :   000;
	1547  :   000;
	1548  :   000;
	1549  :   000;
	154a  :   000;
	154b  :   111;
	154c  :   111;
	154d  :   111;
	154e  :   000;
	154f  :   000;
	1550  :   000;
	1551  :   000;
	1552  :   111;
	1553  :   111;
	1554  :   111;
	1555  :   000;
	1556  :   000;
	1557  :   000;
	1558  :   000;
	1559  :   111;
	155a  :   111;
	155b  :   111;
	155c  :   111;
	155d  :   000;
	155e  :   000;
	155f  :   000;
	1560  :   000;
	1561  :   000;
	1562  :   000;
	1563  :   111;
	1564  :   111;
	1565  :   111;
	1566  :   111;
	1567  :   111;
	1568  :   111;
	1569  :   111;
	156a  :   000;
	156b  :   000;
	156c  :   000;
	156d  :   000;
	156e  :   000;
	156f  :   000;
	1570  :   000;
	1571  :   111;
	1572  :   111;
	1573  :   111;
	1574  :   111;
	1575  :   111;
	1576  :   111;
	1577  :   111;
	1578  :   111;
	1579  :   000;
	157a  :   000;
	157b  :   000;
	157c  :   000;
	157d  :   000;
	157e  :   000;
	157f  :   000;
	1580  :   000;
	1581  :   111;
	1582  :   111;
	1583  :   111;
	1584  :   111;
	1585  :   111;
	1586  :   111;
	1587  :   111;
	1588  :   111;
	1589  :   111;
	158a  :   000;
	158b  :   000;
	158c  :   000;
	158d  :   000;
	158e  :   000;
	158f  :   000;
	1590  :   000;
	1591  :   000;
	1592  :   000;
	1593  :   000;
	1594  :   000;
	1595  :   000;
	1596  :   000;
	1597  :   000;
	1598  :   000;
	1599  :   000;
	159a  :   000;
	159b  :   000;
	159c  :   000;
	159d  :   000;
	159e  :   000;
	159f  :   000;
	15a0  :   000;
	15a1  :   000;
	15a2  :   000;
	15a3  :   000;
	15a4  :   000;
	15a5  :   000;
	15a6  :   000;
	15a7  :   000;
	15a8  :   000;
	15a9  :   000;
	15aa  :   000;
	15ab  :   000;
	15ac  :   000;
	15ad  :   000;
	15ae  :   000;
	15af  :   000;
	15b0  :   000;
	15b1  :   000;
	15b2  :   000;
	15b3  :   000;
	15b4  :   000;
	15b5  :   000;
	15b6  :   000;
	15b7  :   000;
	15b8  :   000;
	15b9  :   000;
	15ba  :   000;
	15bb  :   000;
	15bc  :   000;
	15bd  :   000;
	15be  :   000;
	15bf  :   000;
	15c0  :   000;
	15c1  :   000;
	15c2  :   000;
	15c3  :   000;
	15c4  :   000;
	15c5  :   000;
	15c6  :   000;
	15c7  :   000;
	15c8  :   000;
	15c9  :   000;
	15ca  :   000;
	15cb  :   000;
	15cc  :   000;
	15cd  :   000;
	15ce  :   000;
	15cf  :   000;
	15d0  :   000;
	15d1  :   000;
	15d2  :   000;
	15d3  :   000;
	15d4  :   000;
	15d5  :   000;
	15d6  :   000;
	15d7  :   000;
	15d8  :   000;
	15d9  :   000;
	15da  :   000;
	15db  :   000;
	15dc  :   000;
	15dd  :   000;
	15de  :   000;
	15df  :   000;
	15e0  :   000;
	15e1  :   000;
	15e2  :   000;
	15e3  :   000;
	15e4  :   000;
	15e5  :   000;
	15e6  :   000;
	15e7  :   000;
	15e8  :   000;
	15e9  :   000;
	15ea  :   000;
	15eb  :   000;
	15ec  :   000;
	15ed  :   000;
	15ee  :   000;
	15ef  :   000;
	15f0  :   000;
	15f1  :   000;
	15f2  :   000;
	15f3  :   000;
	15f4  :   000;
	15f5  :   000;
	15f6  :   000;
	15f7  :   000;
	15f8  :   000;
	15f9  :   000;
	15fa  :   000;
	15fb  :   000;
	15fc  :   000;
	15fd  :   000;
	15fe  :   000;
	15ff  :   000;
	1600  :   000;
	1601  :   000;
	1602  :   000;
	1603  :   000;
	1604  :   000;
	1605  :   000;
	1606  :   000;
	1607  :   000;
	1608  :   000;
	1609  :   000;
	160a  :   000;
	160b  :   000;
	160c  :   000;
	160d  :   000;
	160e  :   000;
	160f  :   000;
	1610  :   000;
	1611  :   000;
	1612  :   000;
	1613  :   000;
	1614  :   000;
	1615  :   000;
	1616  :   000;
	1617  :   000;
	1618  :   000;
	1619  :   000;
	161a  :   000;
	161b  :   000;
	161c  :   000;
	161d  :   000;
	161e  :   000;
	161f  :   000;
	1620  :   000;
	1621  :   000;
	1622  :   000;
	1623  :   000;
	1624  :   000;
	1625  :   000;
	1626  :   000;
	1627  :   000;
	1628  :   000;
	1629  :   000;
	162a  :   000;
	162b  :   000;
	162c  :   000;
	162d  :   000;
	162e  :   000;
	162f  :   000;
	1630  :   000;
	1631  :   000;
	1632  :   000;
	1633  :   000;
	1634  :   000;
	1635  :   000;
	1636  :   000;
	1637  :   000;
	1638  :   000;
	1639  :   000;
	163a  :   000;
	163b  :   000;
	163c  :   000;
	163d  :   000;
	163e  :   000;
	163f  :   000;
	1640  :   000;
	1641  :   000;
	1642  :   000;
	1643  :   000;
	1644  :   000;
	1645  :   000;
	1646  :   000;
	1647  :   000;
	1648  :   000;
	1649  :   000;
	164a  :   000;
	164b  :   000;
	164c  :   000;
	164d  :   000;
	164e  :   000;
	164f  :   000;
	1650  :   000;
	1651  :   000;
	1652  :   000;
	1653  :   000;
	1654  :   000;
	1655  :   000;
	1656  :   000;
	1657  :   000;
	1658  :   000;
	1659  :   000;
	165a  :   000;
	165b  :   000;
	165c  :   000;
	165d  :   000;
	165e  :   000;
	165f  :   000;
	1660  :   000;
	1661  :   000;
	1662  :   000;
	1663  :   000;
	1664  :   000;
	1665  :   000;
	1666  :   000;
	1667  :   000;
	1668  :   000;
	1669  :   000;
	166a  :   000;
	166b  :   000;
	166c  :   000;
	166d  :   000;
	166e  :   000;
	166f  :   000;
	1670  :   000;
	1671  :   000;
	1672  :   000;
	1673  :   000;
	1674  :   000;
	1675  :   000;
	1676  :   000;
	1677  :   000;
	1678  :   000;
	1679  :   000;
	167a  :   000;
	167b  :   000;
	167c  :   000;
	167d  :   000;
	167e  :   000;
	167f  :   000;
	1680  :   000;
	1681  :   000;
	1682  :   000;
	1683  :   000;
	1684  :   000;
	1685  :   000;
	1686  :   000;
	1687  :   000;
	1688  :   000;
	1689  :   000;
	168a  :   000;
	168b  :   000;
	168c  :   000;
	168d  :   000;
	168e  :   000;
	168f  :   000;
	1690  :   000;
	1691  :   000;
	1692  :   000;
	1693  :   000;
	1694  :   000;
	1695  :   000;
	1696  :   000;
	1697  :   000;
	1698  :   000;
	1699  :   000;
	169a  :   000;
	169b  :   000;
	169c  :   000;
	169d  :   000;
	169e  :   000;
	169f  :   000;
	16a0  :   000;
	16a1  :   000;
	16a2  :   000;
	16a3  :   000;
	16a4  :   000;
	16a5  :   000;
	16a6  :   000;
	16a7  :   000;
	16a8  :   000;
	16a9  :   000;
	16aa  :   000;
	16ab  :   000;
	16ac  :   000;
	16ad  :   000;
	16ae  :   000;
	16af  :   000;
	16b0  :   000;
	16b1  :   000;
	16b2  :   000;
	16b3  :   000;
	16b4  :   000;
	16b5  :   000;
	16b6  :   000;
	16b7  :   000;
	16b8  :   000;
	16b9  :   000;
	16ba  :   000;
	16bb  :   000;
	16bc  :   000;
	16bd  :   000;
	16be  :   000;
	16bf  :   000;
	16c0  :   000;
	16c1  :   000;
	16c2  :   000;
	16c3  :   000;
	16c4  :   000;
	16c5  :   000;
	16c6  :   000;
	16c7  :   000;
	16c8  :   000;
	16c9  :   000;
	16ca  :   000;
	16cb  :   000;
	16cc  :   000;
	16cd  :   000;
	16ce  :   000;
	16cf  :   000;
	16d0  :   000;
	16d1  :   000;
	16d2  :   000;
	16d3  :   000;
	16d4  :   000;
	16d5  :   000;
	16d6  :   000;
	16d7  :   000;
	16d8  :   000;
	16d9  :   000;
	16da  :   000;
	16db  :   000;
	16dc  :   000;
	16dd  :   000;
	16de  :   000;
	16df  :   000;
	16e0  :   000;
	16e1  :   000;
	16e2  :   000;
	16e3  :   000;
	16e4  :   000;
	16e5  :   000;
	16e6  :   000;
	16e7  :   000;
	16e8  :   000;
	16e9  :   000;
	16ea  :   000;
	16eb  :   000;
	16ec  :   000;
	16ed  :   000;
	16ee  :   000;
	16ef  :   000;
	16f0  :   000;
	16f1  :   000;
	16f2  :   000;
	16f3  :   000;
	16f4  :   000;
	16f5  :   000;
	16f6  :   000;
	16f7  :   000;
	16f8  :   000;
	16f9  :   000;
	16fa  :   000;
	16fb  :   000;
	16fc  :   000;
	16fd  :   000;
	16fe  :   000;
	16ff  :   000;
	1700  :   000;
	1701  :   000;
	1702  :   000;
	1703  :   000;
	1704  :   000;
	1705  :   000;
	1706  :   000;
	1707  :   000;
	1708  :   000;
	1709  :   000;
	170a  :   000;
	170b  :   000;
	170c  :   000;
	170d  :   000;
	170e  :   000;
	170f  :   000;
	1710  :   000;
	1711  :   000;
	1712  :   000;
	1713  :   000;
	1714  :   000;
	1715  :   000;
	1716  :   000;
	1717  :   000;
	1718  :   000;
	1719  :   000;
	171a  :   000;
	171b  :   000;
	171c  :   000;
	171d  :   000;
	171e  :   000;
	171f  :   000;
	1720  :   000;
	1721  :   000;
	1722  :   000;
	1723  :   000;
	1724  :   000;
	1725  :   000;
	1726  :   000;
	1727  :   000;
	1728  :   000;
	1729  :   000;
	172a  :   000;
	172b  :   000;
	172c  :   000;
	172d  :   000;
	172e  :   000;
	172f  :   000;
	1730  :   000;
	1731  :   000;
	1732  :   000;
	1733  :   000;
	1734  :   000;
	1735  :   000;
	1736  :   000;
	1737  :   000;
	1738  :   000;
	1739  :   000;
	173a  :   000;
	173b  :   000;
	173c  :   000;
	173d  :   000;
	173e  :   000;
	173f  :   000;
	1740  :   000;
	1741  :   000;
	1742  :   000;
	1743  :   000;
	1744  :   000;
	1745  :   000;
	1746  :   000;
	1747  :   000;
	1748  :   000;
	1749  :   000;
	174a  :   000;
	174b  :   000;
	174c  :   000;
	174d  :   000;
	174e  :   000;
	174f  :   000;
	1750  :   000;
	1751  :   000;
	1752  :   000;
	1753  :   000;
	1754  :   000;
	1755  :   000;
	1756  :   000;
	1757  :   000;
	1758  :   000;
	1759  :   000;
	175a  :   000;
	175b  :   000;
	175c  :   000;
	175d  :   000;
	175e  :   000;
	175f  :   000;
	1760  :   000;
	1761  :   000;
	1762  :   000;
	1763  :   000;
	1764  :   000;
	1765  :   000;
	1766  :   000;
	1767  :   000;
	1768  :   000;
	1769  :   000;
	176a  :   000;
	176b  :   000;
	176c  :   000;
	176d  :   000;
	176e  :   000;
	176f  :   000;
	1770  :   000;
	1771  :   000;
	1772  :   000;
	1773  :   000;
	1774  :   000;
	1775  :   000;
	1776  :   000;
	1777  :   000;
	1778  :   000;
	1779  :   000;
	177a  :   000;
	177b  :   000;
	177c  :   000;
	177d  :   000;
	177e  :   000;
	177f  :   000;
	1780  :   000;
	1781  :   000;
	1782  :   000;
	1783  :   000;
	1784  :   000;
	1785  :   000;
	1786  :   000;
	1787  :   000;
	1788  :   000;
	1789  :   000;
	178a  :   000;
	178b  :   000;
	178c  :   000;
	178d  :   000;
	178e  :   000;
	178f  :   000;
	1790  :   000;
	1791  :   000;
	1792  :   000;
	1793  :   000;
	1794  :   000;
	1795  :   000;
	1796  :   000;
	1797  :   000;
	1798  :   000;
	1799  :   000;
	179a  :   000;
	179b  :   000;
	179c  :   000;
	179d  :   000;
	179e  :   000;
	179f  :   000;
	17a0  :   000;
	17a1  :   000;
	17a2  :   000;
	17a3  :   000;
	17a4  :   000;
	17a5  :   000;
	17a6  :   000;
	17a7  :   000;
	17a8  :   000;
	17a9  :   000;
	17aa  :   000;
	17ab  :   000;
	17ac  :   000;
	17ad  :   000;
	17ae  :   000;
	17af  :   000;
	17b0  :   000;
	17b1  :   000;
	17b2  :   000;
	17b3  :   000;
	17b4  :   000;
	17b5  :   000;
	17b6  :   000;
	17b7  :   000;
	17b8  :   000;
	17b9  :   000;
	17ba  :   000;
	17bb  :   000;
	17bc  :   000;
	17bd  :   000;
	17be  :   000;
	17bf  :   000;
	17c0  :   000;
	17c1  :   000;
	17c2  :   000;
	17c3  :   000;
	17c4  :   000;
	17c5  :   000;
	17c6  :   000;
	17c7  :   000;
	17c8  :   000;
	17c9  :   000;
	17ca  :   000;
	17cb  :   000;
	17cc  :   000;
	17cd  :   000;
	17ce  :   000;
	17cf  :   000;
	17d0  :   000;
	17d1  :   000;
	17d2  :   000;
	17d3  :   000;
	17d4  :   000;
	17d5  :   000;
	17d6  :   000;
	17d7  :   000;
	17d8  :   000;
	17d9  :   000;
	17da  :   000;
	17db  :   000;
	17dc  :   000;
	17dd  :   000;
	17de  :   000;
	17df  :   000;
	17e0  :   000;
	17e1  :   000;
	17e2  :   000;
	17e3  :   000;
	17e4  :   000;
	17e5  :   000;
	17e6  :   000;
	17e7  :   000;
	17e8  :   000;
	17e9  :   000;
	17ea  :   000;
	17eb  :   000;
	17ec  :   000;
	17ed  :   000;
	17ee  :   000;
	17ef  :   000;
	17f0  :   000;
	17f1  :   000;
	17f2  :   000;
	17f3  :   000;
	17f4  :   000;
	17f5  :   000;
	17f6  :   000;
	17f7  :   000;
	17f8  :   000;
	17f9  :   000;
	17fa  :   000;
	17fb  :   000;
	17fc  :   000;
	17fd  :   000;
	17fe  :   000;
	17ff  :   000;
	1800  :   000;
	1801  :   000;
	1802  :   000;
	1803  :   000;
	1804  :   000;
	1805  :   000;
	1806  :   000;
	1807  :   000;
	1808  :   000;
	1809  :   000;
	180a  :   000;
	180b  :   000;
	180c  :   000;
	180d  :   000;
	180e  :   000;
	180f  :   000;
	1810  :   000;
	1811  :   000;
	1812  :   000;
	1813  :   000;
	1814  :   000;
	1815  :   000;
	1816  :   000;
	1817  :   000;
	1818  :   000;
	1819  :   000;
	181a  :   000;
	181b  :   000;
	181c  :   000;
	181d  :   000;
	181e  :   000;
	181f  :   000;
	1820  :   000;
	1821  :   000;
	1822  :   000;
	1823  :   000;
	1824  :   000;
	1825  :   000;
	1826  :   000;
	1827  :   000;
	1828  :   000;
	1829  :   000;
	182a  :   000;
	182b  :   000;
	182c  :   000;
	182d  :   000;
	182e  :   000;
	182f  :   000;
	1830  :   000;
	1831  :   000;
	1832  :   000;
	1833  :   000;
	1834  :   000;
	1835  :   000;
	1836  :   000;
	1837  :   000;
	1838  :   000;
	1839  :   000;
	183a  :   000;
	183b  :   000;
	183c  :   000;
	183d  :   000;
	183e  :   000;
	183f  :   000;
	1840  :   000;
	1841  :   000;
	1842  :   000;
	1843  :   000;
	1844  :   000;
	1845  :   000;
	1846  :   000;
	1847  :   000;
	1848  :   000;
	1849  :   000;
	184a  :   000;
	184b  :   000;
	184c  :   000;
	184d  :   000;
	184e  :   000;
	184f  :   000;
	1850  :   000;
	1851  :   000;
	1852  :   000;
	1853  :   000;
	1854  :   000;
	1855  :   000;
	1856  :   000;
	1857  :   000;
	1858  :   000;
	1859  :   000;
	185a  :   000;
	185b  :   000;
	185c  :   000;
	185d  :   000;
	185e  :   000;
	185f  :   000;
	1860  :   000;
	1861  :   000;
	1862  :   000;
	1863  :   000;
	1864  :   000;
	1865  :   000;
	1866  :   000;
	1867  :   000;
	1868  :   000;
	1869  :   000;
	186a  :   000;
	186b  :   000;
	186c  :   000;
	186d  :   000;
	186e  :   000;
	186f  :   000;
	1870  :   000;
	1871  :   000;
	1872  :   000;
	1873  :   000;
	1874  :   000;
	1875  :   000;
	1876  :   000;
	1877  :   000;
	1878  :   000;
	1879  :   000;
	187a  :   000;
	187b  :   000;
	187c  :   000;
	187d  :   000;
	187e  :   000;
	187f  :   000;
	1880  :   000;
	1881  :   000;
	1882  :   000;
	1883  :   000;
	1884  :   000;
	1885  :   000;
	1886  :   000;
	1887  :   000;
	1888  :   000;
	1889  :   000;
	188a  :   000;
	188b  :   000;
	188c  :   000;
	188d  :   000;
	188e  :   000;
	188f  :   000;
	1890  :   000;
	1891  :   000;
	1892  :   000;
	1893  :   000;
	1894  :   000;
	1895  :   000;
	1896  :   000;
	1897  :   000;
	1898  :   000;
	1899  :   000;
	189a  :   000;
	189b  :   000;
	189c  :   000;
	189d  :   000;
	189e  :   000;
	189f  :   000;
	18a0  :   000;
	18a1  :   000;
	18a2  :   000;
	18a3  :   000;
	18a4  :   000;
	18a5  :   000;
	18a6  :   000;
	18a7  :   000;
	18a8  :   000;
	18a9  :   000;
	18aa  :   000;
	18ab  :   000;
	18ac  :   000;
	18ad  :   000;
	18ae  :   000;
	18af  :   000;
	18b0  :   000;
	18b1  :   000;
	18b2  :   000;
	18b3  :   000;
	18b4  :   000;
	18b5  :   000;
	18b6  :   000;
	18b7  :   000;
	18b8  :   000;
	18b9  :   000;
	18ba  :   000;
	18bb  :   000;
	18bc  :   000;
	18bd  :   000;
	18be  :   000;
	18bf  :   000;
	18c0  :   000;
	18c1  :   000;
	18c2  :   000;
	18c3  :   000;
	18c4  :   000;
	18c5  :   000;
	18c6  :   000;
	18c7  :   000;
	18c8  :   000;
	18c9  :   000;
	18ca  :   000;
	18cb  :   000;
	18cc  :   000;
	18cd  :   000;
	18ce  :   000;
	18cf  :   000;
	18d0  :   000;
	18d1  :   000;
	18d2  :   000;
	18d3  :   000;
	18d4  :   000;
	18d5  :   000;
	18d6  :   000;
	18d7  :   000;
	18d8  :   000;
	18d9  :   000;
	18da  :   000;
	18db  :   000;
	18dc  :   000;
	18dd  :   000;
	18de  :   000;
	18df  :   000;
	18e0  :   000;
	18e1  :   000;
	18e2  :   000;
	18e3  :   000;
	18e4  :   000;
	18e5  :   000;
	18e6  :   000;
	18e7  :   000;
	18e8  :   000;
	18e9  :   000;
	18ea  :   000;
	18eb  :   000;
	18ec  :   000;
	18ed  :   000;
	18ee  :   000;
	18ef  :   000;
	18f0  :   000;
	18f1  :   000;
	18f2  :   000;
	18f3  :   000;
	18f4  :   000;
	18f5  :   000;
	18f6  :   000;
	18f7  :   000;
	18f8  :   000;
	18f9  :   000;
	18fa  :   000;
	18fb  :   000;
	18fc  :   000;
	18fd  :   000;
	18fe  :   000;
	18ff  :   000;
	1900  :   000;
	1901  :   000;
	1902  :   000;
	1903  :   000;
	1904  :   000;
	1905  :   000;
	1906  :   000;
	1907  :   000;
	1908  :   000;
	1909  :   000;
	190a  :   000;
	190b  :   000;
	190c  :   000;
	190d  :   000;
	190e  :   000;
	190f  :   000;
	1910  :   000;
	1911  :   000;
	1912  :   000;
	1913  :   000;
	1914  :   000;
	1915  :   000;
	1916  :   000;
	1917  :   000;
	1918  :   000;
	1919  :   000;
	191a  :   000;
	191b  :   000;
	191c  :   000;
	191d  :   000;
	191e  :   000;
	191f  :   000;
	1920  :   000;
	1921  :   000;
	1922  :   000;
	1923  :   000;
	1924  :   000;
	1925  :   000;
	1926  :   000;
	1927  :   000;
	1928  :   000;
	1929  :   000;
	192a  :   000;
	192b  :   000;
	192c  :   000;
	192d  :   000;
	192e  :   000;
	192f  :   000;
	1930  :   000;
	1931  :   000;
	1932  :   000;
	1933  :   000;
	1934  :   000;
	1935  :   000;
	1936  :   000;
	1937  :   000;
	1938  :   000;
	1939  :   000;
	193a  :   000;
	193b  :   000;
	193c  :   000;
	193d  :   000;
	193e  :   000;
	193f  :   000;
	1940  :   000;
	1941  :   000;
	1942  :   000;
	1943  :   000;
	1944  :   000;
	1945  :   000;
	1946  :   000;
	1947  :   000;
	1948  :   000;
	1949  :   000;
	194a  :   000;
	194b  :   000;
	194c  :   000;
	194d  :   000;
	194e  :   000;
	194f  :   000;
	1950  :   000;
	1951  :   000;
	1952  :   000;
	1953  :   000;
	1954  :   000;
	1955  :   000;
	1956  :   000;
	1957  :   000;
	1958  :   000;
	1959  :   000;
	195a  :   000;
	195b  :   000;
	195c  :   000;
	195d  :   000;
	195e  :   000;
	195f  :   000;
	1960  :   000;
	1961  :   000;
	1962  :   000;
	1963  :   000;
	1964  :   000;
	1965  :   000;
	1966  :   000;
	1967  :   000;
	1968  :   000;
	1969  :   000;
	196a  :   000;
	196b  :   000;
	196c  :   000;
	196d  :   000;
	196e  :   000;
	196f  :   000;
	1970  :   000;
	1971  :   000;
	1972  :   000;
	1973  :   000;
	1974  :   000;
	1975  :   000;
	1976  :   000;
	1977  :   000;
	1978  :   000;
	1979  :   000;
	197a  :   000;
	197b  :   000;
	197c  :   000;
	197d  :   000;
	197e  :   000;
	197f  :   000;
	1980  :   000;
	1981  :   000;
	1982  :   000;
	1983  :   000;
	1984  :   000;
	1985  :   000;
	1986  :   000;
	1987  :   000;
	1988  :   000;
	1989  :   000;
	198a  :   000;
	198b  :   000;
	198c  :   000;
	198d  :   000;
	198e  :   000;
	198f  :   000;
	1990  :   000;
	1991  :   000;
	1992  :   000;
	1993  :   000;
	1994  :   000;
	1995  :   000;
	1996  :   000;
	1997  :   000;
	1998  :   000;
	1999  :   000;
	199a  :   000;
	199b  :   000;
	199c  :   000;
	199d  :   000;
	199e  :   000;
	199f  :   000;
	19a0  :   000;
	19a1  :   000;
	19a2  :   000;
	19a3  :   000;
	19a4  :   000;
	19a5  :   000;
	19a6  :   000;
	19a7  :   000;
	19a8  :   000;
	19a9  :   000;
	19aa  :   000;
	19ab  :   000;
	19ac  :   000;
	19ad  :   000;
	19ae  :   000;
	19af  :   000;
	19b0  :   000;
	19b1  :   000;
	19b2  :   000;
	19b3  :   000;
	19b4  :   000;
	19b5  :   000;
	19b6  :   000;
	19b7  :   000;
	19b8  :   000;
	19b9  :   000;
	19ba  :   000;
	19bb  :   000;
	19bc  :   000;
	19bd  :   000;
	19be  :   000;
	19bf  :   000;
	19c0  :   000;
	19c1  :   000;
	19c2  :   000;
	19c3  :   000;
	19c4  :   000;
	19c5  :   000;
	19c6  :   000;
	19c7  :   000;
	19c8  :   000;
	19c9  :   000;
	19ca  :   000;
	19cb  :   000;
	19cc  :   000;
	19cd  :   000;
	19ce  :   000;
	19cf  :   000;
	19d0  :   000;
	19d1  :   000;
	19d2  :   000;
	19d3  :   000;
	19d4  :   000;
	19d5  :   000;
	19d6  :   000;
	19d7  :   000;
	19d8  :   000;
	19d9  :   000;
	19da  :   000;
	19db  :   000;
	19dc  :   000;
	19dd  :   000;
	19de  :   000;
	19df  :   000;
	19e0  :   000;
	19e1  :   000;
	19e2  :   000;
	19e3  :   000;
	19e4  :   000;
	19e5  :   000;
	19e6  :   000;
	19e7  :   000;
	19e8  :   000;
	19e9  :   000;
	19ea  :   000;
	19eb  :   000;
	19ec  :   000;
	19ed  :   000;
	19ee  :   000;
	19ef  :   000;
	19f0  :   000;
	19f1  :   000;
	19f2  :   000;
	19f3  :   000;
	19f4  :   000;
	19f5  :   000;
	19f6  :   000;
	19f7  :   000;
	19f8  :   000;
	19f9  :   000;
	19fa  :   000;
	19fb  :   000;
	19fc  :   000;
	19fd  :   000;
	19fe  :   000;
	19ff  :   000;
	1a00  :   000;
	1a01  :   000;
	1a02  :   000;
	1a03  :   000;
	1a04  :   000;
	1a05  :   000;
	1a06  :   000;
	1a07  :   000;
	1a08  :   000;
	1a09  :   000;
	1a0a  :   000;
	1a0b  :   000;
	1a0c  :   000;
	1a0d  :   000;
	1a0e  :   000;
	1a0f  :   000;
	1a10  :   000;
	1a11  :   000;
	1a12  :   000;
	1a13  :   000;
	1a14  :   000;
	1a15  :   000;
	1a16  :   000;
	1a17  :   000;
	1a18  :   000;
	1a19  :   000;
	1a1a  :   000;
	1a1b  :   000;
	1a1c  :   000;
	1a1d  :   000;
	1a1e  :   000;
	1a1f  :   000;
	1a20  :   000;
	1a21  :   000;
	1a22  :   000;
	1a23  :   000;
	1a24  :   000;
	1a25  :   000;
	1a26  :   000;
	1a27  :   000;
	1a28  :   000;
	1a29  :   000;
	1a2a  :   000;
	1a2b  :   000;
	1a2c  :   000;
	1a2d  :   000;
	1a2e  :   000;
	1a2f  :   000;
	1a30  :   000;
	1a31  :   000;
	1a32  :   000;
	1a33  :   000;
	1a34  :   000;
	1a35  :   000;
	1a36  :   000;
	1a37  :   000;
	1a38  :   000;
	1a39  :   000;
	1a3a  :   000;
	1a3b  :   000;
	1a3c  :   000;
	1a3d  :   000;
	1a3e  :   000;
	1a3f  :   000;
	1a40  :   000;
	1a41  :   000;
	1a42  :   000;
	1a43  :   000;
	1a44  :   000;
	1a45  :   000;
	1a46  :   000;
	1a47  :   000;
	1a48  :   000;
	1a49  :   000;
	1a4a  :   000;
	1a4b  :   000;
	1a4c  :   000;
	1a4d  :   000;
	1a4e  :   000;
	1a4f  :   000;
	1a50  :   000;
	1a51  :   000;
	1a52  :   000;
	1a53  :   000;
	1a54  :   000;
	1a55  :   000;
	1a56  :   000;
	1a57  :   000;
	1a58  :   000;
	1a59  :   000;
	1a5a  :   000;
	1a5b  :   000;
	1a5c  :   000;
	1a5d  :   000;
	1a5e  :   000;
	1a5f  :   000;
	1a60  :   000;
	1a61  :   000;
	1a62  :   000;
	1a63  :   000;
	1a64  :   000;
	1a65  :   000;
	1a66  :   000;
	1a67  :   000;
	1a68  :   000;
	1a69  :   000;
	1a6a  :   000;
	1a6b  :   000;
	1a6c  :   000;
	1a6d  :   000;
	1a6e  :   000;
	1a6f  :   000;
	1a70  :   000;
	1a71  :   000;
	1a72  :   000;
	1a73  :   000;
	1a74  :   000;
	1a75  :   000;
	1a76  :   000;
	1a77  :   000;
	1a78  :   000;
	1a79  :   000;
	1a7a  :   000;
	1a7b  :   000;
	1a7c  :   000;
	1a7d  :   000;
	1a7e  :   000;
	1a7f  :   000;
	1a80  :   000;
	1a81  :   000;
	1a82  :   000;
	1a83  :   000;
	1a84  :   000;
	1a85  :   000;
	1a86  :   000;
	1a87  :   000;
	1a88  :   000;
	1a89  :   000;
	1a8a  :   000;
	1a8b  :   000;
	1a8c  :   000;
	1a8d  :   000;
	1a8e  :   000;
	1a8f  :   000;
	1a90  :   000;
	1a91  :   000;
	1a92  :   000;
	1a93  :   000;
	1a94  :   000;
	1a95  :   000;
	1a96  :   000;
	1a97  :   000;
	1a98  :   000;
	1a99  :   000;
	1a9a  :   000;
	1a9b  :   000;
	1a9c  :   000;
	1a9d  :   000;
	1a9e  :   000;
	1a9f  :   000;
	1aa0  :   000;
	1aa1  :   000;
	1aa2  :   000;
	1aa3  :   000;
	1aa4  :   000;
	1aa5  :   000;
	1aa6  :   000;
	1aa7  :   000;
	1aa8  :   000;
	1aa9  :   000;
	1aaa  :   000;
	1aab  :   000;
	1aac  :   000;
	1aad  :   000;
	1aae  :   000;
	1aaf  :   000;
	1ab0  :   000;
	1ab1  :   000;
	1ab2  :   000;
	1ab3  :   000;
	1ab4  :   000;
	1ab5  :   000;
	1ab6  :   000;
	1ab7  :   000;
	1ab8  :   000;
	1ab9  :   000;
	1aba  :   000;
	1abb  :   000;
	1abc  :   000;
	1abd  :   000;
	1abe  :   000;
	1abf  :   000;
	1ac0  :   000;
	1ac1  :   000;
	1ac2  :   000;
	1ac3  :   000;
	1ac4  :   000;
	1ac5  :   000;
	1ac6  :   000;
	1ac7  :   000;
	1ac8  :   000;
	1ac9  :   000;
	1aca  :   000;
	1acb  :   000;
	1acc  :   000;
	1acd  :   000;
	1ace  :   000;
	1acf  :   000;
	1ad0  :   000;
	1ad1  :   000;
	1ad2  :   000;
	1ad3  :   000;
	1ad4  :   000;
	1ad5  :   000;
	1ad6  :   000;
	1ad7  :   000;
	1ad8  :   000;
	1ad9  :   000;
	1ada  :   000;
	1adb  :   000;
	1adc  :   000;
	1add  :   000;
	1ade  :   000;
	1adf  :   000;
	1ae0  :   000;
	1ae1  :   000;
	1ae2  :   000;
	1ae3  :   000;
	1ae4  :   000;
	1ae5  :   000;
	1ae6  :   000;
	1ae7  :   000;
	1ae8  :   000;
	1ae9  :   000;
	1aea  :   000;
	1aeb  :   000;
	1aec  :   000;
	1aed  :   000;
	1aee  :   000;
	1aef  :   000;
	1af0  :   000;
	1af1  :   000;
	1af2  :   000;
	1af3  :   000;
	1af4  :   000;
	1af5  :   000;
	1af6  :   000;
	1af7  :   000;
	1af8  :   000;
	1af9  :   000;
	1afa  :   000;
	1afb  :   000;
	1afc  :   000;
	1afd  :   000;
	1afe  :   000;
	1aff  :   000;
	1b00  :   000;
	1b01  :   000;
	1b02  :   000;
	1b03  :   000;
	1b04  :   000;
	1b05  :   000;
	1b06  :   000;
	1b07  :   000;
	1b08  :   000;
	1b09  :   000;
	1b0a  :   000;
	1b0b  :   000;
	1b0c  :   000;
	1b0d  :   000;
	1b0e  :   000;
	1b0f  :   000;
	1b10  :   000;
	1b11  :   000;
	1b12  :   000;
	1b13  :   000;
	1b14  :   000;
	1b15  :   000;
	1b16  :   000;
	1b17  :   000;
	1b18  :   000;
	1b19  :   000;
	1b1a  :   000;
	1b1b  :   000;
	1b1c  :   000;
	1b1d  :   000;
	1b1e  :   000;
	1b1f  :   000;
	1b20  :   000;
	1b21  :   000;
	1b22  :   000;
	1b23  :   000;
	1b24  :   000;
	1b25  :   000;
	1b26  :   000;
	1b27  :   000;
	1b28  :   000;
	1b29  :   000;
	1b2a  :   000;
	1b2b  :   000;
	1b2c  :   000;
	1b2d  :   000;
	1b2e  :   000;
	1b2f  :   000;
	1b30  :   000;
	1b31  :   000;
	1b32  :   000;
	1b33  :   000;
	1b34  :   000;
	1b35  :   000;
	1b36  :   000;
	1b37  :   000;
	1b38  :   000;
	1b39  :   000;
	1b3a  :   000;
	1b3b  :   000;
	1b3c  :   000;
	1b3d  :   000;
	1b3e  :   000;
	1b3f  :   000;
	1b40  :   000;
	1b41  :   000;
	1b42  :   000;
	1b43  :   000;
	1b44  :   000;
	1b45  :   000;
	1b46  :   000;
	1b47  :   000;
	1b48  :   000;
	1b49  :   000;
	1b4a  :   000;
	1b4b  :   000;
	1b4c  :   000;
	1b4d  :   000;
	1b4e  :   000;
	1b4f  :   000;
	1b50  :   000;
	1b51  :   000;
	1b52  :   000;
	1b53  :   000;
	1b54  :   000;
	1b55  :   000;
	1b56  :   000;
	1b57  :   000;
	1b58  :   000;
	1b59  :   000;
	1b5a  :   000;
	1b5b  :   000;
	1b5c  :   000;
	1b5d  :   000;
	1b5e  :   000;
	1b5f  :   000;
	1b60  :   000;
	1b61  :   000;
	1b62  :   000;
	1b63  :   000;
	1b64  :   000;
	1b65  :   000;
	1b66  :   000;
	1b67  :   000;
	1b68  :   000;
	1b69  :   000;
	1b6a  :   000;
	1b6b  :   000;
	1b6c  :   000;
	1b6d  :   000;
	1b6e  :   000;
	1b6f  :   000;
	1b70  :   000;
	1b71  :   000;
	1b72  :   000;
	1b73  :   000;
	1b74  :   000;
	1b75  :   000;
	1b76  :   000;
	1b77  :   000;
	1b78  :   000;
	1b79  :   000;
	1b7a  :   000;
	1b7b  :   000;
	1b7c  :   000;
	1b7d  :   000;
	1b7e  :   000;
	1b7f  :   000;
	1b80  :   000;
	1b81  :   000;
	1b82  :   000;
	1b83  :   000;
	1b84  :   000;
	1b85  :   000;
	1b86  :   000;
	1b87  :   000;
	1b88  :   000;
	1b89  :   000;
	1b8a  :   000;
	1b8b  :   000;
	1b8c  :   000;
	1b8d  :   000;
	1b8e  :   000;
	1b8f  :   000;
	1b90  :   000;
	1b91  :   000;
	1b92  :   000;
	1b93  :   000;
	1b94  :   000;
	1b95  :   000;
	1b96  :   000;
	1b97  :   000;
	1b98  :   000;
	1b99  :   000;
	1b9a  :   000;
	1b9b  :   000;
	1b9c  :   000;
	1b9d  :   000;
	1b9e  :   000;
	1b9f  :   000;
	1ba0  :   000;
	1ba1  :   000;
	1ba2  :   000;
	1ba3  :   000;
	1ba4  :   000;
	1ba5  :   000;
	1ba6  :   000;
	1ba7  :   000;
	1ba8  :   000;
	1ba9  :   000;
	1baa  :   000;
	1bab  :   000;
	1bac  :   000;
	1bad  :   000;
	1bae  :   000;
	1baf  :   000;
	1bb0  :   000;
	1bb1  :   000;
	1bb2  :   000;
	1bb3  :   000;
	1bb4  :   000;
	1bb5  :   000;
	1bb6  :   000;
	1bb7  :   000;
	1bb8  :   000;
	1bb9  :   000;
	1bba  :   000;
	1bbb  :   000;
	1bbc  :   000;
	1bbd  :   000;
	1bbe  :   000;
	1bbf  :   000;
	1bc0  :   000;
	1bc1  :   000;
	1bc2  :   000;
	1bc3  :   000;
	1bc4  :   000;
	1bc5  :   000;
	1bc6  :   000;
	1bc7  :   000;
	1bc8  :   000;
	1bc9  :   000;
	1bca  :   000;
	1bcb  :   000;
	1bcc  :   000;
	1bcd  :   000;
	1bce  :   000;
	1bcf  :   000;
	1bd0  :   000;
	1bd1  :   000;
	1bd2  :   000;
	1bd3  :   000;
	1bd4  :   000;
	1bd5  :   000;
	1bd6  :   000;
	1bd7  :   000;
	1bd8  :   000;
	1bd9  :   000;
	1bda  :   000;
	1bdb  :   000;
	1bdc  :   000;
	1bdd  :   000;
	1bde  :   000;
	1bdf  :   000;
	1be0  :   000;
	1be1  :   000;
	1be2  :   000;
	1be3  :   000;
	1be4  :   000;
	1be5  :   000;
	1be6  :   000;
	1be7  :   000;
	1be8  :   000;
	1be9  :   000;
	1bea  :   000;
	1beb  :   000;
	1bec  :   000;
	1bed  :   000;
	1bee  :   000;
	1bef  :   000;
	1bf0  :   000;
	1bf1  :   000;
	1bf2  :   000;
	1bf3  :   000;
	1bf4  :   000;
	1bf5  :   000;
	1bf6  :   000;
	1bf7  :   000;
	1bf8  :   000;
	1bf9  :   000;
	1bfa  :   000;
	1bfb  :   000;
	1bfc  :   000;
	1bfd  :   000;
	1bfe  :   000;
	1bff  :   000;
	1c00  :   000;
	1c01  :   000;
	1c02  :   000;
	1c03  :   000;
	1c04  :   000;
	1c05  :   000;
	1c06  :   000;
	1c07  :   000;
	1c08  :   000;
	1c09  :   000;
	1c0a  :   000;
	1c0b  :   000;
	1c0c  :   000;
	1c0d  :   000;
	1c0e  :   000;
	1c0f  :   000;
	1c10  :   000;
	1c11  :   000;
	1c12  :   000;
	1c13  :   000;
	1c14  :   000;
	1c15  :   000;
	1c16  :   000;
	1c17  :   000;
	1c18  :   000;
	1c19  :   000;
	1c1a  :   000;
	1c1b  :   000;
	1c1c  :   000;
	1c1d  :   000;
	1c1e  :   000;
	1c1f  :   000;
	1c20  :   000;
	1c21  :   000;
	1c22  :   000;
	1c23  :   000;
	1c24  :   000;
	1c25  :   000;
	1c26  :   000;
	1c27  :   000;
	1c28  :   000;
	1c29  :   000;
	1c2a  :   000;
	1c2b  :   000;
	1c2c  :   000;
	1c2d  :   000;
	1c2e  :   000;
	1c2f  :   000;
	1c30  :   000;
	1c31  :   000;
	1c32  :   000;
	1c33  :   000;
	1c34  :   000;
	1c35  :   000;
	1c36  :   000;
	1c37  :   000;
	1c38  :   000;
	1c39  :   000;
	1c3a  :   000;
	1c3b  :   000;
	1c3c  :   000;
	1c3d  :   000;
	1c3e  :   000;
	1c3f  :   000;
	1c40  :   000;
	1c41  :   000;
	1c42  :   000;
	1c43  :   000;
	1c44  :   000;
	1c45  :   000;
	1c46  :   000;
	1c47  :   000;
	1c48  :   000;
	1c49  :   000;
	1c4a  :   000;
	1c4b  :   000;
	1c4c  :   000;
	1c4d  :   000;
	1c4e  :   000;
	1c4f  :   000;
	1c50  :   000;
	1c51  :   000;
	1c52  :   000;
	1c53  :   000;
	1c54  :   000;
	1c55  :   000;
	1c56  :   000;
	1c57  :   000;
	1c58  :   000;
	1c59  :   000;
	1c5a  :   000;
	1c5b  :   000;
	1c5c  :   000;
	1c5d  :   000;
	1c5e  :   000;
	1c5f  :   000;
	1c60  :   000;
	1c61  :   000;
	1c62  :   000;
	1c63  :   000;
	1c64  :   000;
	1c65  :   000;
	1c66  :   000;
	1c67  :   000;
	1c68  :   000;
	1c69  :   000;
	1c6a  :   000;
	1c6b  :   000;
	1c6c  :   000;
	1c6d  :   000;
	1c6e  :   000;
	1c6f  :   000;
	1c70  :   000;
	1c71  :   000;
	1c72  :   000;
	1c73  :   000;
	1c74  :   000;
	1c75  :   000;
	1c76  :   000;
	1c77  :   000;
	1c78  :   000;
	1c79  :   000;
	1c7a  :   000;
	1c7b  :   000;
	1c7c  :   000;
	1c7d  :   000;
	1c7e  :   000;
	1c7f  :   000;
	1c80  :   000;
	1c81  :   000;
	1c82  :   000;
	1c83  :   000;
	1c84  :   000;
	1c85  :   000;
	1c86  :   000;
	1c87  :   000;
	1c88  :   000;
	1c89  :   000;
	1c8a  :   000;
	1c8b  :   000;
	1c8c  :   000;
	1c8d  :   000;
	1c8e  :   000;
	1c8f  :   000;
	1c90  :   000;
	1c91  :   000;
	1c92  :   000;
	1c93  :   000;
	1c94  :   000;
	1c95  :   000;
	1c96  :   000;
	1c97  :   000;
	1c98  :   000;
	1c99  :   000;
	1c9a  :   000;
	1c9b  :   000;
	1c9c  :   000;
	1c9d  :   000;
	1c9e  :   000;
	1c9f  :   000;
	1ca0  :   000;
	1ca1  :   000;
	1ca2  :   000;
	1ca3  :   000;
	1ca4  :   000;
	1ca5  :   000;
	1ca6  :   000;
	1ca7  :   000;
	1ca8  :   000;
	1ca9  :   000;
	1caa  :   000;
	1cab  :   000;
	1cac  :   000;
	1cad  :   000;
	1cae  :   000;
	1caf  :   000;
	1cb0  :   000;
	1cb1  :   000;
	1cb2  :   000;
	1cb3  :   000;
	1cb4  :   000;
	1cb5  :   000;
	1cb6  :   000;
	1cb7  :   000;
	1cb8  :   000;
	1cb9  :   000;
	1cba  :   000;
	1cbb  :   000;
	1cbc  :   000;
	1cbd  :   000;
	1cbe  :   000;
	1cbf  :   000;
	1cc0  :   000;
	1cc1  :   000;
	1cc2  :   000;
	1cc3  :   000;
	1cc4  :   000;
	1cc5  :   000;
	1cc6  :   000;
	1cc7  :   000;
	1cc8  :   000;
	1cc9  :   000;
	1cca  :   000;
	1ccb  :   000;
	1ccc  :   000;
	1ccd  :   000;
	1cce  :   000;
	1ccf  :   000;
	1cd0  :   000;
	1cd1  :   000;
	1cd2  :   000;
	1cd3  :   000;
	1cd4  :   000;
	1cd5  :   000;
	1cd6  :   000;
	1cd7  :   000;
	1cd8  :   000;
	1cd9  :   000;
	1cda  :   000;
	1cdb  :   000;
	1cdc  :   000;
	1cdd  :   000;
	1cde  :   000;
	1cdf  :   000;
	1ce0  :   000;
	1ce1  :   000;
	1ce2  :   000;
	1ce3  :   000;
	1ce4  :   000;
	1ce5  :   000;
	1ce6  :   000;
	1ce7  :   000;
	1ce8  :   000;
	1ce9  :   000;
	1cea  :   000;
	1ceb  :   000;
	1cec  :   000;
	1ced  :   000;
	1cee  :   000;
	1cef  :   000;
	1cf0  :   000;
	1cf1  :   000;
	1cf2  :   000;
	1cf3  :   000;
	1cf4  :   000;
	1cf5  :   000;
	1cf6  :   000;
	1cf7  :   000;
	1cf8  :   000;
	1cf9  :   000;
	1cfa  :   000;
	1cfb  :   000;
	1cfc  :   000;
	1cfd  :   000;
	1cfe  :   000;
	1cff  :   000;
	1d00  :   000;
	1d01  :   000;
	1d02  :   000;
	1d03  :   000;
	1d04  :   000;
	1d05  :   000;
	1d06  :   000;
	1d07  :   000;
	1d08  :   000;
	1d09  :   000;
	1d0a  :   000;
	1d0b  :   000;
	1d0c  :   000;
	1d0d  :   000;
	1d0e  :   000;
	1d0f  :   000;
	1d10  :   000;
	1d11  :   000;
	1d12  :   000;
	1d13  :   000;
	1d14  :   000;
	1d15  :   000;
	1d16  :   000;
	1d17  :   000;
	1d18  :   000;
	1d19  :   000;
	1d1a  :   000;
	1d1b  :   000;
	1d1c  :   000;
	1d1d  :   000;
	1d1e  :   000;
	1d1f  :   000;
	1d20  :   000;
	1d21  :   000;
	1d22  :   000;
	1d23  :   000;
	1d24  :   000;
	1d25  :   000;
	1d26  :   000;
	1d27  :   000;
	1d28  :   000;
	1d29  :   000;
	1d2a  :   000;
	1d2b  :   000;
	1d2c  :   000;
	1d2d  :   000;
	1d2e  :   000;
	1d2f  :   000;
	1d30  :   000;
	1d31  :   000;
	1d32  :   000;
	1d33  :   000;
	1d34  :   000;
	1d35  :   000;
	1d36  :   000;
	1d37  :   000;
	1d38  :   000;
	1d39  :   000;
	1d3a  :   000;
	1d3b  :   000;
	1d3c  :   000;
	1d3d  :   000;
	1d3e  :   000;
	1d3f  :   000;
	1d40  :   000;
	1d41  :   000;
	1d42  :   000;
	1d43  :   000;
	1d44  :   000;
	1d45  :   000;
	1d46  :   000;
	1d47  :   000;
	1d48  :   000;
	1d49  :   000;
	1d4a  :   000;
	1d4b  :   000;
	1d4c  :   000;
	1d4d  :   000;
	1d4e  :   000;
	1d4f  :   000;
	1d50  :   000;
	1d51  :   000;
	1d52  :   000;
	1d53  :   000;
	1d54  :   000;
	1d55  :   000;
	1d56  :   000;
	1d57  :   000;
	1d58  :   000;
	1d59  :   000;
	1d5a  :   000;
	1d5b  :   000;
	1d5c  :   000;
	1d5d  :   000;
	1d5e  :   000;
	1d5f  :   000;
	1d60  :   000;
	1d61  :   000;
	1d62  :   000;
	1d63  :   000;
	1d64  :   000;
	1d65  :   000;
	1d66  :   000;
	1d67  :   000;
	1d68  :   000;
	1d69  :   000;
	1d6a  :   000;
	1d6b  :   000;
	1d6c  :   000;
	1d6d  :   000;
	1d6e  :   000;
	1d6f  :   000;
	1d70  :   000;
	1d71  :   000;
	1d72  :   000;
	1d73  :   000;
	1d74  :   000;
	1d75  :   000;
	1d76  :   000;
	1d77  :   000;
	1d78  :   000;
	1d79  :   000;
	1d7a  :   000;
	1d7b  :   000;
	1d7c  :   000;
	1d7d  :   000;
	1d7e  :   000;
	1d7f  :   000;
	1d80  :   000;
	1d81  :   000;
	1d82  :   000;
	1d83  :   000;
	1d84  :   000;
	1d85  :   000;
	1d86  :   000;
	1d87  :   000;
	1d88  :   000;
	1d89  :   000;
	1d8a  :   000;
	1d8b  :   000;
	1d8c  :   000;
	1d8d  :   000;
	1d8e  :   000;
	1d8f  :   000;
	1d90  :   000;
	1d91  :   000;
	1d92  :   000;
	1d93  :   000;
	1d94  :   000;
	1d95  :   000;
	1d96  :   000;
	1d97  :   000;
	1d98  :   000;
	1d99  :   000;
	1d9a  :   000;
	1d9b  :   000;
	1d9c  :   000;
	1d9d  :   000;
	1d9e  :   000;
	1d9f  :   000;
	1da0  :   000;
	1da1  :   000;
	1da2  :   000;
	1da3  :   000;
	1da4  :   000;
	1da5  :   000;
	1da6  :   000;
	1da7  :   000;
	1da8  :   000;
	1da9  :   000;
	1daa  :   000;
	1dab  :   000;
	1dac  :   000;
	1dad  :   000;
	1dae  :   000;
	1daf  :   000;
	1db0  :   000;
	1db1  :   000;
	1db2  :   000;
	1db3  :   000;
	1db4  :   000;
	1db5  :   000;
	1db6  :   000;
	1db7  :   000;
	1db8  :   000;
	1db9  :   000;
	1dba  :   000;
	1dbb  :   000;
	1dbc  :   000;
	1dbd  :   000;
	1dbe  :   000;
	1dbf  :   000;
	1dc0  :   000;
	1dc1  :   000;
	1dc2  :   000;
	1dc3  :   000;
	1dc4  :   000;
	1dc5  :   000;
	1dc6  :   000;
	1dc7  :   000;
	1dc8  :   000;
	1dc9  :   000;
	1dca  :   000;
	1dcb  :   000;
	1dcc  :   000;
	1dcd  :   000;
	1dce  :   000;
	1dcf  :   000;
	1dd0  :   000;
	1dd1  :   000;
	1dd2  :   000;
	1dd3  :   000;
	1dd4  :   000;
	1dd5  :   000;
	1dd6  :   000;
	1dd7  :   000;
	1dd8  :   000;
	1dd9  :   000;
	1dda  :   000;
	1ddb  :   000;
	1ddc  :   000;
	1ddd  :   000;
	1dde  :   000;
	1ddf  :   000;
	1de0  :   000;
	1de1  :   000;
	1de2  :   000;
	1de3  :   000;
	1de4  :   000;
	1de5  :   000;
	1de6  :   000;
	1de7  :   000;
	1de8  :   000;
	1de9  :   000;
	1dea  :   000;
	1deb  :   000;
	1dec  :   000;
	1ded  :   000;
	1dee  :   000;
	1def  :   000;
	1df0  :   000;
	1df1  :   000;
	1df2  :   000;
	1df3  :   000;
	1df4  :   000;
	1df5  :   000;
	1df6  :   000;
	1df7  :   000;
	1df8  :   000;
	1df9  :   000;
	1dfa  :   000;
	1dfb  :   000;
	1dfc  :   000;
	1dfd  :   000;
	1dfe  :   000;
	1dff  :   000;
	1e00  :   000;
	1e01  :   000;
	1e02  :   000;
	1e03  :   000;
	1e04  :   000;
	1e05  :   000;
	1e06  :   000;
	1e07  :   000;
	1e08  :   000;
	1e09  :   000;
	1e0a  :   000;
	1e0b  :   000;
	1e0c  :   000;
	1e0d  :   000;
	1e0e  :   000;
	1e0f  :   000;
	1e10  :   000;
	1e11  :   000;
	1e12  :   000;
	1e13  :   000;
	1e14  :   000;
	1e15  :   000;
	1e16  :   000;
	1e17  :   000;
	1e18  :   000;
	1e19  :   000;
	1e1a  :   000;
	1e1b  :   000;
	1e1c  :   000;
	1e1d  :   000;
	1e1e  :   000;
	1e1f  :   000;
	1e20  :   000;
	1e21  :   000;
	1e22  :   000;
	1e23  :   000;
	1e24  :   000;
	1e25  :   000;
	1e26  :   000;
	1e27  :   000;
	1e28  :   000;
	1e29  :   000;
	1e2a  :   000;
	1e2b  :   000;
	1e2c  :   000;
	1e2d  :   000;
	1e2e  :   000;
	1e2f  :   000;
	1e30  :   000;
	1e31  :   000;
	1e32  :   000;
	1e33  :   000;
	1e34  :   000;
	1e35  :   000;
	1e36  :   000;
	1e37  :   000;
	1e38  :   000;
	1e39  :   000;
	1e3a  :   000;
	1e3b  :   000;
	1e3c  :   000;
	1e3d  :   000;
	1e3e  :   000;
	1e3f  :   000;
	1e40  :   000;
	1e41  :   000;
	1e42  :   000;
	1e43  :   000;
	1e44  :   000;
	1e45  :   000;
	1e46  :   000;
	1e47  :   000;
	1e48  :   000;
	1e49  :   000;
	1e4a  :   000;
	1e4b  :   000;
	1e4c  :   000;
	1e4d  :   000;
	1e4e  :   000;
	1e4f  :   000;
	1e50  :   000;
	1e51  :   000;
	1e52  :   000;
	1e53  :   000;
	1e54  :   000;
	1e55  :   000;
	1e56  :   000;
	1e57  :   000;
	1e58  :   000;
	1e59  :   000;
	1e5a  :   000;
	1e5b  :   000;
	1e5c  :   000;
	1e5d  :   000;
	1e5e  :   000;
	1e5f  :   000;
	1e60  :   000;
	1e61  :   000;
	1e62  :   000;
	1e63  :   000;
	1e64  :   000;
	1e65  :   000;
	1e66  :   000;
	1e67  :   000;
	1e68  :   000;
	1e69  :   000;
	1e6a  :   000;
	1e6b  :   000;
	1e6c  :   000;
	1e6d  :   000;
	1e6e  :   000;
	1e6f  :   000;
	1e70  :   000;
	1e71  :   000;
	1e72  :   000;
	1e73  :   000;
	1e74  :   000;
	1e75  :   000;
	1e76  :   000;
	1e77  :   000;
	1e78  :   000;
	1e79  :   000;
	1e7a  :   000;
	1e7b  :   000;
	1e7c  :   000;
	1e7d  :   000;
	1e7e  :   000;
	1e7f  :   000;
	1e80  :   000;
	1e81  :   000;
	1e82  :   000;
	1e83  :   000;
	1e84  :   000;
	1e85  :   000;
	1e86  :   000;
	1e87  :   000;
	1e88  :   000;
	1e89  :   000;
	1e8a  :   000;
	1e8b  :   000;
	1e8c  :   000;
	1e8d  :   000;
	1e8e  :   000;
	1e8f  :   000;
	1e90  :   000;
	1e91  :   000;
	1e92  :   000;
	1e93  :   000;
	1e94  :   000;
	1e95  :   000;
	1e96  :   000;
	1e97  :   000;
	1e98  :   000;
	1e99  :   000;
	1e9a  :   000;
	1e9b  :   000;
	1e9c  :   000;
	1e9d  :   000;
	1e9e  :   000;
	1e9f  :   000;
	1ea0  :   000;
	1ea1  :   000;
	1ea2  :   000;
	1ea3  :   000;
	1ea4  :   000;
	1ea5  :   000;
	1ea6  :   000;
	1ea7  :   000;
	1ea8  :   000;
	1ea9  :   000;
	1eaa  :   000;
	1eab  :   000;
	1eac  :   000;
	1ead  :   000;
	1eae  :   000;
	1eaf  :   000;
	1eb0  :   000;
	1eb1  :   000;
	1eb2  :   000;
	1eb3  :   000;
	1eb4  :   000;
	1eb5  :   000;
	1eb6  :   000;
	1eb7  :   000;
	1eb8  :   000;
	1eb9  :   000;
	1eba  :   000;
	1ebb  :   000;
	1ebc  :   000;
	1ebd  :   000;
	1ebe  :   000;
	1ebf  :   000;
	1ec0  :   000;
	1ec1  :   000;
	1ec2  :   000;
	1ec3  :   000;
	1ec4  :   000;
	1ec5  :   000;
	1ec6  :   000;
	1ec7  :   000;
	1ec8  :   000;
	1ec9  :   000;
	1eca  :   000;
	1ecb  :   000;
	1ecc  :   000;
	1ecd  :   000;
	1ece  :   000;
	1ecf  :   000;
	1ed0  :   000;
	1ed1  :   000;
	1ed2  :   000;
	1ed3  :   000;
	1ed4  :   000;
	1ed5  :   000;
	1ed6  :   000;
	1ed7  :   000;
	1ed8  :   000;
	1ed9  :   000;
	1eda  :   000;
	1edb  :   000;
	1edc  :   000;
	1edd  :   000;
	1ede  :   000;
	1edf  :   000;
	1ee0  :   000;
	1ee1  :   000;
	1ee2  :   000;
	1ee3  :   000;
	1ee4  :   000;
	1ee5  :   000;
	1ee6  :   000;
	1ee7  :   000;
	1ee8  :   000;
	1ee9  :   000;
	1eea  :   000;
	1eeb  :   000;
	1eec  :   000;
	1eed  :   000;
	1eee  :   000;
	1eef  :   000;
	1ef0  :   000;
	1ef1  :   000;
	1ef2  :   000;
	1ef3  :   000;
	1ef4  :   000;
	1ef5  :   000;
	1ef6  :   000;
	1ef7  :   000;
	1ef8  :   000;
	1ef9  :   000;
	1efa  :   000;
	1efb  :   000;
	1efc  :   000;
	1efd  :   000;
	1efe  :   000;
	1eff  :   000;
	1f00  :   000;
	1f01  :   000;
	1f02  :   000;
	1f03  :   000;
	1f04  :   000;
	1f05  :   000;
	1f06  :   000;
	1f07  :   000;
	1f08  :   000;
	1f09  :   000;
	1f0a  :   000;
	1f0b  :   000;
	1f0c  :   000;
	1f0d  :   000;
	1f0e  :   000;
	1f0f  :   000;
	1f10  :   000;
	1f11  :   000;
	1f12  :   000;
	1f13  :   000;
	1f14  :   000;
	1f15  :   000;
	1f16  :   000;
	1f17  :   000;
	1f18  :   000;
	1f19  :   000;
	1f1a  :   000;
	1f1b  :   000;
	1f1c  :   000;
	1f1d  :   000;
	1f1e  :   000;
	1f1f  :   000;
	1f20  :   000;
	1f21  :   000;
	1f22  :   000;
	1f23  :   000;
	1f24  :   000;
	1f25  :   000;
	1f26  :   000;
	1f27  :   000;
	1f28  :   000;
	1f29  :   000;
	1f2a  :   000;
	1f2b  :   000;
	1f2c  :   000;
	1f2d  :   000;
	1f2e  :   000;
	1f2f  :   000;
	1f30  :   000;
	1f31  :   000;
	1f32  :   000;
	1f33  :   000;
	1f34  :   000;
	1f35  :   000;
	1f36  :   000;
	1f37  :   000;
	1f38  :   000;
	1f39  :   000;
	1f3a  :   000;
	1f3b  :   000;
	1f3c  :   000;
	1f3d  :   000;
	1f3e  :   000;
	1f3f  :   000;
	1f40  :   000;
	1f41  :   000;
	1f42  :   000;
	1f43  :   000;
	1f44  :   000;
	1f45  :   000;
	1f46  :   000;
	1f47  :   000;
	1f48  :   000;
	1f49  :   000;
	1f4a  :   000;
	1f4b  :   000;
	1f4c  :   000;
	1f4d  :   000;
	1f4e  :   000;
	1f4f  :   000;
	1f50  :   000;
	1f51  :   000;
	1f52  :   000;
	1f53  :   000;
	1f54  :   000;
	1f55  :   000;
	1f56  :   000;
	1f57  :   000;
	1f58  :   000;
	1f59  :   000;
	1f5a  :   000;
	1f5b  :   000;
	1f5c  :   000;
	1f5d  :   000;
	1f5e  :   000;
	1f5f  :   000;
	1f60  :   000;
	1f61  :   000;
	1f62  :   000;
	1f63  :   000;
	1f64  :   000;
	1f65  :   000;
	1f66  :   000;
	1f67  :   000;
	1f68  :   000;
	1f69  :   000;
	1f6a  :   000;
	1f6b  :   000;
	1f6c  :   000;
	1f6d  :   000;
	1f6e  :   000;
	1f6f  :   000;
	1f70  :   000;
	1f71  :   000;
	1f72  :   000;
	1f73  :   000;
	1f74  :   000;
	1f75  :   000;
	1f76  :   000;
	1f77  :   000;
	1f78  :   000;
	1f79  :   000;
	1f7a  :   000;
	1f7b  :   000;
	1f7c  :   000;
	1f7d  :   000;
	1f7e  :   000;
	1f7f  :   000;
	1f80  :   000;
	1f81  :   000;
	1f82  :   000;
	1f83  :   000;
	1f84  :   000;
	1f85  :   000;
	1f86  :   000;
	1f87  :   000;
	1f88  :   000;
	1f89  :   000;
	1f8a  :   000;
	1f8b  :   000;
	1f8c  :   000;
	1f8d  :   000;
	1f8e  :   000;
	1f8f  :   000;
	1f90  :   000;
	1f91  :   000;
	1f92  :   000;
	1f93  :   000;
	1f94  :   000;
	1f95  :   000;
	1f96  :   000;
	1f97  :   000;
	1f98  :   000;
	1f99  :   000;
	1f9a  :   000;
	1f9b  :   000;
	1f9c  :   000;
	1f9d  :   000;
	1f9e  :   000;
	1f9f  :   000;
	1fa0  :   000;
	1fa1  :   000;
	1fa2  :   000;
	1fa3  :   000;
	1fa4  :   000;
	1fa5  :   000;
	1fa6  :   000;
	1fa7  :   000;
	1fa8  :   000;
	1fa9  :   000;
	1faa  :   000;
	1fab  :   000;
	1fac  :   000;
	1fad  :   000;
	1fae  :   000;
	1faf  :   000;
	1fb0  :   000;
	1fb1  :   000;
	1fb2  :   000;
	1fb3  :   000;
	1fb4  :   000;
	1fb5  :   000;
	1fb6  :   000;
	1fb7  :   000;
	1fb8  :   000;
	1fb9  :   000;
	1fba  :   000;
	1fbb  :   000;
	1fbc  :   000;
	1fbd  :   000;
	1fbe  :   000;
	1fbf  :   000;
	1fc0  :   000;
	1fc1  :   000;
	1fc2  :   000;
	1fc3  :   000;
	1fc4  :   000;
	1fc5  :   000;
	1fc6  :   000;
	1fc7  :   000;
	1fc8  :   000;
	1fc9  :   000;
	1fca  :   000;
	1fcb  :   000;
	1fcc  :   000;
	1fcd  :   000;
	1fce  :   000;
	1fcf  :   000;
	1fd0  :   000;
	1fd1  :   000;
	1fd2  :   000;
	1fd3  :   000;
	1fd4  :   000;
	1fd5  :   000;
	1fd6  :   000;
	1fd7  :   000;
	1fd8  :   000;
	1fd9  :   000;
	1fda  :   000;
	1fdb  :   000;
	1fdc  :   000;
	1fdd  :   000;
	1fde  :   000;
	1fdf  :   000;
	1fe0  :   000;
	1fe1  :   000;
	1fe2  :   000;
	1fe3  :   000;
	1fe4  :   000;
	1fe5  :   000;
	1fe6  :   000;
	1fe7  :   000;
	1fe8  :   000;
	1fe9  :   000;
	1fea  :   000;
	1feb  :   000;
	1fec  :   000;
	1fed  :   000;
	1fee  :   000;
	1fef  :   000;
	1ff0  :   000;
	1ff1  :   000;
	1ff2  :   000;
	1ff3  :   000;
	1ff4  :   000;
	1ff5  :   000;
	1ff6  :   000;
	1ff7  :   000;
	1ff8  :   000;
	1ff9  :   000;
	1ffa  :   000;
	1ffb  :   000;
	1ffc  :   000;
	1ffd  :   000;
	1ffe  :   000;
	1fff  :   000;
	2000  :   000;
	2001  :   000;
	2002  :   000;
	2003  :   000;
	2004  :   000;
	2005  :   000;
	2006  :   000;
	2007  :   000;
	2008  :   000;
	2009  :   000;
	200a  :   000;
	200b  :   000;
	200c  :   000;
	200d  :   000;
	200e  :   000;
	200f  :   000;
	2010  :   000;
	2011  :   000;
	2012  :   000;
	2013  :   000;
	2014  :   000;
	2015  :   000;
	2016  :   000;
	2017  :   000;
	2018  :   000;
	2019  :   000;
	201a  :   000;
	201b  :   000;
	201c  :   000;
	201d  :   000;
	201e  :   000;
	201f  :   000;
	2020  :   000;
	2021  :   000;
	2022  :   000;
	2023  :   000;
	2024  :   000;
	2025  :   000;
	2026  :   000;
	2027  :   000;
	2028  :   000;
	2029  :   000;
	202a  :   000;
	202b  :   000;
	202c  :   000;
	202d  :   000;
	202e  :   000;
	202f  :   000;
	2030  :   000;
	2031  :   000;
	2032  :   000;
	2033  :   000;
	2034  :   000;
	2035  :   000;
	2036  :   000;
	2037  :   000;
	2038  :   000;
	2039  :   000;
	203a  :   000;
	203b  :   000;
	203c  :   000;
	203d  :   000;
	203e  :   000;
	203f  :   000;
	2040  :   000;
	2041  :   000;
	2042  :   000;
	2043  :   000;
	2044  :   000;
	2045  :   000;
	2046  :   000;
	2047  :   000;
	2048  :   000;
	2049  :   000;
	204a  :   000;
	204b  :   000;
	204c  :   000;
	204d  :   000;
	204e  :   000;
	204f  :   000;
	2050  :   000;
	2051  :   000;
	2052  :   000;
	2053  :   000;
	2054  :   000;
	2055  :   000;
	2056  :   000;
	2057  :   000;
	2058  :   000;
	2059  :   000;
	205a  :   000;
	205b  :   000;
	205c  :   000;
	205d  :   000;
	205e  :   000;
	205f  :   000;
	2060  :   000;
	2061  :   000;
	2062  :   000;
	2063  :   000;
	2064  :   000;
	2065  :   000;
	2066  :   000;
	2067  :   000;
	2068  :   000;
	2069  :   000;
	206a  :   000;
	206b  :   000;
	206c  :   000;
	206d  :   000;
	206e  :   000;
	206f  :   000;
	2070  :   000;
	2071  :   000;
	2072  :   000;
	2073  :   000;
	2074  :   000;
	2075  :   000;
	2076  :   000;
	2077  :   000;
	2078  :   000;
	2079  :   000;
	207a  :   000;
	207b  :   000;
	207c  :   000;
	207d  :   000;
	207e  :   000;
	207f  :   000;
	2080  :   000;
	2081  :   000;
	2082  :   000;
	2083  :   000;
	2084  :   000;
	2085  :   000;
	2086  :   000;
	2087  :   000;
	2088  :   000;
	2089  :   000;
	208a  :   000;
	208b  :   000;
	208c  :   000;
	208d  :   000;
	208e  :   000;
	208f  :   000;
	2090  :   000;
	2091  :   000;
	2092  :   000;
	2093  :   000;
	2094  :   000;
	2095  :   000;
	2096  :   000;
	2097  :   000;
	2098  :   000;
	2099  :   000;
	209a  :   000;
	209b  :   000;
	209c  :   000;
	209d  :   000;
	209e  :   000;
	209f  :   000;
	20a0  :   000;
	20a1  :   000;
	20a2  :   000;
	20a3  :   000;
	20a4  :   000;
	20a5  :   000;
	20a6  :   000;
	20a7  :   000;
	20a8  :   000;
	20a9  :   000;
	20aa  :   000;
	20ab  :   000;
	20ac  :   000;
	20ad  :   000;
	20ae  :   000;
	20af  :   000;
	20b0  :   000;
	20b1  :   000;
	20b2  :   000;
	20b3  :   000;
	20b4  :   000;
	20b5  :   000;
	20b6  :   000;
	20b7  :   000;
	20b8  :   000;
	20b9  :   000;
	20ba  :   000;
	20bb  :   000;
	20bc  :   000;
	20bd  :   000;
	20be  :   000;
	20bf  :   000;
	20c0  :   000;
	20c1  :   000;
	20c2  :   000;
	20c3  :   000;
	20c4  :   000;
	20c5  :   000;
	20c6  :   000;
	20c7  :   000;
	20c8  :   000;
	20c9  :   000;
	20ca  :   000;
	20cb  :   000;
	20cc  :   000;
	20cd  :   000;
	20ce  :   000;
	20cf  :   000;
	20d0  :   000;
	20d1  :   000;
	20d2  :   000;
	20d3  :   000;
	20d4  :   000;
	20d5  :   000;
	20d6  :   000;
	20d7  :   000;
	20d8  :   000;
	20d9  :   000;
	20da  :   000;
	20db  :   000;
	20dc  :   000;
	20dd  :   000;
	20de  :   000;
	20df  :   000;
	20e0  :   000;
	20e1  :   000;
	20e2  :   000;
	20e3  :   000;
	20e4  :   000;
	20e5  :   000;
	20e6  :   000;
	20e7  :   000;
	20e8  :   000;
	20e9  :   000;
	20ea  :   000;
	20eb  :   000;
	20ec  :   000;
	20ed  :   000;
	20ee  :   000;
	20ef  :   000;
	20f0  :   000;
	20f1  :   000;
	20f2  :   000;
	20f3  :   000;
	20f4  :   000;
	20f5  :   000;
	20f6  :   000;
	20f7  :   000;
	20f8  :   000;
	20f9  :   000;
	20fa  :   000;
	20fb  :   000;
	20fc  :   000;
	20fd  :   000;
	20fe  :   000;
	20ff  :   000;
	2100  :   000;
	2101  :   000;
	2102  :   000;
	2103  :   000;
	2104  :   000;
	2105  :   000;
	2106  :   000;
	2107  :   000;
	2108  :   000;
	2109  :   000;
	210a  :   000;
	210b  :   000;
	210c  :   000;
	210d  :   000;
	210e  :   000;
	210f  :   000;
	2110  :   000;
	2111  :   000;
	2112  :   000;
	2113  :   000;
	2114  :   000;
	2115  :   000;
	2116  :   000;
	2117  :   000;
	2118  :   000;
	2119  :   000;
	211a  :   000;
	211b  :   000;
	211c  :   000;
	211d  :   000;
	211e  :   000;
	211f  :   000;
	2120  :   000;
	2121  :   000;
	2122  :   000;
	2123  :   000;
	2124  :   000;
	2125  :   000;
	2126  :   000;
	2127  :   000;
	2128  :   000;
	2129  :   000;
	212a  :   000;
	212b  :   000;
	212c  :   000;
	212d  :   000;
	212e  :   000;
	212f  :   000;
	2130  :   000;
	2131  :   000;
	2132  :   000;
	2133  :   000;
	2134  :   000;
	2135  :   000;
	2136  :   000;
	2137  :   000;
	2138  :   000;
	2139  :   000;
	213a  :   000;
	213b  :   000;
	213c  :   000;
	213d  :   000;
	213e  :   000;
	213f  :   000;
	2140  :   000;
	2141  :   000;
	2142  :   000;
	2143  :   000;
	2144  :   000;
	2145  :   000;
	2146  :   000;
	2147  :   000;
	2148  :   000;
	2149  :   000;
	214a  :   000;
	214b  :   000;
	214c  :   000;
	214d  :   000;
	214e  :   000;
	214f  :   000;
	2150  :   000;
	2151  :   000;
	2152  :   000;
	2153  :   000;
	2154  :   000;
	2155  :   000;
	2156  :   000;
	2157  :   000;
	2158  :   000;
	2159  :   000;
	215a  :   000;
	215b  :   000;
	215c  :   000;
	215d  :   000;
	215e  :   000;
	215f  :   000;
	2160  :   000;
	2161  :   000;
	2162  :   000;
	2163  :   000;
	2164  :   000;
	2165  :   000;
	2166  :   000;
	2167  :   000;
	2168  :   000;
	2169  :   000;
	216a  :   000;
	216b  :   000;
	216c  :   000;
	216d  :   000;
	216e  :   000;
	216f  :   000;
	2170  :   000;
	2171  :   000;
	2172  :   000;
	2173  :   000;
	2174  :   000;
	2175  :   000;
	2176  :   000;
	2177  :   000;
	2178  :   000;
	2179  :   000;
	217a  :   000;
	217b  :   000;
	217c  :   000;
	217d  :   000;
	217e  :   000;
	217f  :   000;
	2180  :   000;
	2181  :   000;
	2182  :   000;
	2183  :   000;
	2184  :   000;
	2185  :   000;
	2186  :   000;
	2187  :   000;
	2188  :   000;
	2189  :   000;
	218a  :   000;
	218b  :   000;
	218c  :   000;
	218d  :   000;
	218e  :   000;
	218f  :   000;
	2190  :   000;
	2191  :   000;
	2192  :   000;
	2193  :   000;
	2194  :   000;
	2195  :   000;
	2196  :   000;
	2197  :   000;
	2198  :   000;
	2199  :   000;
	219a  :   000;
	219b  :   000;
	219c  :   000;
	219d  :   000;
	219e  :   000;
	219f  :   000;
	21a0  :   000;
	21a1  :   000;
	21a2  :   000;
	21a3  :   000;
	21a4  :   000;
	21a5  :   000;
	21a6  :   000;
	21a7  :   000;
	21a8  :   000;
	21a9  :   000;
	21aa  :   000;
	21ab  :   000;
	21ac  :   000;
	21ad  :   000;
	21ae  :   000;
	21af  :   000;
	21b0  :   000;
	21b1  :   000;
	21b2  :   000;
	21b3  :   000;
	21b4  :   000;
	21b5  :   000;
	21b6  :   000;
	21b7  :   000;
	21b8  :   000;
	21b9  :   000;
	21ba  :   000;
	21bb  :   000;
	21bc  :   000;
	21bd  :   000;
	21be  :   000;
	21bf  :   000;
	21c0  :   000;
	21c1  :   000;
	21c2  :   000;
	21c3  :   000;
	21c4  :   000;
	21c5  :   000;
	21c6  :   000;
	21c7  :   000;
	21c8  :   000;
	21c9  :   000;
	21ca  :   000;
	21cb  :   000;
	21cc  :   000;
	21cd  :   000;
	21ce  :   000;
	21cf  :   000;
	21d0  :   000;
	21d1  :   000;
	21d2  :   000;
	21d3  :   000;
	21d4  :   000;
	21d5  :   000;
	21d6  :   000;
	21d7  :   000;
	21d8  :   000;
	21d9  :   000;
	21da  :   000;
	21db  :   000;
	21dc  :   000;
	21dd  :   000;
	21de  :   000;
	21df  :   000;
	21e0  :   000;
	21e1  :   000;
	21e2  :   000;
	21e3  :   000;
	21e4  :   000;
	21e5  :   000;
	21e6  :   000;
	21e7  :   000;
	21e8  :   000;
	21e9  :   000;
	21ea  :   000;
	21eb  :   000;
	21ec  :   000;
	21ed  :   000;
	21ee  :   000;
	21ef  :   000;
	21f0  :   000;
	21f1  :   000;
	21f2  :   000;
	21f3  :   000;
	21f4  :   000;
	21f5  :   000;
	21f6  :   000;
	21f7  :   000;
	21f8  :   000;
	21f9  :   000;
	21fa  :   000;
	21fb  :   000;
	21fc  :   000;
	21fd  :   000;
	21fe  :   000;
	21ff  :   000;
	2200  :   000;
	2201  :   000;
	2202  :   000;
	2203  :   000;
	2204  :   000;
	2205  :   000;
	2206  :   000;
	2207  :   000;
	2208  :   000;
	2209  :   000;
	220a  :   000;
	220b  :   000;
	220c  :   000;
	220d  :   000;
	220e  :   000;
	220f  :   000;
	2210  :   000;
	2211  :   000;
	2212  :   000;
	2213  :   000;
	2214  :   000;
	2215  :   000;
	2216  :   000;
	2217  :   000;
	2218  :   000;
	2219  :   000;
	221a  :   000;
	221b  :   000;
	221c  :   000;
	221d  :   000;
	221e  :   000;
	221f  :   000;
	2220  :   000;
	2221  :   000;
	2222  :   000;
	2223  :   000;
	2224  :   000;
	2225  :   000;
	2226  :   000;
	2227  :   000;
	2228  :   000;
	2229  :   000;
	222a  :   000;
	222b  :   000;
	222c  :   000;
	222d  :   000;
	222e  :   000;
	222f  :   000;
	2230  :   000;
	2231  :   000;
	2232  :   000;
	2233  :   000;
	2234  :   000;
	2235  :   000;
	2236  :   000;
	2237  :   000;
	2238  :   000;
	2239  :   000;
	223a  :   000;
	223b  :   000;
	223c  :   000;
	223d  :   000;
	223e  :   000;
	223f  :   000;
	2240  :   000;
	2241  :   000;
	2242  :   000;
	2243  :   000;
	2244  :   000;
	2245  :   000;
	2246  :   000;
	2247  :   000;
	2248  :   000;
	2249  :   000;
	224a  :   000;
	224b  :   000;
	224c  :   000;
	224d  :   000;
	224e  :   000;
	224f  :   000;
	2250  :   000;
	2251  :   000;
	2252  :   000;
	2253  :   000;
	2254  :   000;
	2255  :   000;
	2256  :   000;
	2257  :   000;
	2258  :   000;
	2259  :   000;
	225a  :   000;
	225b  :   000;
	225c  :   000;
	225d  :   000;
	225e  :   000;
	225f  :   000;
	2260  :   000;
	2261  :   000;
	2262  :   000;
	2263  :   000;
	2264  :   000;
	2265  :   000;
	2266  :   000;
	2267  :   000;
	2268  :   000;
	2269  :   000;
	226a  :   000;
	226b  :   000;
	226c  :   000;
	226d  :   000;
	226e  :   000;
	226f  :   000;
	2270  :   000;
	2271  :   000;
	2272  :   000;
	2273  :   000;
	2274  :   000;
	2275  :   000;
	2276  :   000;
	2277  :   000;
	2278  :   000;
	2279  :   000;
	227a  :   000;
	227b  :   000;
	227c  :   000;
	227d  :   000;
	227e  :   000;
	227f  :   000;
	2280  :   000;
	2281  :   000;
	2282  :   000;
	2283  :   000;
	2284  :   000;
	2285  :   000;
	2286  :   000;
	2287  :   000;
	2288  :   000;
	2289  :   000;
	228a  :   000;
	228b  :   000;
	228c  :   000;
	228d  :   000;
	228e  :   000;
	228f  :   000;
	2290  :   000;
	2291  :   000;
	2292  :   000;
	2293  :   000;
	2294  :   000;
	2295  :   000;
	2296  :   000;
	2297  :   000;
	2298  :   000;
	2299  :   000;
	229a  :   000;
	229b  :   000;
	229c  :   000;
	229d  :   000;
	229e  :   000;
	229f  :   000;
	22a0  :   000;
	22a1  :   000;
	22a2  :   000;
	22a3  :   000;
	22a4  :   000;
	22a5  :   000;
	22a6  :   000;
	22a7  :   000;
	22a8  :   000;
	22a9  :   000;
	22aa  :   000;
	22ab  :   000;
	22ac  :   000;
	22ad  :   000;
	22ae  :   000;
	22af  :   000;
	22b0  :   000;
	22b1  :   000;
	22b2  :   000;
	22b3  :   000;
	22b4  :   000;
	22b5  :   000;
	22b6  :   000;
	22b7  :   000;
	22b8  :   000;
	22b9  :   000;
	22ba  :   000;
	22bb  :   000;
	22bc  :   000;
	22bd  :   000;
	22be  :   000;
	22bf  :   000;
	22c0  :   000;
	22c1  :   000;
	22c2  :   000;
	22c3  :   000;
	22c4  :   000;
	22c5  :   000;
	22c6  :   000;
	22c7  :   000;
	22c8  :   000;
	22c9  :   000;
	22ca  :   000;
	22cb  :   000;
	22cc  :   000;
	22cd  :   000;
	22ce  :   000;
	22cf  :   000;
	22d0  :   000;
	22d1  :   000;
	22d2  :   000;
	22d3  :   000;
	22d4  :   000;
	22d5  :   000;
	22d6  :   000;
	22d7  :   000;
	22d8  :   000;
	22d9  :   000;
	22da  :   000;
	22db  :   000;
	22dc  :   000;
	22dd  :   000;
	22de  :   000;
	22df  :   000;
	22e0  :   000;
	22e1  :   000;
	22e2  :   000;
	22e3  :   000;
	22e4  :   000;
	22e5  :   000;
	22e6  :   000;
	22e7  :   000;
	22e8  :   000;
	22e9  :   000;
	22ea  :   000;
	22eb  :   000;
	22ec  :   000;
	22ed  :   000;
	22ee  :   000;
	22ef  :   000;
	22f0  :   000;
	22f1  :   000;
	22f2  :   000;
	22f3  :   000;
	22f4  :   000;
	22f5  :   000;
	22f6  :   000;
	22f7  :   000;
	22f8  :   000;
	22f9  :   000;
	22fa  :   000;
	22fb  :   000;
	22fc  :   000;
	22fd  :   000;
	22fe  :   000;
	22ff  :   000;
	2300  :   000;
	2301  :   000;
	2302  :   000;
	2303  :   000;
	2304  :   000;
	2305  :   000;
	2306  :   000;
	2307  :   000;
	2308  :   000;
	2309  :   000;
	230a  :   000;
	230b  :   000;
	230c  :   000;
	230d  :   000;
	230e  :   000;
	230f  :   000;
	2310  :   000;
	2311  :   000;
	2312  :   000;
	2313  :   000;
	2314  :   000;
	2315  :   000;
	2316  :   000;
	2317  :   000;
	2318  :   000;
	2319  :   000;
	231a  :   000;
	231b  :   000;
	231c  :   000;
	231d  :   000;
	231e  :   000;
	231f  :   000;
	2320  :   000;
	2321  :   000;
	2322  :   000;
	2323  :   000;
	2324  :   000;
	2325  :   000;
	2326  :   000;
	2327  :   000;
	2328  :   000;
	2329  :   000;
	232a  :   000;
	232b  :   000;
	232c  :   000;
	232d  :   000;
	232e  :   000;
	232f  :   000;
	2330  :   000;
	2331  :   000;
	2332  :   000;
	2333  :   000;
	2334  :   000;
	2335  :   000;
	2336  :   000;
	2337  :   000;
	2338  :   000;
	2339  :   000;
	233a  :   000;
	233b  :   000;
	233c  :   000;
	233d  :   000;
	233e  :   000;
	233f  :   000;
	2340  :   000;
	2341  :   000;
	2342  :   000;
	2343  :   000;
	2344  :   000;
	2345  :   000;
	2346  :   000;
	2347  :   000;
	2348  :   000;
	2349  :   000;
	234a  :   000;
	234b  :   000;
	234c  :   000;
	234d  :   000;
	234e  :   000;
	234f  :   000;
	2350  :   000;
	2351  :   000;
	2352  :   000;
	2353  :   000;
	2354  :   000;
	2355  :   000;
	2356  :   000;
	2357  :   000;
	2358  :   000;
	2359  :   000;
	235a  :   000;
	235b  :   000;
	235c  :   000;
	235d  :   000;
	235e  :   000;
	235f  :   000;
	2360  :   000;
	2361  :   000;
	2362  :   000;
	2363  :   000;
	2364  :   000;
	2365  :   000;
	2366  :   000;
	2367  :   000;
	2368  :   000;
	2369  :   000;
	236a  :   000;
	236b  :   000;
	236c  :   000;
	236d  :   000;
	236e  :   000;
	236f  :   000;
	2370  :   000;
	2371  :   000;
	2372  :   000;
	2373  :   000;
	2374  :   000;
	2375  :   000;
	2376  :   000;
	2377  :   000;
	2378  :   000;
	2379  :   000;
	237a  :   000;
	237b  :   000;
	237c  :   000;
	237d  :   000;
	237e  :   000;
	237f  :   000;
	2380  :   000;
	2381  :   000;
	2382  :   000;
	2383  :   000;
	2384  :   000;
	2385  :   000;
	2386  :   000;
	2387  :   000;
	2388  :   000;
	2389  :   000;
	238a  :   000;
	238b  :   000;
	238c  :   000;
	238d  :   000;
	238e  :   000;
	238f  :   000;
	2390  :   000;
	2391  :   000;
	2392  :   000;
	2393  :   000;
	2394  :   000;
	2395  :   000;
	2396  :   000;
	2397  :   000;
	2398  :   000;
	2399  :   000;
	239a  :   000;
	239b  :   000;
	239c  :   000;
	239d  :   000;
	239e  :   000;
	239f  :   000;
	23a0  :   000;
	23a1  :   000;
	23a2  :   000;
	23a3  :   000;
	23a4  :   000;
	23a5  :   000;
	23a6  :   000;
	23a7  :   000;
	23a8  :   000;
	23a9  :   000;
	23aa  :   000;
	23ab  :   000;
	23ac  :   000;
	23ad  :   000;
	23ae  :   000;
	23af  :   000;
	23b0  :   000;
	23b1  :   000;
	23b2  :   000;
	23b3  :   000;
	23b4  :   000;
	23b5  :   000;
	23b6  :   000;
	23b7  :   000;
	23b8  :   000;
	23b9  :   000;
	23ba  :   000;
	23bb  :   000;
	23bc  :   000;
	23bd  :   000;
	23be  :   000;
	23bf  :   000;
	23c0  :   000;
	23c1  :   000;
	23c2  :   000;
	23c3  :   000;
	23c4  :   000;
	23c5  :   000;
	23c6  :   000;
	23c7  :   000;
	23c8  :   000;
	23c9  :   000;
	23ca  :   000;
	23cb  :   000;
	23cc  :   000;
	23cd  :   000;
	23ce  :   000;
	23cf  :   000;
	23d0  :   000;
	23d1  :   000;
	23d2  :   000;
	23d3  :   000;
	23d4  :   000;
	23d5  :   000;
	23d6  :   000;
	23d7  :   000;
	23d8  :   000;
	23d9  :   000;
	23da  :   000;
	23db  :   000;
	23dc  :   000;
	23dd  :   000;
	23de  :   000;
	23df  :   000;
	23e0  :   000;
	23e1  :   000;
	23e2  :   000;
	23e3  :   000;
	23e4  :   000;
	23e5  :   000;
	23e6  :   000;
	23e7  :   000;
	23e8  :   000;
	23e9  :   000;
	23ea  :   000;
	23eb  :   000;
	23ec  :   000;
	23ed  :   000;
	23ee  :   000;
	23ef  :   000;
	23f0  :   000;
	23f1  :   000;
	23f2  :   000;
	23f3  :   000;
	23f4  :   000;
	23f5  :   000;
	23f6  :   000;
	23f7  :   000;
	23f8  :   000;
	23f9  :   000;
	23fa  :   000;
	23fb  :   000;
	23fc  :   000;
	23fd  :   000;
	23fe  :   000;
	23ff  :   000;
	2400  :   000;
	2401  :   000;
	2402  :   000;
	2403  :   000;
	2404  :   000;
	2405  :   000;
	2406  :   000;
	2407  :   000;
	2408  :   000;
	2409  :   000;
	240a  :   000;
	240b  :   000;
	240c  :   000;
	240d  :   000;
	240e  :   000;
	240f  :   000;
	2410  :   000;
	2411  :   000;
	2412  :   000;
	2413  :   000;
	2414  :   000;
	2415  :   000;
	2416  :   000;
	2417  :   000;
	2418  :   000;
	2419  :   000;
	241a  :   000;
	241b  :   000;
	241c  :   000;
	241d  :   000;
	241e  :   000;
	241f  :   000;
	2420  :   000;
	2421  :   000;
	2422  :   000;
	2423  :   000;
	2424  :   000;
	2425  :   000;
	2426  :   000;
	2427  :   000;
	2428  :   000;
	2429  :   000;
	242a  :   000;
	242b  :   000;
	242c  :   000;
	242d  :   000;
	242e  :   000;
	242f  :   000;
	2430  :   000;
	2431  :   000;
	2432  :   000;
	2433  :   000;
	2434  :   000;
	2435  :   000;
	2436  :   000;
	2437  :   000;
	2438  :   000;
	2439  :   000;
	243a  :   000;
	243b  :   000;
	243c  :   000;
	243d  :   000;
	243e  :   000;
	243f  :   000;
	2440  :   000;
	2441  :   000;
	2442  :   000;
	2443  :   000;
	2444  :   000;
	2445  :   000;
	2446  :   000;
	2447  :   000;
	2448  :   000;
	2449  :   000;
	244a  :   000;
	244b  :   000;
	244c  :   000;
	244d  :   000;
	244e  :   000;
	244f  :   000;
	2450  :   000;
	2451  :   000;
	2452  :   000;
	2453  :   000;
	2454  :   000;
	2455  :   000;
	2456  :   000;
	2457  :   000;
	2458  :   000;
	2459  :   000;
	245a  :   000;
	245b  :   000;
	245c  :   000;
	245d  :   000;
	245e  :   000;
	245f  :   000;
	2460  :   000;
	2461  :   000;
	2462  :   000;
	2463  :   000;
	2464  :   000;
	2465  :   000;
	2466  :   000;
	2467  :   000;
	2468  :   000;
	2469  :   000;
	246a  :   000;
	246b  :   000;
	246c  :   000;
	246d  :   000;
	246e  :   000;
	246f  :   000;
	2470  :   000;
	2471  :   000;
	2472  :   000;
	2473  :   000;
	2474  :   000;
	2475  :   000;
	2476  :   000;
	2477  :   000;
	2478  :   000;
	2479  :   000;
	247a  :   000;
	247b  :   000;
	247c  :   000;
	247d  :   000;
	247e  :   000;
	247f  :   000;
	2480  :   000;
	2481  :   000;
	2482  :   000;
	2483  :   000;
	2484  :   000;
	2485  :   000;
	2486  :   000;
	2487  :   000;
	2488  :   000;
	2489  :   000;
	248a  :   000;
	248b  :   000;
	248c  :   000;
	248d  :   000;
	248e  :   000;
	248f  :   000;
	2490  :   000;
	2491  :   000;
	2492  :   000;
	2493  :   000;
	2494  :   000;
	2495  :   000;
	2496  :   000;
	2497  :   000;
	2498  :   000;
	2499  :   000;
	249a  :   000;
	249b  :   000;
	249c  :   000;
	249d  :   000;
	249e  :   000;
	249f  :   000;
	24a0  :   000;
	24a1  :   000;
	24a2  :   000;
	24a3  :   000;
	24a4  :   000;
	24a5  :   000;
	24a6  :   000;
	24a7  :   000;
	24a8  :   000;
	24a9  :   000;
	24aa  :   000;
	24ab  :   000;
	24ac  :   000;
	24ad  :   000;
	24ae  :   000;
	24af  :   000;
	24b0  :   000;
	24b1  :   000;
	24b2  :   000;
	24b3  :   000;
	24b4  :   000;
	24b5  :   000;
	24b6  :   000;
	24b7  :   000;
	24b8  :   000;
	24b9  :   000;
	24ba  :   000;
	24bb  :   000;
	24bc  :   000;
	24bd  :   000;
	24be  :   000;
	24bf  :   000;
	24c0  :   000;
	24c1  :   000;
	24c2  :   000;
	24c3  :   000;
	24c4  :   000;
	24c5  :   000;
	24c6  :   000;
	24c7  :   000;
	24c8  :   000;
	24c9  :   000;
	24ca  :   000;
	24cb  :   000;
	24cc  :   000;
	24cd  :   000;
	24ce  :   000;
	24cf  :   000;
	24d0  :   000;
	24d1  :   000;
	24d2  :   000;
	24d3  :   000;
	24d4  :   000;
	24d5  :   000;
	24d6  :   000;
	24d7  :   000;
	24d8  :   000;
	24d9  :   000;
	24da  :   000;
	24db  :   000;
	24dc  :   000;
	24dd  :   000;
	24de  :   000;
	24df  :   000;
	24e0  :   000;
	24e1  :   000;
	24e2  :   000;
	24e3  :   000;
	24e4  :   000;
	24e5  :   000;
	24e6  :   000;
	24e7  :   000;
	24e8  :   000;
	24e9  :   000;
	24ea  :   000;
	24eb  :   000;
	24ec  :   000;
	24ed  :   000;
	24ee  :   000;
	24ef  :   000;
	24f0  :   000;
	24f1  :   000;
	24f2  :   000;
	24f3  :   000;
	24f4  :   000;
	24f5  :   000;
	24f6  :   000;
	24f7  :   000;
	24f8  :   000;
	24f9  :   000;
	24fa  :   000;
	24fb  :   000;
	24fc  :   000;
	24fd  :   000;
	24fe  :   000;
	24ff  :   000;
	2500  :   000;
	2501  :   000;
	2502  :   000;
	2503  :   000;
	2504  :   000;
	2505  :   000;
	2506  :   000;
	2507  :   000;
	2508  :   000;
	2509  :   000;
	250a  :   000;
	250b  :   000;
	250c  :   000;
	250d  :   000;
	250e  :   000;
	250f  :   000;
	2510  :   000;
	2511  :   000;
	2512  :   000;
	2513  :   000;
	2514  :   000;
	2515  :   000;
	2516  :   000;
	2517  :   000;
	2518  :   000;
	2519  :   000;
	251a  :   000;
	251b  :   000;
	251c  :   000;
	251d  :   000;
	251e  :   000;
	251f  :   000;
	2520  :   000;
	2521  :   000;
	2522  :   000;
	2523  :   000;
	2524  :   000;
	2525  :   000;
	2526  :   000;
	2527  :   000;
	2528  :   000;
	2529  :   000;
	252a  :   000;
	252b  :   000;
	252c  :   000;
	252d  :   000;
	252e  :   000;
	252f  :   000;
	2530  :   000;
	2531  :   000;
	2532  :   000;
	2533  :   000;
	2534  :   000;
	2535  :   000;
	2536  :   000;
	2537  :   000;
	2538  :   000;
	2539  :   000;
	253a  :   000;
	253b  :   000;
	253c  :   000;
	253d  :   000;
	253e  :   000;
	253f  :   000;
	2540  :   000;
	2541  :   000;
	2542  :   000;
	2543  :   000;
	2544  :   000;
	2545  :   000;
	2546  :   000;
	2547  :   000;
	2548  :   000;
	2549  :   000;
	254a  :   000;
	254b  :   000;
	254c  :   000;
	254d  :   000;
	254e  :   000;
	254f  :   000;
	2550  :   000;
	2551  :   000;
	2552  :   000;
	2553  :   000;
	2554  :   000;
	2555  :   000;
	2556  :   000;
	2557  :   000;
	2558  :   000;
	2559  :   000;
	255a  :   000;
	255b  :   000;
	255c  :   000;
	255d  :   000;
	255e  :   000;
	255f  :   000;
	2560  :   000;
	2561  :   000;
	2562  :   000;
	2563  :   000;
	2564  :   000;
	2565  :   000;
	2566  :   000;
	2567  :   000;
	2568  :   000;
	2569  :   000;
	256a  :   000;
	256b  :   000;
	256c  :   000;
	256d  :   000;
	256e  :   000;
	256f  :   000;
	2570  :   000;
	2571  :   000;
	2572  :   000;
	2573  :   000;
	2574  :   000;
	2575  :   000;
	2576  :   000;
	2577  :   000;
	2578  :   000;
	2579  :   000;
	257a  :   000;
	257b  :   000;
	257c  :   000;
	257d  :   000;
	257e  :   000;
	257f  :   000;
	2580  :   000;
	2581  :   000;
	2582  :   000;
	2583  :   000;
	2584  :   000;
	2585  :   000;
	2586  :   000;
	2587  :   000;
	2588  :   000;
	2589  :   000;
	258a  :   000;
	258b  :   000;
	258c  :   000;
	258d  :   000;
	258e  :   000;
	258f  :   000;
	2590  :   000;
	2591  :   000;
	2592  :   000;
	2593  :   000;
	2594  :   000;
	2595  :   000;
	2596  :   000;
	2597  :   000;
	2598  :   000;
	2599  :   000;
	259a  :   000;
	259b  :   000;
	259c  :   000;
	259d  :   000;
	259e  :   000;
	259f  :   000;
	25a0  :   000;
	25a1  :   000;
	25a2  :   000;
	25a3  :   000;
	25a4  :   000;
	25a5  :   000;
	25a6  :   000;
	25a7  :   000;
	25a8  :   000;
	25a9  :   000;
	25aa  :   000;
	25ab  :   000;
	25ac  :   000;
	25ad  :   000;
	25ae  :   000;
	25af  :   000;
	25b0  :   000;
	25b1  :   000;
	25b2  :   000;
	25b3  :   000;
	25b4  :   000;
	25b5  :   000;
	25b6  :   000;
	25b7  :   000;
	25b8  :   000;
	25b9  :   000;
	25ba  :   000;
	25bb  :   000;
	25bc  :   000;
	25bd  :   000;
	25be  :   000;
	25bf  :   000;
	25c0  :   000;
	25c1  :   000;
	25c2  :   000;
	25c3  :   000;
	25c4  :   000;
	25c5  :   000;
	25c6  :   000;
	25c7  :   000;
	25c8  :   000;
	25c9  :   000;
	25ca  :   000;
	25cb  :   000;
	25cc  :   000;
	25cd  :   000;
	25ce  :   000;
	25cf  :   000;
	25d0  :   000;
	25d1  :   000;
	25d2  :   000;
	25d3  :   000;
	25d4  :   000;
	25d5  :   000;
	25d6  :   000;
	25d7  :   000;
	25d8  :   000;
	25d9  :   000;
	25da  :   000;
	25db  :   000;
	25dc  :   000;
	25dd  :   000;
	25de  :   000;
	25df  :   000;
	25e0  :   000;
	25e1  :   000;
	25e2  :   000;
	25e3  :   000;
	25e4  :   000;
	25e5  :   000;
	25e6  :   000;
	25e7  :   000;
	25e8  :   000;
	25e9  :   000;
	25ea  :   000;
	25eb  :   000;
	25ec  :   000;
	25ed  :   000;
	25ee  :   000;
	25ef  :   000;
	25f0  :   000;
	25f1  :   000;
	25f2  :   000;
	25f3  :   000;
	25f4  :   000;
	25f5  :   000;
	25f6  :   000;
	25f7  :   000;
	25f8  :   000;
	25f9  :   000;
	25fa  :   000;
	25fb  :   000;
	25fc  :   000;
	25fd  :   000;
	25fe  :   000;
	25ff  :   000;
	2600  :   000;
	2601  :   000;
	2602  :   000;
	2603  :   000;
	2604  :   000;
	2605  :   000;
	2606  :   000;
	2607  :   000;
	2608  :   000;
	2609  :   000;
	260a  :   000;
	260b  :   000;
	260c  :   000;
	260d  :   000;
	260e  :   000;
	260f  :   000;
	2610  :   000;
	2611  :   000;
	2612  :   000;
	2613  :   000;
	2614  :   000;
	2615  :   000;
	2616  :   000;
	2617  :   000;
	2618  :   000;
	2619  :   000;
	261a  :   000;
	261b  :   000;
	261c  :   000;
	261d  :   000;
	261e  :   000;
	261f  :   000;
	2620  :   000;
	2621  :   000;
	2622  :   000;
	2623  :   000;
	2624  :   000;
	2625  :   000;
	2626  :   000;
	2627  :   000;
	2628  :   000;
	2629  :   000;
	262a  :   000;
	262b  :   000;
	262c  :   000;
	262d  :   000;
	262e  :   000;
	262f  :   000;
	2630  :   000;
	2631  :   000;
	2632  :   000;
	2633  :   000;
	2634  :   000;
	2635  :   000;
	2636  :   000;
	2637  :   000;
	2638  :   000;
	2639  :   000;
	263a  :   000;
	263b  :   000;
	263c  :   000;
	263d  :   000;
	263e  :   000;
	263f  :   000;
	2640  :   000;
	2641  :   000;
	2642  :   000;
	2643  :   000;
	2644  :   000;
	2645  :   000;
	2646  :   000;
	2647  :   000;
	2648  :   000;
	2649  :   000;
	264a  :   000;
	264b  :   000;
	264c  :   000;
	264d  :   000;
	264e  :   000;
	264f  :   000;
	2650  :   000;
	2651  :   000;
	2652  :   000;
	2653  :   000;
	2654  :   000;
	2655  :   000;
	2656  :   000;
	2657  :   000;
	2658  :   000;
	2659  :   000;
	265a  :   000;
	265b  :   000;
	265c  :   000;
	265d  :   000;
	265e  :   000;
	265f  :   000;
	2660  :   000;
	2661  :   000;
	2662  :   000;
	2663  :   000;
	2664  :   000;
	2665  :   000;
	2666  :   000;
	2667  :   000;
	2668  :   000;
	2669  :   000;
	266a  :   000;
	266b  :   000;
	266c  :   000;
	266d  :   000;
	266e  :   000;
	266f  :   000;
	2670  :   000;
	2671  :   000;
	2672  :   000;
	2673  :   000;
	2674  :   000;
	2675  :   000;
	2676  :   000;
	2677  :   000;
	2678  :   000;
	2679  :   000;
	267a  :   000;
	267b  :   000;
	267c  :   000;
	267d  :   000;
	267e  :   000;
	267f  :   000;
	2680  :   000;
	2681  :   000;
	2682  :   000;
	2683  :   000;
	2684  :   000;
	2685  :   000;
	2686  :   000;
	2687  :   000;
	2688  :   000;
	2689  :   000;
	268a  :   000;
	268b  :   000;
	268c  :   000;
	268d  :   000;
	268e  :   000;
	268f  :   000;
	2690  :   000;
	2691  :   000;
	2692  :   000;
	2693  :   000;
	2694  :   000;
	2695  :   000;
	2696  :   000;
	2697  :   000;
	2698  :   000;
	2699  :   000;
	269a  :   000;
	269b  :   000;
	269c  :   000;
	269d  :   000;
	269e  :   000;
	269f  :   000;
	26a0  :   000;
	26a1  :   000;
	26a2  :   000;
	26a3  :   000;
	26a4  :   000;
	26a5  :   000;
	26a6  :   000;
	26a7  :   000;
	26a8  :   000;
	26a9  :   000;
	26aa  :   000;
	26ab  :   000;
	26ac  :   000;
	26ad  :   000;
	26ae  :   000;
	26af  :   000;
	26b0  :   000;
	26b1  :   000;
	26b2  :   000;
	26b3  :   000;
	26b4  :   000;
	26b5  :   000;
	26b6  :   000;
	26b7  :   000;
	26b8  :   000;
	26b9  :   000;
	26ba  :   000;
	26bb  :   000;
	26bc  :   000;
	26bd  :   000;
	26be  :   000;
	26bf  :   000;
	26c0  :   000;
	26c1  :   000;
	26c2  :   000;
	26c3  :   000;
	26c4  :   000;
	26c5  :   000;
	26c6  :   000;
	26c7  :   000;
	26c8  :   000;
	26c9  :   000;
	26ca  :   000;
	26cb  :   000;
	26cc  :   000;
	26cd  :   000;
	26ce  :   000;
	26cf  :   000;
	26d0  :   000;
	26d1  :   000;
	26d2  :   000;
	26d3  :   000;
	26d4  :   000;
	26d5  :   000;
	26d6  :   000;
	26d7  :   000;
	26d8  :   000;
	26d9  :   000;
	26da  :   000;
	26db  :   000;
	26dc  :   000;
	26dd  :   000;
	26de  :   000;
	26df  :   000;
	26e0  :   000;
	26e1  :   000;
	26e2  :   000;
	26e3  :   000;
	26e4  :   000;
	26e5  :   000;
	26e6  :   000;
	26e7  :   000;
	26e8  :   000;
	26e9  :   000;
	26ea  :   000;
	26eb  :   000;
	26ec  :   000;
	26ed  :   000;
	26ee  :   000;
	26ef  :   000;
	26f0  :   000;
	26f1  :   000;
	26f2  :   000;
	26f3  :   000;
	26f4  :   000;
	26f5  :   000;
	26f6  :   000;
	26f7  :   000;
	26f8  :   000;
	26f9  :   000;
	26fa  :   000;
	26fb  :   000;
	26fc  :   000;
	26fd  :   000;
	26fe  :   000;
	26ff  :   000;
	2700  :   000;
	2701  :   000;
	2702  :   000;
	2703  :   000;
	2704  :   000;
	2705  :   000;
	2706  :   000;
	2707  :   000;
	2708  :   000;
	2709  :   000;
	270a  :   000;
	270b  :   000;
	270c  :   000;
	270d  :   000;
	270e  :   000;
	270f  :   000;
	2710  :   000;
	2711  :   000;
	2712  :   000;
	2713  :   000;
	2714  :   000;
	2715  :   000;
	2716  :   000;
	2717  :   000;
	2718  :   000;
	2719  :   000;
	271a  :   000;
	271b  :   000;
	271c  :   000;
	271d  :   000;
	271e  :   000;
	271f  :   000;
	2720  :   000;
	2721  :   000;
	2722  :   000;
	2723  :   000;
	2724  :   000;
	2725  :   000;
	2726  :   000;
	2727  :   000;
	2728  :   000;
	2729  :   000;
	272a  :   000;
	272b  :   000;
	272c  :   000;
	272d  :   000;
	272e  :   000;
	272f  :   000;
	2730  :   000;
	2731  :   000;
	2732  :   000;
	2733  :   000;
	2734  :   000;
	2735  :   000;
	2736  :   000;
	2737  :   000;
	2738  :   000;
	2739  :   000;
	273a  :   000;
	273b  :   000;
	273c  :   000;
	273d  :   000;
	273e  :   000;
	273f  :   000;
	2740  :   000;
	2741  :   000;
	2742  :   000;
	2743  :   000;
	2744  :   000;
	2745  :   000;
	2746  :   000;
	2747  :   000;
	2748  :   000;
	2749  :   000;
	274a  :   000;
	274b  :   000;
	274c  :   000;
	274d  :   000;
	274e  :   000;
	274f  :   000;
	2750  :   000;
	2751  :   000;
	2752  :   000;
	2753  :   000;
	2754  :   000;
	2755  :   000;
	2756  :   000;
	2757  :   000;
	2758  :   000;
	2759  :   000;
	275a  :   000;
	275b  :   000;
	275c  :   000;
	275d  :   000;
	275e  :   000;
	275f  :   000;
	2760  :   000;
	2761  :   000;
	2762  :   000;
	2763  :   000;
	2764  :   000;
	2765  :   000;
	2766  :   000;
	2767  :   000;
	2768  :   000;
	2769  :   000;
	276a  :   000;
	276b  :   000;
	276c  :   000;
	276d  :   000;
	276e  :   000;
	276f  :   000;
	2770  :   000;
	2771  :   000;
	2772  :   000;
	2773  :   000;
	2774  :   000;
	2775  :   000;
	2776  :   000;
	2777  :   000;
	2778  :   000;
	2779  :   000;
	277a  :   000;
	277b  :   000;
	277c  :   000;
	277d  :   000;
	277e  :   000;
	277f  :   000;
	2780  :   000;
	2781  :   000;
	2782  :   000;
	2783  :   000;
	2784  :   000;
	2785  :   000;
	2786  :   000;
	2787  :   000;
	2788  :   000;
	2789  :   000;
	278a  :   000;
	278b  :   000;
	278c  :   000;
	278d  :   000;
	278e  :   000;
	278f  :   000;
	2790  :   000;
	2791  :   000;
	2792  :   000;
	2793  :   000;
	2794  :   000;
	2795  :   000;
	2796  :   000;
	2797  :   000;
	2798  :   000;
	2799  :   000;
	279a  :   000;
	279b  :   000;
	279c  :   000;
	279d  :   000;
	279e  :   000;
	279f  :   000;
	27a0  :   000;
	27a1  :   000;
	27a2  :   000;
	27a3  :   000;
	27a4  :   000;
	27a5  :   000;
	27a6  :   000;
	27a7  :   000;
	27a8  :   000;
	27a9  :   000;
	27aa  :   000;
	27ab  :   000;
	27ac  :   000;
	27ad  :   000;
	27ae  :   000;
	27af  :   000;
	27b0  :   000;
	27b1  :   000;
	27b2  :   000;
	27b3  :   000;
	27b4  :   000;
	27b5  :   000;
	27b6  :   000;
	27b7  :   000;
	27b8  :   000;
	27b9  :   000;
	27ba  :   000;
	27bb  :   000;
	27bc  :   000;
	27bd  :   000;
	27be  :   000;
	27bf  :   000;
	27c0  :   000;
	27c1  :   000;
	27c2  :   000;
	27c3  :   000;
	27c4  :   000;
	27c5  :   000;
	27c6  :   000;
	27c7  :   000;
	27c8  :   000;
	27c9  :   000;
	27ca  :   000;
	27cb  :   000;
	27cc  :   000;
	27cd  :   000;
	27ce  :   000;
	27cf  :   000;
	27d0  :   000;
	27d1  :   000;
	27d2  :   000;
	27d3  :   000;
	27d4  :   000;
	27d5  :   000;
	27d6  :   000;
	27d7  :   000;
	27d8  :   000;
	27d9  :   000;
	27da  :   000;
	27db  :   000;
	27dc  :   000;
	27dd  :   000;
	27de  :   000;
	27df  :   000;
	27e0  :   000;
	27e1  :   000;
	27e2  :   000;
	27e3  :   000;
	27e4  :   000;
	27e5  :   000;
	27e6  :   000;
	27e7  :   000;
	27e8  :   000;
	27e9  :   000;
	27ea  :   000;
	27eb  :   000;
	27ec  :   000;
	27ed  :   000;
	27ee  :   000;
	27ef  :   000;
	27f0  :   000;
	27f1  :   000;
	27f2  :   000;
	27f3  :   000;
	27f4  :   000;
	27f5  :   000;
	27f6  :   000;
	27f7  :   000;
	27f8  :   000;
	27f9  :   000;
	27fa  :   000;
	27fb  :   000;
	27fc  :   000;
	27fd  :   000;
	27fe  :   000;
	27ff  :   000;
	2800  :   000;
	2801  :   000;
	2802  :   000;
	2803  :   000;
	2804  :   000;
	2805  :   000;
	2806  :   000;
	2807  :   000;
	2808  :   000;
	2809  :   000;
	280a  :   000;
	280b  :   000;
	280c  :   000;
	280d  :   000;
	280e  :   000;
	280f  :   000;
	2810  :   000;
	2811  :   000;
	2812  :   000;
	2813  :   000;
	2814  :   000;
	2815  :   000;
	2816  :   000;
	2817  :   000;
	2818  :   000;
	2819  :   000;
	281a  :   000;
	281b  :   000;
	281c  :   000;
	281d  :   000;
	281e  :   000;
	281f  :   000;
	2820  :   000;
	2821  :   000;
	2822  :   000;
	2823  :   000;
	2824  :   000;
	2825  :   000;
	2826  :   000;
	2827  :   000;
	2828  :   000;
	2829  :   000;
	282a  :   000;
	282b  :   000;
	282c  :   000;
	282d  :   000;
	282e  :   000;
	282f  :   000;
	2830  :   000;
	2831  :   000;
	2832  :   000;
	2833  :   000;
	2834  :   000;
	2835  :   000;
	2836  :   000;
	2837  :   000;
	2838  :   000;
	2839  :   000;
	283a  :   000;
	283b  :   000;
	283c  :   000;
	283d  :   000;
	283e  :   000;
	283f  :   000;
	2840  :   000;
	2841  :   000;
	2842  :   000;
	2843  :   000;
	2844  :   000;
	2845  :   000;
	2846  :   000;
	2847  :   000;
	2848  :   000;
	2849  :   000;
	284a  :   000;
	284b  :   000;
	284c  :   000;
	284d  :   000;
	284e  :   000;
	284f  :   000;
	2850  :   000;
	2851  :   000;
	2852  :   000;
	2853  :   000;
	2854  :   000;
	2855  :   000;
	2856  :   000;
	2857  :   000;
	2858  :   000;
	2859  :   000;
	285a  :   000;
	285b  :   000;
	285c  :   000;
	285d  :   000;
	285e  :   000;
	285f  :   000;
	2860  :   000;
	2861  :   000;
	2862  :   000;
	2863  :   000;
	2864  :   000;
	2865  :   000;
	2866  :   000;
	2867  :   000;
	2868  :   000;
	2869  :   000;
	286a  :   000;
	286b  :   000;
	286c  :   000;
	286d  :   000;
	286e  :   000;
	286f  :   000;
	2870  :   000;
	2871  :   000;
	2872  :   000;
	2873  :   000;
	2874  :   000;
	2875  :   000;
	2876  :   000;
	2877  :   000;
	2878  :   000;
	2879  :   000;
	287a  :   000;
	287b  :   000;
	287c  :   000;
	287d  :   000;
	287e  :   000;
	287f  :   000;
	2880  :   000;
	2881  :   000;
	2882  :   000;
	2883  :   000;
	2884  :   000;
	2885  :   000;
	2886  :   000;
	2887  :   000;
	2888  :   000;
	2889  :   000;
	288a  :   000;
	288b  :   000;
	288c  :   000;
	288d  :   000;
	288e  :   000;
	288f  :   000;
	2890  :   000;
	2891  :   000;
	2892  :   000;
	2893  :   000;
	2894  :   000;
	2895  :   000;
	2896  :   000;
	2897  :   000;
	2898  :   000;
	2899  :   000;
	289a  :   000;
	289b  :   000;
	289c  :   000;
	289d  :   000;
	289e  :   000;
	289f  :   000;
	28a0  :   000;
	28a1  :   000;
	28a2  :   000;
	28a3  :   000;
	28a4  :   000;
	28a5  :   000;
	28a6  :   000;
	28a7  :   000;
	28a8  :   000;
	28a9  :   000;
	28aa  :   000;
	28ab  :   000;
	28ac  :   000;
	28ad  :   000;
	28ae  :   000;
	28af  :   000;
	28b0  :   000;
	28b1  :   000;
	28b2  :   000;
	28b3  :   000;
	28b4  :   000;
	28b5  :   000;
	28b6  :   000;
	28b7  :   000;
	28b8  :   000;
	28b9  :   000;
	28ba  :   000;
	28bb  :   000;
	28bc  :   000;
	28bd  :   000;
	28be  :   000;
	28bf  :   000;
	28c0  :   000;
	28c1  :   000;
	28c2  :   000;
	28c3  :   000;
	28c4  :   000;
	28c5  :   000;
	28c6  :   000;
	28c7  :   000;
	28c8  :   000;
	28c9  :   000;
	28ca  :   000;
	28cb  :   000;
	28cc  :   000;
	28cd  :   000;
	28ce  :   000;
	28cf  :   000;
	28d0  :   000;
	28d1  :   000;
	28d2  :   000;
	28d3  :   000;
	28d4  :   000;
	28d5  :   000;
	28d6  :   000;
	28d7  :   000;
	28d8  :   000;
	28d9  :   000;
	28da  :   000;
	28db  :   000;
	28dc  :   000;
	28dd  :   000;
	28de  :   000;
	28df  :   000;
	28e0  :   000;
	28e1  :   000;
	28e2  :   000;
	28e3  :   000;
	28e4  :   000;
	28e5  :   000;
	28e6  :   000;
	28e7  :   000;
	28e8  :   000;
	28e9  :   000;
	28ea  :   000;
	28eb  :   000;
	28ec  :   000;
	28ed  :   000;
	28ee  :   000;
	28ef  :   000;
	28f0  :   000;
	28f1  :   000;
	28f2  :   000;
	28f3  :   000;
	28f4  :   000;
	28f5  :   000;
	28f6  :   000;
	28f7  :   000;
	28f8  :   000;
	28f9  :   000;
	28fa  :   000;
	28fb  :   000;
	28fc  :   000;
	28fd  :   000;
	28fe  :   000;
	28ff  :   000;
	2900  :   000;
	2901  :   000;
	2902  :   000;
	2903  :   000;
	2904  :   000;
	2905  :   000;
	2906  :   000;
	2907  :   000;
	2908  :   000;
	2909  :   000;
	290a  :   000;
	290b  :   000;
	290c  :   000;
	290d  :   000;
	290e  :   000;
	290f  :   000;
	2910  :   000;
	2911  :   000;
	2912  :   000;
	2913  :   000;
	2914  :   000;
	2915  :   000;
	2916  :   000;
	2917  :   000;
	2918  :   000;
	2919  :   000;
	291a  :   000;
	291b  :   000;
	291c  :   000;
	291d  :   000;
	291e  :   000;
	291f  :   000;
	2920  :   000;
	2921  :   000;
	2922  :   000;
	2923  :   000;
	2924  :   000;
	2925  :   000;
	2926  :   000;
	2927  :   000;
	2928  :   000;
	2929  :   000;
	292a  :   000;
	292b  :   000;
	292c  :   000;
	292d  :   000;
	292e  :   000;
	292f  :   000;
	2930  :   000;
	2931  :   000;
	2932  :   000;
	2933  :   000;
	2934  :   000;
	2935  :   000;
	2936  :   000;
	2937  :   000;
	2938  :   000;
	2939  :   000;
	293a  :   000;
	293b  :   000;
	293c  :   000;
	293d  :   000;
	293e  :   000;
	293f  :   000;
	2940  :   000;
	2941  :   000;
	2942  :   000;
	2943  :   000;
	2944  :   000;
	2945  :   000;
	2946  :   000;
	2947  :   000;
	2948  :   000;
	2949  :   000;
	294a  :   000;
	294b  :   000;
	294c  :   000;
	294d  :   000;
	294e  :   000;
	294f  :   000;
	2950  :   000;
	2951  :   000;
	2952  :   000;
	2953  :   000;
	2954  :   000;
	2955  :   000;
	2956  :   000;
	2957  :   000;
	2958  :   000;
	2959  :   000;
	295a  :   000;
	295b  :   000;
	295c  :   000;
	295d  :   000;
	295e  :   000;
	295f  :   000;
	2960  :   000;
	2961  :   000;
	2962  :   000;
	2963  :   000;
	2964  :   000;
	2965  :   000;
	2966  :   000;
	2967  :   000;
	2968  :   000;
	2969  :   000;
	296a  :   000;
	296b  :   000;
	296c  :   000;
	296d  :   000;
	296e  :   000;
	296f  :   000;
	2970  :   000;
	2971  :   000;
	2972  :   000;
	2973  :   000;
	2974  :   000;
	2975  :   000;
	2976  :   000;
	2977  :   000;
	2978  :   000;
	2979  :   000;
	297a  :   000;
	297b  :   000;
	297c  :   000;
	297d  :   000;
	297e  :   000;
	297f  :   000;
	2980  :   000;
	2981  :   000;
	2982  :   000;
	2983  :   000;
	2984  :   000;
	2985  :   000;
	2986  :   000;
	2987  :   000;
	2988  :   000;
	2989  :   000;
	298a  :   000;
	298b  :   000;
	298c  :   000;
	298d  :   000;
	298e  :   000;
	298f  :   000;
	2990  :   000;
	2991  :   000;
	2992  :   000;
	2993  :   000;
	2994  :   000;
	2995  :   000;
	2996  :   000;
	2997  :   000;
	2998  :   000;
	2999  :   000;
	299a  :   000;
	299b  :   000;
	299c  :   000;
	299d  :   000;
	299e  :   000;
	299f  :   000;
	29a0  :   000;
	29a1  :   000;
	29a2  :   000;
	29a3  :   000;
	29a4  :   000;
	29a5  :   000;
	29a6  :   000;
	29a7  :   000;
	29a8  :   000;
	29a9  :   000;
	29aa  :   000;
	29ab  :   000;
	29ac  :   000;
	29ad  :   000;
	29ae  :   000;
	29af  :   000;
	29b0  :   000;
	29b1  :   000;
	29b2  :   000;
	29b3  :   000;
	29b4  :   000;
	29b5  :   000;
	29b6  :   000;
	29b7  :   000;
	29b8  :   000;
	29b9  :   000;
	29ba  :   000;
	29bb  :   000;
	29bc  :   000;
	29bd  :   000;
	29be  :   000;
	29bf  :   000;
	29c0  :   000;
	29c1  :   000;
	29c2  :   000;
	29c3  :   000;
	29c4  :   000;
	29c5  :   000;
	29c6  :   000;
	29c7  :   000;
	29c8  :   000;
	29c9  :   000;
	29ca  :   000;
	29cb  :   000;
	29cc  :   000;
	29cd  :   000;
	29ce  :   000;
	29cf  :   000;
	29d0  :   000;
	29d1  :   000;
	29d2  :   000;
	29d3  :   000;
	29d4  :   000;
	29d5  :   000;
	29d6  :   000;
	29d7  :   000;
	29d8  :   000;
	29d9  :   000;
	29da  :   000;
	29db  :   000;
	29dc  :   000;
	29dd  :   000;
	29de  :   000;
	29df  :   000;
	29e0  :   000;
	29e1  :   000;
	29e2  :   000;
	29e3  :   000;
	29e4  :   000;
	29e5  :   000;
	29e6  :   000;
	29e7  :   000;
	29e8  :   000;
	29e9  :   000;
	29ea  :   000;
	29eb  :   000;
	29ec  :   000;
	29ed  :   000;
	29ee  :   000;
	29ef  :   000;
	29f0  :   000;
	29f1  :   000;
	29f2  :   000;
	29f3  :   000;
	29f4  :   000;
	29f5  :   000;
	29f6  :   000;
	29f7  :   000;
	29f8  :   000;
	29f9  :   000;
	29fa  :   000;
	29fb  :   000;
	29fc  :   000;
	29fd  :   000;
	29fe  :   000;
	29ff  :   000;
	2a00  :   000;
	2a01  :   000;
	2a02  :   000;
	2a03  :   000;
	2a04  :   000;
	2a05  :   000;
	2a06  :   000;
	2a07  :   000;
	2a08  :   000;
	2a09  :   000;
	2a0a  :   000;
	2a0b  :   000;
	2a0c  :   000;
	2a0d  :   000;
	2a0e  :   000;
	2a0f  :   000;
	2a10  :   000;
	2a11  :   000;
	2a12  :   000;
	2a13  :   000;
	2a14  :   000;
	2a15  :   000;
	2a16  :   000;
	2a17  :   000;
	2a18  :   000;
	2a19  :   000;
	2a1a  :   000;
	2a1b  :   000;
	2a1c  :   000;
	2a1d  :   000;
	2a1e  :   000;
	2a1f  :   000;
	2a20  :   000;
	2a21  :   000;
	2a22  :   000;
	2a23  :   000;
	2a24  :   000;
	2a25  :   000;
	2a26  :   000;
	2a27  :   000;
	2a28  :   000;
	2a29  :   000;
	2a2a  :   000;
	2a2b  :   000;
	2a2c  :   000;
	2a2d  :   000;
	2a2e  :   000;
	2a2f  :   000;
	2a30  :   000;
	2a31  :   000;
	2a32  :   000;
	2a33  :   000;
	2a34  :   000;
	2a35  :   000;
	2a36  :   000;
	2a37  :   000;
	2a38  :   000;
	2a39  :   000;
	2a3a  :   000;
	2a3b  :   000;
	2a3c  :   000;
	2a3d  :   000;
	2a3e  :   000;
	2a3f  :   000;
	2a40  :   000;
	2a41  :   000;
	2a42  :   000;
	2a43  :   000;
	2a44  :   000;
	2a45  :   000;
	2a46  :   000;
	2a47  :   000;
	2a48  :   000;
	2a49  :   000;
	2a4a  :   000;
	2a4b  :   000;
	2a4c  :   000;
	2a4d  :   000;
	2a4e  :   000;
	2a4f  :   000;
	2a50  :   000;
	2a51  :   000;
	2a52  :   000;
	2a53  :   000;
	2a54  :   000;
	2a55  :   000;
	2a56  :   000;
	2a57  :   000;
	2a58  :   000;
	2a59  :   000;
	2a5a  :   000;
	2a5b  :   000;
	2a5c  :   000;
	2a5d  :   000;
	2a5e  :   000;
	2a5f  :   000;
	2a60  :   000;
	2a61  :   000;
	2a62  :   000;
	2a63  :   000;
	2a64  :   000;
	2a65  :   000;
	2a66  :   000;
	2a67  :   000;
	2a68  :   000;
	2a69  :   000;
	2a6a  :   000;
	2a6b  :   000;
	2a6c  :   000;
	2a6d  :   000;
	2a6e  :   000;
	2a6f  :   000;
	2a70  :   000;
	2a71  :   000;
	2a72  :   000;
	2a73  :   000;
	2a74  :   000;
	2a75  :   000;
	2a76  :   000;
	2a77  :   000;
	2a78  :   000;
	2a79  :   000;
	2a7a  :   000;
	2a7b  :   000;
	2a7c  :   000;
	2a7d  :   000;
	2a7e  :   000;
	2a7f  :   000;
	2a80  :   000;
	2a81  :   000;
	2a82  :   000;
	2a83  :   000;
	2a84  :   000;
	2a85  :   000;
	2a86  :   000;
	2a87  :   000;
	2a88  :   000;
	2a89  :   000;
	2a8a  :   000;
	2a8b  :   000;
	2a8c  :   000;
	2a8d  :   000;
	2a8e  :   000;
	2a8f  :   000;
	2a90  :   000;
	2a91  :   000;
	2a92  :   000;
	2a93  :   000;
	2a94  :   000;
	2a95  :   000;
	2a96  :   000;
	2a97  :   000;
	2a98  :   000;
	2a99  :   000;
	2a9a  :   000;
	2a9b  :   000;
	2a9c  :   000;
	2a9d  :   000;
	2a9e  :   000;
	2a9f  :   000;
	2aa0  :   000;
	2aa1  :   000;
	2aa2  :   000;
	2aa3  :   000;
	2aa4  :   000;
	2aa5  :   000;
	2aa6  :   000;
	2aa7  :   000;
	2aa8  :   000;
	2aa9  :   000;
	2aaa  :   000;
	2aab  :   000;
	2aac  :   000;
	2aad  :   000;
	2aae  :   000;
	2aaf  :   000;
	2ab0  :   000;
	2ab1  :   000;
	2ab2  :   000;
	2ab3  :   000;
	2ab4  :   000;
	2ab5  :   000;
	2ab6  :   000;
	2ab7  :   000;
	2ab8  :   000;
	2ab9  :   000;
	2aba  :   000;
	2abb  :   000;
	2abc  :   000;
	2abd  :   000;
	2abe  :   000;
	2abf  :   000;
	2ac0  :   000;
	2ac1  :   000;
	2ac2  :   000;
	2ac3  :   000;
	2ac4  :   000;
	2ac5  :   000;
	2ac6  :   000;
	2ac7  :   000;
	2ac8  :   000;
	2ac9  :   000;
	2aca  :   000;
	2acb  :   000;
	2acc  :   000;
	2acd  :   000;
	2ace  :   000;
	2acf  :   000;
	2ad0  :   000;
	2ad1  :   000;
	2ad2  :   000;
	2ad3  :   000;
	2ad4  :   000;
	2ad5  :   000;
	2ad6  :   000;
	2ad7  :   000;
	2ad8  :   000;
	2ad9  :   000;
	2ada  :   000;
	2adb  :   000;
	2adc  :   000;
	2add  :   000;
	2ade  :   000;
	2adf  :   000;
	2ae0  :   000;
	2ae1  :   000;
	2ae2  :   000;
	2ae3  :   000;
	2ae4  :   000;
	2ae5  :   000;
	2ae6  :   000;
	2ae7  :   000;
	2ae8  :   000;
	2ae9  :   000;
	2aea  :   000;
	2aeb  :   000;
	2aec  :   000;
	2aed  :   000;
	2aee  :   000;
	2aef  :   000;
	2af0  :   000;
	2af1  :   000;
	2af2  :   000;
	2af3  :   000;
	2af4  :   000;
	2af5  :   000;
	2af6  :   000;
	2af7  :   000;
	2af8  :   000;
	2af9  :   000;
	2afa  :   000;
	2afb  :   000;
	2afc  :   000;
	2afd  :   000;
	2afe  :   000;
	2aff  :   000;
	2b00  :   000;
	2b01  :   000;
	2b02  :   000;
	2b03  :   000;
	2b04  :   000;
	2b05  :   000;
	2b06  :   000;
	2b07  :   000;
	2b08  :   000;
	2b09  :   000;
	2b0a  :   000;
	2b0b  :   000;
	2b0c  :   000;
	2b0d  :   000;
	2b0e  :   000;
	2b0f  :   000;
	2b10  :   000;
	2b11  :   000;
	2b12  :   000;
	2b13  :   000;
	2b14  :   000;
	2b15  :   000;
	2b16  :   000;
	2b17  :   000;
	2b18  :   000;
	2b19  :   000;
	2b1a  :   000;
	2b1b  :   000;
	2b1c  :   000;
	2b1d  :   000;
	2b1e  :   000;
	2b1f  :   000;
	2b20  :   000;
	2b21  :   000;
	2b22  :   000;
	2b23  :   000;
	2b24  :   000;
	2b25  :   000;
	2b26  :   000;
	2b27  :   000;
	2b28  :   000;
	2b29  :   000;
	2b2a  :   000;
	2b2b  :   000;
	2b2c  :   000;
	2b2d  :   000;
	2b2e  :   000;
	2b2f  :   000;
	2b30  :   000;
	2b31  :   000;
	2b32  :   000;
	2b33  :   000;
	2b34  :   000;
	2b35  :   000;
	2b36  :   000;
	2b37  :   000;
	2b38  :   000;
	2b39  :   000;
	2b3a  :   000;
	2b3b  :   000;
	2b3c  :   000;
	2b3d  :   000;
	2b3e  :   000;
	2b3f  :   000;
	2b40  :   000;
	2b41  :   000;
	2b42  :   000;
	2b43  :   000;
	2b44  :   000;
	2b45  :   000;
	2b46  :   000;
	2b47  :   000;
	2b48  :   000;
	2b49  :   000;
	2b4a  :   000;
	2b4b  :   000;
	2b4c  :   000;
	2b4d  :   000;
	2b4e  :   000;
	2b4f  :   000;
	2b50  :   000;
	2b51  :   000;
	2b52  :   000;
	2b53  :   000;
	2b54  :   000;
	2b55  :   000;
	2b56  :   000;
	2b57  :   000;
	2b58  :   000;
	2b59  :   000;
	2b5a  :   000;
	2b5b  :   000;
	2b5c  :   000;
	2b5d  :   000;
	2b5e  :   000;
	2b5f  :   000;
	2b60  :   000;
	2b61  :   000;
	2b62  :   000;
	2b63  :   000;
	2b64  :   000;
	2b65  :   000;
	2b66  :   000;
	2b67  :   000;
	2b68  :   000;
	2b69  :   000;
	2b6a  :   000;
	2b6b  :   000;
	2b6c  :   000;
	2b6d  :   000;
	2b6e  :   000;
	2b6f  :   000;
	2b70  :   000;
	2b71  :   000;
	2b72  :   000;
	2b73  :   000;
	2b74  :   000;
	2b75  :   000;
	2b76  :   000;
	2b77  :   000;
	2b78  :   000;
	2b79  :   000;
	2b7a  :   000;
	2b7b  :   000;
	2b7c  :   000;
	2b7d  :   000;
	2b7e  :   000;
	2b7f  :   000;
	2b80  :   000;
	2b81  :   000;
	2b82  :   000;
	2b83  :   000;
	2b84  :   000;
	2b85  :   000;
	2b86  :   000;
	2b87  :   000;
	2b88  :   000;
	2b89  :   000;
	2b8a  :   000;
	2b8b  :   000;
	2b8c  :   000;
	2b8d  :   000;
	2b8e  :   000;
	2b8f  :   000;
	2b90  :   000;
	2b91  :   000;
	2b92  :   000;
	2b93  :   000;
	2b94  :   000;
	2b95  :   000;
	2b96  :   000;
	2b97  :   000;
	2b98  :   000;
	2b99  :   000;
	2b9a  :   000;
	2b9b  :   000;
	2b9c  :   000;
	2b9d  :   000;
	2b9e  :   000;
	2b9f  :   000;
	2ba0  :   000;
	2ba1  :   000;
	2ba2  :   000;
	2ba3  :   000;
	2ba4  :   000;
	2ba5  :   000;
	2ba6  :   000;
	2ba7  :   000;
	2ba8  :   000;
	2ba9  :   000;
	2baa  :   000;
	2bab  :   000;
	2bac  :   000;
	2bad  :   000;
	2bae  :   000;
	2baf  :   000;
	2bb0  :   000;
	2bb1  :   000;
	2bb2  :   000;
	2bb3  :   000;
	2bb4  :   000;
	2bb5  :   000;
	2bb6  :   000;
	2bb7  :   000;
	2bb8  :   000;
	2bb9  :   000;
	2bba  :   000;
	2bbb  :   000;
	2bbc  :   000;
	2bbd  :   000;
	2bbe  :   000;
	2bbf  :   000;
	2bc0  :   000;
	2bc1  :   000;
	2bc2  :   000;
	2bc3  :   000;
	2bc4  :   000;
	2bc5  :   000;
	2bc6  :   000;
	2bc7  :   000;
	2bc8  :   000;
	2bc9  :   000;
	2bca  :   000;
	2bcb  :   000;
	2bcc  :   000;
	2bcd  :   000;
	2bce  :   000;
	2bcf  :   000;
	2bd0  :   000;
	2bd1  :   000;
	2bd2  :   000;
	2bd3  :   000;
	2bd4  :   000;
	2bd5  :   000;
	2bd6  :   000;
	2bd7  :   000;
	2bd8  :   000;
	2bd9  :   000;
	2bda  :   000;
	2bdb  :   000;
	2bdc  :   000;
	2bdd  :   000;
	2bde  :   000;
	2bdf  :   000;
	2be0  :   000;
	2be1  :   000;
	2be2  :   000;
	2be3  :   000;
	2be4  :   000;
	2be5  :   000;
	2be6  :   000;
	2be7  :   000;
	2be8  :   000;
	2be9  :   000;
	2bea  :   000;
	2beb  :   000;
	2bec  :   000;
	2bed  :   000;
	2bee  :   000;
	2bef  :   000;
	2bf0  :   000;
	2bf1  :   000;
	2bf2  :   000;
	2bf3  :   000;
	2bf4  :   000;
	2bf5  :   000;
	2bf6  :   000;
	2bf7  :   000;
	2bf8  :   000;
	2bf9  :   000;
	2bfa  :   000;
	2bfb  :   000;
	2bfc  :   000;
	2bfd  :   000;
	2bfe  :   000;
	2bff  :   000;
	2c00  :   000;
	2c01  :   000;
	2c02  :   000;
	2c03  :   000;
	2c04  :   000;
	2c05  :   000;
	2c06  :   000;
	2c07  :   000;
	2c08  :   000;
	2c09  :   000;
	2c0a  :   000;
	2c0b  :   000;
	2c0c  :   000;
	2c0d  :   000;
	2c0e  :   000;
	2c0f  :   000;
	2c10  :   000;
	2c11  :   000;
	2c12  :   000;
	2c13  :   000;
	2c14  :   000;
	2c15  :   000;
	2c16  :   000;
	2c17  :   000;
	2c18  :   000;
	2c19  :   000;
	2c1a  :   000;
	2c1b  :   000;
	2c1c  :   000;
	2c1d  :   000;
	2c1e  :   000;
	2c1f  :   000;
	2c20  :   000;
	2c21  :   000;
	2c22  :   000;
	2c23  :   000;
	2c24  :   000;
	2c25  :   000;
	2c26  :   000;
	2c27  :   000;
	2c28  :   000;
	2c29  :   000;
	2c2a  :   000;
	2c2b  :   000;
	2c2c  :   000;
	2c2d  :   000;
	2c2e  :   000;
	2c2f  :   000;
	2c30  :   000;
	2c31  :   000;
	2c32  :   000;
	2c33  :   000;
	2c34  :   000;
	2c35  :   000;
	2c36  :   000;
	2c37  :   000;
	2c38  :   000;
	2c39  :   000;
	2c3a  :   000;
	2c3b  :   000;
	2c3c  :   000;
	2c3d  :   000;
	2c3e  :   000;
	2c3f  :   000;
	2c40  :   000;
	2c41  :   000;
	2c42  :   000;
	2c43  :   000;
	2c44  :   000;
	2c45  :   000;
	2c46  :   000;
	2c47  :   000;
	2c48  :   000;
	2c49  :   000;
	2c4a  :   000;
	2c4b  :   000;
	2c4c  :   000;
	2c4d  :   000;
	2c4e  :   000;
	2c4f  :   000;
	2c50  :   000;
	2c51  :   000;
	2c52  :   000;
	2c53  :   000;
	2c54  :   000;
	2c55  :   000;
	2c56  :   000;
	2c57  :   000;
	2c58  :   000;
	2c59  :   000;
	2c5a  :   000;
	2c5b  :   000;
	2c5c  :   000;
	2c5d  :   000;
	2c5e  :   000;
	2c5f  :   000;
	2c60  :   000;
	2c61  :   000;
	2c62  :   000;
	2c63  :   000;
	2c64  :   000;
	2c65  :   000;
	2c66  :   000;
	2c67  :   000;
	2c68  :   000;
	2c69  :   000;
	2c6a  :   000;
	2c6b  :   000;
	2c6c  :   000;
	2c6d  :   000;
	2c6e  :   000;
	2c6f  :   000;
	2c70  :   000;
	2c71  :   000;
	2c72  :   000;
	2c73  :   000;
	2c74  :   000;
	2c75  :   000;
	2c76  :   000;
	2c77  :   000;
	2c78  :   000;
	2c79  :   000;
	2c7a  :   000;
	2c7b  :   000;
	2c7c  :   000;
	2c7d  :   000;
	2c7e  :   000;
	2c7f  :   000;
	2c80  :   000;
	2c81  :   000;
	2c82  :   000;
	2c83  :   000;
	2c84  :   000;
	2c85  :   000;
	2c86  :   000;
	2c87  :   000;
	2c88  :   000;
	2c89  :   000;
	2c8a  :   000;
	2c8b  :   000;
	2c8c  :   000;
	2c8d  :   000;
	2c8e  :   000;
	2c8f  :   000;
	2c90  :   000;
	2c91  :   000;
	2c92  :   000;
	2c93  :   000;
	2c94  :   000;
	2c95  :   000;
	2c96  :   000;
	2c97  :   000;
	2c98  :   000;
	2c99  :   000;
	2c9a  :   000;
	2c9b  :   000;
	2c9c  :   000;
	2c9d  :   000;
	2c9e  :   000;
	2c9f  :   000;
	2ca0  :   000;
	2ca1  :   000;
	2ca2  :   000;
	2ca3  :   000;
	2ca4  :   000;
	2ca5  :   000;
	2ca6  :   000;
	2ca7  :   000;
	2ca8  :   000;
	2ca9  :   000;
	2caa  :   000;
	2cab  :   000;
	2cac  :   000;
	2cad  :   000;
	2cae  :   000;
	2caf  :   000;
	2cb0  :   000;
	2cb1  :   000;
	2cb2  :   000;
	2cb3  :   000;
	2cb4  :   000;
	2cb5  :   000;
	2cb6  :   000;
	2cb7  :   000;
	2cb8  :   000;
	2cb9  :   000;
	2cba  :   000;
	2cbb  :   000;
	2cbc  :   000;
	2cbd  :   000;
	2cbe  :   000;
	2cbf  :   000;
	2cc0  :   000;
	2cc1  :   000;
	2cc2  :   000;
	2cc3  :   000;
	2cc4  :   000;
	2cc5  :   000;
	2cc6  :   000;
	2cc7  :   000;
	2cc8  :   000;
	2cc9  :   000;
	2cca  :   000;
	2ccb  :   000;
	2ccc  :   000;
	2ccd  :   000;
	2cce  :   000;
	2ccf  :   000;
	2cd0  :   000;
	2cd1  :   000;
	2cd2  :   000;
	2cd3  :   000;
	2cd4  :   000;
	2cd5  :   000;
	2cd6  :   000;
	2cd7  :   000;
	2cd8  :   000;
	2cd9  :   000;
	2cda  :   000;
	2cdb  :   000;
	2cdc  :   000;
	2cdd  :   000;
	2cde  :   000;
	2cdf  :   000;
	2ce0  :   000;
	2ce1  :   000;
	2ce2  :   000;
	2ce3  :   000;
	2ce4  :   000;
	2ce5  :   000;
	2ce6  :   000;
	2ce7  :   000;
	2ce8  :   000;
	2ce9  :   000;
	2cea  :   000;
	2ceb  :   000;
	2cec  :   000;
	2ced  :   000;
	2cee  :   000;
	2cef  :   000;
	2cf0  :   000;
	2cf1  :   000;
	2cf2  :   000;
	2cf3  :   000;
	2cf4  :   000;
	2cf5  :   000;
	2cf6  :   000;
	2cf7  :   000;
	2cf8  :   000;
	2cf9  :   000;
	2cfa  :   000;
	2cfb  :   000;
	2cfc  :   000;
	2cfd  :   000;
	2cfe  :   000;
	2cff  :   000;
	2d00  :   000;
	2d01  :   000;
	2d02  :   000;
	2d03  :   000;
	2d04  :   000;
	2d05  :   000;
	2d06  :   000;
	2d07  :   000;
	2d08  :   000;
	2d09  :   000;
	2d0a  :   000;
	2d0b  :   000;
	2d0c  :   000;
	2d0d  :   000;
	2d0e  :   000;
	2d0f  :   000;
	2d10  :   000;
	2d11  :   000;
	2d12  :   000;
	2d13  :   000;
	2d14  :   000;
	2d15  :   000;
	2d16  :   000;
	2d17  :   000;
	2d18  :   000;
	2d19  :   000;
	2d1a  :   000;
	2d1b  :   000;
	2d1c  :   000;
	2d1d  :   000;
	2d1e  :   000;
	2d1f  :   000;
	2d20  :   000;
	2d21  :   000;
	2d22  :   000;
	2d23  :   000;
	2d24  :   000;
	2d25  :   000;
	2d26  :   000;
	2d27  :   000;
	2d28  :   000;
	2d29  :   000;
	2d2a  :   000;
	2d2b  :   000;
	2d2c  :   000;
	2d2d  :   000;
	2d2e  :   000;
	2d2f  :   000;
	2d30  :   000;
	2d31  :   000;
	2d32  :   000;
	2d33  :   000;
	2d34  :   000;
	2d35  :   000;
	2d36  :   000;
	2d37  :   000;
	2d38  :   000;
	2d39  :   000;
	2d3a  :   000;
	2d3b  :   000;
	2d3c  :   000;
	2d3d  :   000;
	2d3e  :   000;
	2d3f  :   000;
	2d40  :   000;
	2d41  :   000;
	2d42  :   000;
	2d43  :   000;
	2d44  :   000;
	2d45  :   000;
	2d46  :   000;
	2d47  :   000;
	2d48  :   000;
	2d49  :   000;
	2d4a  :   000;
	2d4b  :   000;
	2d4c  :   000;
	2d4d  :   000;
	2d4e  :   000;
	2d4f  :   000;
	2d50  :   000;
	2d51  :   000;
	2d52  :   000;
	2d53  :   000;
	2d54  :   000;
	2d55  :   000;
	2d56  :   000;
	2d57  :   000;
	2d58  :   000;
	2d59  :   000;
	2d5a  :   000;
	2d5b  :   000;
	2d5c  :   000;
	2d5d  :   000;
	2d5e  :   000;
	2d5f  :   000;
	2d60  :   000;
	2d61  :   000;
	2d62  :   000;
	2d63  :   000;
	2d64  :   000;
	2d65  :   000;
	2d66  :   000;
	2d67  :   000;
	2d68  :   000;
	2d69  :   000;
	2d6a  :   000;
	2d6b  :   000;
	2d6c  :   000;
	2d6d  :   000;
	2d6e  :   000;
	2d6f  :   000;
	2d70  :   000;
	2d71  :   000;
	2d72  :   000;
	2d73  :   000;
	2d74  :   000;
	2d75  :   000;
	2d76  :   000;
	2d77  :   000;
	2d78  :   000;
	2d79  :   000;
	2d7a  :   000;
	2d7b  :   000;
	2d7c  :   000;
	2d7d  :   000;
	2d7e  :   000;
	2d7f  :   000;
	2d80  :   000;
	2d81  :   000;
	2d82  :   000;
	2d83  :   000;
	2d84  :   000;
	2d85  :   000;
	2d86  :   000;
	2d87  :   000;
	2d88  :   000;
	2d89  :   000;
	2d8a  :   000;
	2d8b  :   000;
	2d8c  :   000;
	2d8d  :   000;
	2d8e  :   000;
	2d8f  :   000;
	2d90  :   000;
	2d91  :   000;
	2d92  :   000;
	2d93  :   000;
	2d94  :   000;
	2d95  :   000;
	2d96  :   000;
	2d97  :   000;
	2d98  :   000;
	2d99  :   000;
	2d9a  :   000;
	2d9b  :   000;
	2d9c  :   000;
	2d9d  :   000;
	2d9e  :   000;
	2d9f  :   000;
	2da0  :   000;
	2da1  :   000;
	2da2  :   000;
	2da3  :   000;
	2da4  :   000;
	2da5  :   000;
	2da6  :   000;
	2da7  :   000;
	2da8  :   000;
	2da9  :   000;
	2daa  :   000;
	2dab  :   000;
	2dac  :   000;
	2dad  :   000;
	2dae  :   000;
	2daf  :   000;
	2db0  :   000;
	2db1  :   000;
	2db2  :   000;
	2db3  :   000;
	2db4  :   000;
	2db5  :   000;
	2db6  :   000;
	2db7  :   000;
	2db8  :   000;
	2db9  :   000;
	2dba  :   000;
	2dbb  :   000;
	2dbc  :   000;
	2dbd  :   000;
	2dbe  :   000;
	2dbf  :   000;
	2dc0  :   000;
	2dc1  :   000;
	2dc2  :   000;
	2dc3  :   000;
	2dc4  :   000;
	2dc5  :   000;
	2dc6  :   000;
	2dc7  :   000;
	2dc8  :   000;
	2dc9  :   000;
	2dca  :   000;
	2dcb  :   000;
	2dcc  :   000;
	2dcd  :   000;
	2dce  :   000;
	2dcf  :   000;
	2dd0  :   000;
	2dd1  :   000;
	2dd2  :   000;
	2dd3  :   000;
	2dd4  :   000;
	2dd5  :   000;
	2dd6  :   000;
	2dd7  :   000;
	2dd8  :   000;
	2dd9  :   000;
	2dda  :   000;
	2ddb  :   000;
	2ddc  :   000;
	2ddd  :   000;
	2dde  :   000;
	2ddf  :   000;
	2de0  :   000;
	2de1  :   000;
	2de2  :   000;
	2de3  :   000;
	2de4  :   000;
	2de5  :   000;
	2de6  :   000;
	2de7  :   000;
	2de8  :   000;
	2de9  :   000;
	2dea  :   000;
	2deb  :   000;
	2dec  :   000;
	2ded  :   000;
	2dee  :   000;
	2def  :   000;
	2df0  :   000;
	2df1  :   000;
	2df2  :   000;
	2df3  :   000;
	2df4  :   000;
	2df5  :   000;
	2df6  :   000;
	2df7  :   000;
	2df8  :   000;
	2df9  :   000;
	2dfa  :   000;
	2dfb  :   000;
	2dfc  :   000;
	2dfd  :   000;
	2dfe  :   000;
	2dff  :   000;
	2e00  :   000;
	2e01  :   000;
	2e02  :   000;
	2e03  :   000;
	2e04  :   000;
	2e05  :   000;
	2e06  :   000;
	2e07  :   000;
	2e08  :   000;
	2e09  :   000;
	2e0a  :   000;
	2e0b  :   000;
	2e0c  :   000;
	2e0d  :   000;
	2e0e  :   000;
	2e0f  :   000;
	2e10  :   000;
	2e11  :   000;
	2e12  :   000;
	2e13  :   000;
	2e14  :   000;
	2e15  :   000;
	2e16  :   000;
	2e17  :   000;
	2e18  :   000;
	2e19  :   000;
	2e1a  :   000;
	2e1b  :   000;
	2e1c  :   000;
	2e1d  :   000;
	2e1e  :   000;
	2e1f  :   000;
	2e20  :   000;
	2e21  :   000;
	2e22  :   000;
	2e23  :   000;
	2e24  :   000;
	2e25  :   000;
	2e26  :   000;
	2e27  :   000;
	2e28  :   000;
	2e29  :   000;
	2e2a  :   000;
	2e2b  :   000;
	2e2c  :   000;
	2e2d  :   000;
	2e2e  :   000;
	2e2f  :   000;
	2e30  :   000;
	2e31  :   000;
	2e32  :   000;
	2e33  :   000;
	2e34  :   000;
	2e35  :   000;
	2e36  :   000;
	2e37  :   000;
	2e38  :   000;
	2e39  :   000;
	2e3a  :   000;
	2e3b  :   000;
	2e3c  :   000;
	2e3d  :   000;
	2e3e  :   000;
	2e3f  :   000;
	2e40  :   000;
	2e41  :   000;
	2e42  :   000;
	2e43  :   000;
	2e44  :   000;
	2e45  :   000;
	2e46  :   000;
	2e47  :   000;
	2e48  :   000;
	2e49  :   000;
	2e4a  :   000;
	2e4b  :   000;
	2e4c  :   000;
	2e4d  :   000;
	2e4e  :   000;
	2e4f  :   000;
	2e50  :   000;
	2e51  :   000;
	2e52  :   000;
	2e53  :   000;
	2e54  :   000;
	2e55  :   000;
	2e56  :   000;
	2e57  :   000;
	2e58  :   000;
	2e59  :   000;
	2e5a  :   000;
	2e5b  :   000;
	2e5c  :   000;
	2e5d  :   000;
	2e5e  :   000;
	2e5f  :   000;
	2e60  :   000;
	2e61  :   000;
	2e62  :   000;
	2e63  :   000;
	2e64  :   000;
	2e65  :   000;
	2e66  :   000;
	2e67  :   000;
	2e68  :   000;
	2e69  :   000;
	2e6a  :   000;
	2e6b  :   000;
	2e6c  :   000;
	2e6d  :   000;
	2e6e  :   000;
	2e6f  :   000;
	2e70  :   000;
	2e71  :   000;
	2e72  :   000;
	2e73  :   000;
	2e74  :   000;
	2e75  :   000;
	2e76  :   000;
	2e77  :   000;
	2e78  :   000;
	2e79  :   000;
	2e7a  :   000;
	2e7b  :   000;
	2e7c  :   000;
	2e7d  :   000;
	2e7e  :   000;
	2e7f  :   000;
	2e80  :   000;
	2e81  :   000;
	2e82  :   000;
	2e83  :   000;
	2e84  :   000;
	2e85  :   000;
	2e86  :   000;
	2e87  :   000;
	2e88  :   000;
	2e89  :   000;
	2e8a  :   000;
	2e8b  :   000;
	2e8c  :   000;
	2e8d  :   000;
	2e8e  :   000;
	2e8f  :   000;
	2e90  :   000;
	2e91  :   000;
	2e92  :   000;
	2e93  :   000;
	2e94  :   000;
	2e95  :   000;
	2e96  :   000;
	2e97  :   000;
	2e98  :   000;
	2e99  :   000;
	2e9a  :   000;
	2e9b  :   000;
	2e9c  :   000;
	2e9d  :   000;
	2e9e  :   000;
	2e9f  :   000;
	2ea0  :   000;
	2ea1  :   000;
	2ea2  :   000;
	2ea3  :   000;
	2ea4  :   000;
	2ea5  :   000;
	2ea6  :   000;
	2ea7  :   000;
	2ea8  :   000;
	2ea9  :   000;
	2eaa  :   000;
	2eab  :   000;
	2eac  :   000;
	2ead  :   000;
	2eae  :   000;
	2eaf  :   000;
	2eb0  :   000;
	2eb1  :   000;
	2eb2  :   000;
	2eb3  :   000;
	2eb4  :   000;
	2eb5  :   000;
	2eb6  :   000;
	2eb7  :   000;
	2eb8  :   000;
	2eb9  :   000;
	2eba  :   000;
	2ebb  :   000;
	2ebc  :   000;
	2ebd  :   000;
	2ebe  :   000;
	2ebf  :   000;
	2ec0  :   000;
	2ec1  :   000;
	2ec2  :   000;
	2ec3  :   000;
	2ec4  :   000;
	2ec5  :   000;
	2ec6  :   000;
	2ec7  :   000;
	2ec8  :   000;
	2ec9  :   000;
	2eca  :   000;
	2ecb  :   000;
	2ecc  :   000;
	2ecd  :   000;
	2ece  :   000;
	2ecf  :   000;
	2ed0  :   000;
	2ed1  :   000;
	2ed2  :   000;
	2ed3  :   000;
	2ed4  :   000;
	2ed5  :   000;
	2ed6  :   000;
	2ed7  :   000;
	2ed8  :   000;
	2ed9  :   000;
	2eda  :   000;
	2edb  :   000;
	2edc  :   000;
	2edd  :   000;
	2ede  :   000;
	2edf  :   000;
	2ee0  :   000;
	2ee1  :   000;
	2ee2  :   000;
	2ee3  :   000;
	2ee4  :   000;
	2ee5  :   000;
	2ee6  :   000;
	2ee7  :   000;
	2ee8  :   000;
	2ee9  :   000;
	2eea  :   000;
	2eeb  :   000;
	2eec  :   000;
	2eed  :   000;
	2eee  :   000;
	2eef  :   000;
	2ef0  :   000;
	2ef1  :   000;
	2ef2  :   000;
	2ef3  :   000;
	2ef4  :   000;
	2ef5  :   000;
	2ef6  :   000;
	2ef7  :   000;
	2ef8  :   000;
	2ef9  :   000;
	2efa  :   000;
	2efb  :   000;
	2efc  :   000;
	2efd  :   000;
	2efe  :   000;
	2eff  :   000;
	2f00  :   000;
	2f01  :   000;
	2f02  :   000;
	2f03  :   000;
	2f04  :   000;
	2f05  :   000;
	2f06  :   000;
	2f07  :   000;
	2f08  :   000;
	2f09  :   000;
	2f0a  :   000;
	2f0b  :   000;
	2f0c  :   000;
	2f0d  :   000;
	2f0e  :   000;
	2f0f  :   000;
	2f10  :   000;
	2f11  :   000;
	2f12  :   000;
	2f13  :   000;
	2f14  :   000;
	2f15  :   000;
	2f16  :   000;
	2f17  :   000;
	2f18  :   000;
	2f19  :   000;
	2f1a  :   000;
	2f1b  :   000;
	2f1c  :   000;
	2f1d  :   000;
	2f1e  :   000;
	2f1f  :   000;
	2f20  :   000;
	2f21  :   000;
	2f22  :   000;
	2f23  :   000;
	2f24  :   000;
	2f25  :   000;
	2f26  :   000;
	2f27  :   000;
	2f28  :   000;
	2f29  :   000;
	2f2a  :   000;
	2f2b  :   000;
	2f2c  :   000;
	2f2d  :   000;
	2f2e  :   000;
	2f2f  :   000;
	2f30  :   000;
	2f31  :   000;
	2f32  :   000;
	2f33  :   000;
	2f34  :   000;
	2f35  :   000;
	2f36  :   000;
	2f37  :   000;
	2f38  :   000;
	2f39  :   000;
	2f3a  :   000;
	2f3b  :   000;
	2f3c  :   000;
	2f3d  :   000;
	2f3e  :   000;
	2f3f  :   000;
	2f40  :   000;
	2f41  :   000;
	2f42  :   000;
	2f43  :   000;
	2f44  :   000;
	2f45  :   000;
	2f46  :   000;
	2f47  :   000;
	2f48  :   000;
	2f49  :   000;
	2f4a  :   000;
	2f4b  :   000;
	2f4c  :   000;
	2f4d  :   000;
	2f4e  :   000;
	2f4f  :   000;
	2f50  :   000;
	2f51  :   000;
	2f52  :   000;
	2f53  :   000;
	2f54  :   000;
	2f55  :   000;
	2f56  :   000;
	2f57  :   000;
	2f58  :   000;
	2f59  :   000;
	2f5a  :   000;
	2f5b  :   000;
	2f5c  :   000;
	2f5d  :   000;
	2f5e  :   000;
	2f5f  :   000;
	2f60  :   000;
	2f61  :   000;
	2f62  :   000;
	2f63  :   000;
	2f64  :   000;
	2f65  :   000;
	2f66  :   000;
	2f67  :   000;
	2f68  :   000;
	2f69  :   000;
	2f6a  :   000;
	2f6b  :   000;
	2f6c  :   000;
	2f6d  :   000;
	2f6e  :   000;
	2f6f  :   000;
	2f70  :   000;
	2f71  :   000;
	2f72  :   000;
	2f73  :   000;
	2f74  :   000;
	2f75  :   000;
	2f76  :   000;
	2f77  :   000;
	2f78  :   000;
	2f79  :   000;
	2f7a  :   000;
	2f7b  :   000;
	2f7c  :   000;
	2f7d  :   000;
	2f7e  :   000;
	2f7f  :   000;
	2f80  :   000;
	2f81  :   000;
	2f82  :   000;
	2f83  :   000;
	2f84  :   000;
	2f85  :   000;
	2f86  :   000;
	2f87  :   000;
	2f88  :   000;
	2f89  :   000;
	2f8a  :   000;
	2f8b  :   000;
	2f8c  :   000;
	2f8d  :   000;
	2f8e  :   000;
	2f8f  :   000;
	2f90  :   000;
	2f91  :   000;
	2f92  :   000;
	2f93  :   000;
	2f94  :   000;
	2f95  :   000;
	2f96  :   000;
	2f97  :   000;
	2f98  :   000;
	2f99  :   000;
	2f9a  :   000;
	2f9b  :   000;
	2f9c  :   000;
	2f9d  :   000;
	2f9e  :   000;
	2f9f  :   000;
	2fa0  :   000;
	2fa1  :   000;
	2fa2  :   000;
	2fa3  :   000;
	2fa4  :   000;
	2fa5  :   000;
	2fa6  :   000;
	2fa7  :   000;
	2fa8  :   000;
	2fa9  :   000;
	2faa  :   000;
	2fab  :   000;
	2fac  :   000;
	2fad  :   000;
	2fae  :   000;
	2faf  :   000;
	2fb0  :   000;
	2fb1  :   000;
	2fb2  :   000;
	2fb3  :   000;
	2fb4  :   000;
	2fb5  :   000;
	2fb6  :   000;
	2fb7  :   000;
	2fb8  :   000;
	2fb9  :   000;
	2fba  :   000;
	2fbb  :   000;
	2fbc  :   000;
	2fbd  :   000;
	2fbe  :   000;
	2fbf  :   000;
	2fc0  :   000;
	2fc1  :   000;
	2fc2  :   000;
	2fc3  :   000;
	2fc4  :   000;
	2fc5  :   000;
	2fc6  :   000;
	2fc7  :   000;
	2fc8  :   000;
	2fc9  :   000;
	2fca  :   000;
	2fcb  :   000;
	2fcc  :   000;
	2fcd  :   000;
	2fce  :   000;
	2fcf  :   000;
	2fd0  :   000;
	2fd1  :   000;
	2fd2  :   000;
	2fd3  :   000;
	2fd4  :   000;
	2fd5  :   000;
	2fd6  :   000;
	2fd7  :   000;
	2fd8  :   000;
	2fd9  :   000;
	2fda  :   000;
	2fdb  :   000;
	2fdc  :   000;
	2fdd  :   000;
	2fde  :   000;
	2fdf  :   000;
	2fe0  :   000;
	2fe1  :   000;
	2fe2  :   000;
	2fe3  :   000;
	2fe4  :   000;
	2fe5  :   000;
	2fe6  :   000;
	2fe7  :   000;
	2fe8  :   000;
	2fe9  :   000;
	2fea  :   000;
	2feb  :   000;
	2fec  :   000;
	2fed  :   000;
	2fee  :   000;
	2fef  :   000;
	2ff0  :   000;
	2ff1  :   000;
	2ff2  :   000;
	2ff3  :   000;
	2ff4  :   000;
	2ff5  :   000;
	2ff6  :   000;
	2ff7  :   000;
	2ff8  :   000;
	2ff9  :   000;
	2ffa  :   000;
	2ffb  :   000;
	2ffc  :   000;
	2ffd  :   000;
	2ffe  :   000;
	2fff  :   000;
	3000  :   000;
	3001  :   000;
	3002  :   000;
	3003  :   000;
	3004  :   000;
	3005  :   000;
	3006  :   000;
	3007  :   000;
	3008  :   000;
	3009  :   000;
	300a  :   000;
	300b  :   000;
	300c  :   000;
	300d  :   000;
	300e  :   000;
	300f  :   000;
	3010  :   000;
	3011  :   000;
	3012  :   000;
	3013  :   000;
	3014  :   000;
	3015  :   000;
	3016  :   000;
	3017  :   000;
	3018  :   000;
	3019  :   000;
	301a  :   000;
	301b  :   000;
	301c  :   000;
	301d  :   000;
	301e  :   000;
	301f  :   000;
	3020  :   000;
	3021  :   000;
	3022  :   000;
	3023  :   000;
	3024  :   000;
	3025  :   000;
	3026  :   000;
	3027  :   000;
	3028  :   000;
	3029  :   000;
	302a  :   000;
	302b  :   000;
	302c  :   000;
	302d  :   000;
	302e  :   000;
	302f  :   000;
	3030  :   000;
	3031  :   000;
	3032  :   000;
	3033  :   000;
	3034  :   000;
	3035  :   000;
	3036  :   000;
	3037  :   000;
	3038  :   000;
	3039  :   000;
	303a  :   000;
	303b  :   000;
	303c  :   000;
	303d  :   000;
	303e  :   000;
	303f  :   000;
	3040  :   000;
	3041  :   000;
	3042  :   000;
	3043  :   000;
	3044  :   000;
	3045  :   000;
	3046  :   000;
	3047  :   000;
	3048  :   000;
	3049  :   000;
	304a  :   000;
	304b  :   000;
	304c  :   000;
	304d  :   000;
	304e  :   000;
	304f  :   000;
	3050  :   000;
	3051  :   000;
	3052  :   000;
	3053  :   000;
	3054  :   000;
	3055  :   000;
	3056  :   000;
	3057  :   000;
	3058  :   000;
	3059  :   000;
	305a  :   000;
	305b  :   000;
	305c  :   000;
	305d  :   000;
	305e  :   000;
	305f  :   000;
	3060  :   000;
	3061  :   000;
	3062  :   000;
	3063  :   000;
	3064  :   000;
	3065  :   000;
	3066  :   000;
	3067  :   000;
	3068  :   000;
	3069  :   000;
	306a  :   000;
	306b  :   000;
	306c  :   000;
	306d  :   000;
	306e  :   000;
	306f  :   000;
	3070  :   000;
	3071  :   000;
	3072  :   000;
	3073  :   000;
	3074  :   000;
	3075  :   000;
	3076  :   000;
	3077  :   000;
	3078  :   000;
	3079  :   000;
	307a  :   000;
	307b  :   000;
	307c  :   000;
	307d  :   000;
	307e  :   000;
	307f  :   000;
	3080  :   000;
	3081  :   000;
	3082  :   000;
	3083  :   000;
	3084  :   000;
	3085  :   000;
	3086  :   000;
	3087  :   000;
	3088  :   000;
	3089  :   000;
	308a  :   000;
	308b  :   000;
	308c  :   000;
	308d  :   000;
	308e  :   000;
	308f  :   000;
	3090  :   000;
	3091  :   000;
	3092  :   000;
	3093  :   000;
	3094  :   000;
	3095  :   000;
	3096  :   000;
	3097  :   000;
	3098  :   000;
	3099  :   000;
	309a  :   000;
	309b  :   000;
	309c  :   000;
	309d  :   000;
	309e  :   000;
	309f  :   000;
	30a0  :   000;
	30a1  :   000;
	30a2  :   000;
	30a3  :   000;
	30a4  :   000;
	30a5  :   000;
	30a6  :   000;
	30a7  :   000;
	30a8  :   000;
	30a9  :   000;
	30aa  :   000;
	30ab  :   000;
	30ac  :   000;
	30ad  :   000;
	30ae  :   000;
	30af  :   000;
	30b0  :   000;
	30b1  :   000;
	30b2  :   000;
	30b3  :   000;
	30b4  :   000;
	30b5  :   000;
	30b6  :   000;
	30b7  :   000;
	30b8  :   000;
	30b9  :   000;
	30ba  :   000;
	30bb  :   000;
	30bc  :   000;
	30bd  :   000;
	30be  :   000;
	30bf  :   000;
	30c0  :   000;
	30c1  :   000;
	30c2  :   000;
	30c3  :   000;
	30c4  :   000;
	30c5  :   000;
	30c6  :   000;
	30c7  :   000;
	30c8  :   000;
	30c9  :   000;
	30ca  :   000;
	30cb  :   000;
	30cc  :   000;
	30cd  :   000;
	30ce  :   000;
	30cf  :   000;
	30d0  :   000;
	30d1  :   000;
	30d2  :   000;
	30d3  :   000;
	30d4  :   000;
	30d5  :   000;
	30d6  :   000;
	30d7  :   000;
	30d8  :   000;
	30d9  :   000;
	30da  :   000;
	30db  :   000;
	30dc  :   000;
	30dd  :   000;
	30de  :   000;
	30df  :   000;
	30e0  :   000;
	30e1  :   000;
	30e2  :   000;
	30e3  :   000;
	30e4  :   000;
	30e5  :   000;
	30e6  :   000;
	30e7  :   000;
	30e8  :   000;
	30e9  :   000;
	30ea  :   000;
	30eb  :   000;
	30ec  :   000;
	30ed  :   000;
	30ee  :   000;
	30ef  :   000;
	30f0  :   000;
	30f1  :   000;
	30f2  :   000;
	30f3  :   000;
	30f4  :   000;
	30f5  :   000;
	30f6  :   000;
	30f7  :   000;
	30f8  :   000;
	30f9  :   000;
	30fa  :   000;
	30fb  :   000;
	30fc  :   000;
	30fd  :   000;
	30fe  :   000;
	30ff  :   000;
	3100  :   000;
	3101  :   000;
	3102  :   000;
	3103  :   000;
	3104  :   000;
	3105  :   000;
	3106  :   000;
	3107  :   000;
	3108  :   000;
	3109  :   000;
	310a  :   000;
	310b  :   000;
	310c  :   000;
	310d  :   000;
	310e  :   000;
	310f  :   000;
	3110  :   000;
	3111  :   000;
	3112  :   000;
	3113  :   000;
	3114  :   000;
	3115  :   000;
	3116  :   000;
	3117  :   000;
	3118  :   000;
	3119  :   000;
	311a  :   000;
	311b  :   000;
	311c  :   000;
	311d  :   000;
	311e  :   000;
	311f  :   000;
	3120  :   000;
	3121  :   000;
	3122  :   000;
	3123  :   000;
	3124  :   000;
	3125  :   000;
	3126  :   000;
	3127  :   000;
	3128  :   000;
	3129  :   000;
	312a  :   000;
	312b  :   000;
	312c  :   000;
	312d  :   000;
	312e  :   000;
	312f  :   000;
	3130  :   000;
	3131  :   000;
	3132  :   000;
	3133  :   000;
	3134  :   000;
	3135  :   000;
	3136  :   000;
	3137  :   000;
	3138  :   000;
	3139  :   000;
	313a  :   000;
	313b  :   000;
	313c  :   000;
	313d  :   000;
	313e  :   000;
	313f  :   000;
	3140  :   000;
	3141  :   000;
	3142  :   000;
	3143  :   000;
	3144  :   000;
	3145  :   000;
	3146  :   000;
	3147  :   000;
	3148  :   000;
	3149  :   000;
	314a  :   000;
	314b  :   000;
	314c  :   000;
	314d  :   000;
	314e  :   000;
	314f  :   000;
	3150  :   000;
	3151  :   000;
	3152  :   000;
	3153  :   000;
	3154  :   000;
	3155  :   000;
	3156  :   000;
	3157  :   000;
	3158  :   000;
	3159  :   000;
	315a  :   000;
	315b  :   000;
	315c  :   000;
	315d  :   000;
	315e  :   000;
	315f  :   000;
	3160  :   000;
	3161  :   000;
	3162  :   000;
	3163  :   000;
	3164  :   000;
	3165  :   000;
	3166  :   000;
	3167  :   000;
	3168  :   000;
	3169  :   000;
	316a  :   000;
	316b  :   000;
	316c  :   000;
	316d  :   000;
	316e  :   000;
	316f  :   000;
	3170  :   000;
	3171  :   000;
	3172  :   000;
	3173  :   000;
	3174  :   000;
	3175  :   000;
	3176  :   000;
	3177  :   000;
	3178  :   000;
	3179  :   000;
	317a  :   000;
	317b  :   000;
	317c  :   000;
	317d  :   000;
	317e  :   000;
	317f  :   000;
	3180  :   000;
	3181  :   000;
	3182  :   000;
	3183  :   000;
	3184  :   000;
	3185  :   000;
	3186  :   000;
	3187  :   000;
	3188  :   000;
	3189  :   000;
	318a  :   000;
	318b  :   000;
	318c  :   000;
	318d  :   000;
	318e  :   000;
	318f  :   000;
	3190  :   000;
	3191  :   000;
	3192  :   000;
	3193  :   000;
	3194  :   000;
	3195  :   000;
	3196  :   000;
	3197  :   000;
	3198  :   000;
	3199  :   000;
	319a  :   000;
	319b  :   000;
	319c  :   000;
	319d  :   000;
	319e  :   000;
	319f  :   000;
	31a0  :   000;
	31a1  :   000;
	31a2  :   000;
	31a3  :   000;
	31a4  :   000;
	31a5  :   000;
	31a6  :   000;
	31a7  :   000;
	31a8  :   000;
	31a9  :   000;
	31aa  :   000;
	31ab  :   000;
	31ac  :   000;
	31ad  :   000;
	31ae  :   000;
	31af  :   000;
	31b0  :   000;
	31b1  :   000;
	31b2  :   000;
	31b3  :   000;
	31b4  :   000;
	31b5  :   000;
	31b6  :   000;
	31b7  :   000;
	31b8  :   000;
	31b9  :   000;
	31ba  :   000;
	31bb  :   000;
	31bc  :   000;
	31bd  :   000;
	31be  :   000;
	31bf  :   000;
	31c0  :   000;
	31c1  :   000;
	31c2  :   000;
	31c3  :   000;
	31c4  :   000;
	31c5  :   000;
	31c6  :   000;
	31c7  :   000;
	31c8  :   000;
	31c9  :   000;
	31ca  :   000;
	31cb  :   000;
	31cc  :   000;
	31cd  :   000;
	31ce  :   000;
	31cf  :   000;
	31d0  :   000;
	31d1  :   000;
	31d2  :   000;
	31d3  :   000;
	31d4  :   000;
	31d5  :   000;
	31d6  :   000;
	31d7  :   000;
	31d8  :   000;
	31d9  :   000;
	31da  :   000;
	31db  :   000;
	31dc  :   000;
	31dd  :   000;
	31de  :   000;
	31df  :   000;
	31e0  :   000;
	31e1  :   000;
	31e2  :   000;
	31e3  :   000;
	31e4  :   000;
	31e5  :   000;
	31e6  :   000;
	31e7  :   000;
	31e8  :   000;
	31e9  :   000;
	31ea  :   000;
	31eb  :   000;
	31ec  :   000;
	31ed  :   000;
	31ee  :   000;
	31ef  :   000;
	31f0  :   000;
	31f1  :   000;
	31f2  :   000;
	31f3  :   000;
	31f4  :   000;
	31f5  :   000;
	31f6  :   000;
	31f7  :   000;
	31f8  :   000;
	31f9  :   000;
	31fa  :   000;
	31fb  :   000;
	31fc  :   000;
	31fd  :   000;
	31fe  :   000;
	31ff  :   000;
	3200  :   000;
	3201  :   000;
	3202  :   000;
	3203  :   000;
	3204  :   000;
	3205  :   000;
	3206  :   000;
	3207  :   000;
	3208  :   000;
	3209  :   000;
	320a  :   000;
	320b  :   000;
	320c  :   000;
	320d  :   000;
	320e  :   000;
	320f  :   000;
	3210  :   000;
	3211  :   000;
	3212  :   000;
	3213  :   000;
	3214  :   000;
	3215  :   000;
	3216  :   000;
	3217  :   000;
	3218  :   000;
	3219  :   000;
	321a  :   000;
	321b  :   000;
	321c  :   000;
	321d  :   000;
	321e  :   000;
	321f  :   000;
	3220  :   000;
	3221  :   000;
	3222  :   000;
	3223  :   000;
	3224  :   000;
	3225  :   000;
	3226  :   000;
	3227  :   000;
	3228  :   000;
	3229  :   000;
	322a  :   000;
	322b  :   000;
	322c  :   000;
	322d  :   000;
	322e  :   000;
	322f  :   000;
	3230  :   000;
	3231  :   000;
	3232  :   000;
	3233  :   000;
	3234  :   000;
	3235  :   000;
	3236  :   000;
	3237  :   000;
	3238  :   000;
	3239  :   000;
	323a  :   000;
	323b  :   000;
	323c  :   000;
	323d  :   000;
	323e  :   000;
	323f  :   000;
	3240  :   000;
	3241  :   000;
	3242  :   000;
	3243  :   000;
	3244  :   000;
	3245  :   000;
	3246  :   000;
	3247  :   000;
	3248  :   000;
	3249  :   000;
	324a  :   000;
	324b  :   000;
	324c  :   000;
	324d  :   000;
	324e  :   000;
	324f  :   000;
	3250  :   000;
	3251  :   000;
	3252  :   000;
	3253  :   000;
	3254  :   000;
	3255  :   000;
	3256  :   000;
	3257  :   000;
	3258  :   000;
	3259  :   000;
	325a  :   000;
	325b  :   000;
	325c  :   000;
	325d  :   000;
	325e  :   000;
	325f  :   000;
	3260  :   000;
	3261  :   000;
	3262  :   000;
	3263  :   000;
	3264  :   000;
	3265  :   000;
	3266  :   000;
	3267  :   000;
	3268  :   000;
	3269  :   000;
	326a  :   000;
	326b  :   000;
	326c  :   000;
	326d  :   000;
	326e  :   000;
	326f  :   000;
	3270  :   000;
	3271  :   000;
	3272  :   000;
	3273  :   000;
	3274  :   000;
	3275  :   000;
	3276  :   000;
	3277  :   000;
	3278  :   000;
	3279  :   000;
	327a  :   000;
	327b  :   000;
	327c  :   000;
	327d  :   000;
	327e  :   000;
	327f  :   000;
	3280  :   000;
	3281  :   000;
	3282  :   000;
	3283  :   000;
	3284  :   000;
	3285  :   000;
	3286  :   000;
	3287  :   000;
	3288  :   000;
	3289  :   000;
	328a  :   000;
	328b  :   000;
	328c  :   000;
	328d  :   000;
	328e  :   000;
	328f  :   000;
	3290  :   000;
	3291  :   000;
	3292  :   000;
	3293  :   000;
	3294  :   000;
	3295  :   000;
	3296  :   000;
	3297  :   000;
	3298  :   000;
	3299  :   000;
	329a  :   000;
	329b  :   000;
	329c  :   000;
	329d  :   000;
	329e  :   000;
	329f  :   000;
	32a0  :   000;
	32a1  :   000;
	32a2  :   000;
	32a3  :   000;
	32a4  :   000;
	32a5  :   000;
	32a6  :   000;
	32a7  :   000;
	32a8  :   000;
	32a9  :   000;
	32aa  :   000;
	32ab  :   000;
	32ac  :   000;
	32ad  :   000;
	32ae  :   000;
	32af  :   000;
	32b0  :   000;
	32b1  :   000;
	32b2  :   000;
	32b3  :   000;
	32b4  :   000;
	32b5  :   000;
	32b6  :   000;
	32b7  :   000;
	32b8  :   000;
	32b9  :   000;
	32ba  :   000;
	32bb  :   000;
	32bc  :   000;
	32bd  :   000;
	32be  :   000;
	32bf  :   000;
	32c0  :   000;
	32c1  :   000;
	32c2  :   000;
	32c3  :   000;
	32c4  :   000;
	32c5  :   000;
	32c6  :   000;
	32c7  :   000;
	32c8  :   000;
	32c9  :   000;
	32ca  :   000;
	32cb  :   000;
	32cc  :   000;
	32cd  :   000;
	32ce  :   000;
	32cf  :   000;
	32d0  :   000;
	32d1  :   000;
	32d2  :   000;
	32d3  :   000;
	32d4  :   000;
	32d5  :   000;
	32d6  :   000;
	32d7  :   000;
	32d8  :   000;
	32d9  :   000;
	32da  :   000;
	32db  :   000;
	32dc  :   000;
	32dd  :   000;
	32de  :   000;
	32df  :   000;
	32e0  :   000;
	32e1  :   000;
	32e2  :   000;
	32e3  :   000;
	32e4  :   000;
	32e5  :   000;
	32e6  :   000;
	32e7  :   000;
	32e8  :   000;
	32e9  :   000;
	32ea  :   000;
	32eb  :   000;
	32ec  :   000;
	32ed  :   000;
	32ee  :   000;
	32ef  :   000;
	32f0  :   000;
	32f1  :   000;
	32f2  :   000;
	32f3  :   000;
	32f4  :   000;
	32f5  :   000;
	32f6  :   000;
	32f7  :   000;
	32f8  :   000;
	32f9  :   000;
	32fa  :   000;
	32fb  :   000;
	32fc  :   000;
	32fd  :   000;
	32fe  :   000;
	32ff  :   000;
	3300  :   000;
	3301  :   000;
	3302  :   000;
	3303  :   000;
	3304  :   000;
	3305  :   000;
	3306  :   000;
	3307  :   000;
	3308  :   000;
	3309  :   000;
	330a  :   000;
	330b  :   000;
	330c  :   000;
	330d  :   000;
	330e  :   000;
	330f  :   000;
	3310  :   000;
	3311  :   000;
	3312  :   000;
	3313  :   000;
	3314  :   000;
	3315  :   000;
	3316  :   000;
	3317  :   000;
	3318  :   000;
	3319  :   000;
	331a  :   000;
	331b  :   000;
	331c  :   000;
	331d  :   000;
	331e  :   000;
	331f  :   000;
	3320  :   000;
	3321  :   000;
	3322  :   000;
	3323  :   000;
	3324  :   000;
	3325  :   000;
	3326  :   000;
	3327  :   000;
	3328  :   000;
	3329  :   000;
	332a  :   000;
	332b  :   000;
	332c  :   000;
	332d  :   000;
	332e  :   000;
	332f  :   000;
	3330  :   000;
	3331  :   000;
	3332  :   000;
	3333  :   000;
	3334  :   000;
	3335  :   000;
	3336  :   000;
	3337  :   000;
	3338  :   000;
	3339  :   000;
	333a  :   000;
	333b  :   000;
	333c  :   000;
	333d  :   000;
	333e  :   000;
	333f  :   000;
	3340  :   000;
	3341  :   000;
	3342  :   000;
	3343  :   000;
	3344  :   000;
	3345  :   000;
	3346  :   000;
	3347  :   000;
	3348  :   000;
	3349  :   000;
	334a  :   000;
	334b  :   000;
	334c  :   000;
	334d  :   000;
	334e  :   000;
	334f  :   000;
	3350  :   000;
	3351  :   000;
	3352  :   000;
	3353  :   000;
	3354  :   000;
	3355  :   000;
	3356  :   000;
	3357  :   000;
	3358  :   000;
	3359  :   000;
	335a  :   000;
	335b  :   000;
	335c  :   000;
	335d  :   000;
	335e  :   000;
	335f  :   000;
	3360  :   000;
	3361  :   000;
	3362  :   000;
	3363  :   000;
	3364  :   000;
	3365  :   000;
	3366  :   000;
	3367  :   000;
	3368  :   000;
	3369  :   000;
	336a  :   000;
	336b  :   000;
	336c  :   000;
	336d  :   000;
	336e  :   000;
	336f  :   000;
	3370  :   000;
	3371  :   000;
	3372  :   000;
	3373  :   000;
	3374  :   000;
	3375  :   000;
	3376  :   000;
	3377  :   000;
	3378  :   000;
	3379  :   000;
	337a  :   000;
	337b  :   000;
	337c  :   000;
	337d  :   000;
	337e  :   000;
	337f  :   000;
	3380  :   000;
	3381  :   000;
	3382  :   000;
	3383  :   000;
	3384  :   000;
	3385  :   000;
	3386  :   000;
	3387  :   000;
	3388  :   000;
	3389  :   000;
	338a  :   000;
	338b  :   000;
	338c  :   000;
	338d  :   000;
	338e  :   000;
	338f  :   000;
	3390  :   000;
	3391  :   000;
	3392  :   000;
	3393  :   000;
	3394  :   000;
	3395  :   000;
	3396  :   000;
	3397  :   000;
	3398  :   000;
	3399  :   000;
	339a  :   000;
	339b  :   000;
	339c  :   000;
	339d  :   000;
	339e  :   000;
	339f  :   000;
	33a0  :   000;
	33a1  :   000;
	33a2  :   000;
	33a3  :   000;
	33a4  :   000;
	33a5  :   000;
	33a6  :   000;
	33a7  :   000;
	33a8  :   000;
	33a9  :   000;
	33aa  :   000;
	33ab  :   000;
	33ac  :   000;
	33ad  :   000;
	33ae  :   000;
	33af  :   000;
	33b0  :   000;
	33b1  :   000;
	33b2  :   000;
	33b3  :   000;
	33b4  :   000;
	33b5  :   000;
	33b6  :   000;
	33b7  :   000;
	33b8  :   000;
	33b9  :   000;
	33ba  :   000;
	33bb  :   000;
	33bc  :   000;
	33bd  :   000;
	33be  :   000;
	33bf  :   000;
	33c0  :   000;
	33c1  :   000;
	33c2  :   000;
	33c3  :   000;
	33c4  :   000;
	33c5  :   000;
	33c6  :   000;
	33c7  :   000;
	33c8  :   000;
	33c9  :   000;
	33ca  :   000;
	33cb  :   000;
	33cc  :   000;
	33cd  :   000;
	33ce  :   000;
	33cf  :   000;
	33d0  :   000;
	33d1  :   000;
	33d2  :   000;
	33d3  :   000;
	33d4  :   000;
	33d5  :   000;
	33d6  :   000;
	33d7  :   000;
	33d8  :   000;
	33d9  :   000;
	33da  :   000;
	33db  :   000;
	33dc  :   000;
	33dd  :   000;
	33de  :   000;
	33df  :   000;
	33e0  :   000;
	33e1  :   000;
	33e2  :   000;
	33e3  :   000;
	33e4  :   000;
	33e5  :   000;
	33e6  :   000;
	33e7  :   000;
	33e8  :   000;
	33e9  :   000;
	33ea  :   000;
	33eb  :   000;
	33ec  :   000;
	33ed  :   000;
	33ee  :   000;
	33ef  :   000;
	33f0  :   000;
	33f1  :   000;
	33f2  :   000;
	33f3  :   000;
	33f4  :   000;
	33f5  :   000;
	33f6  :   000;
	33f7  :   000;
	33f8  :   000;
	33f9  :   000;
	33fa  :   000;
	33fb  :   000;
	33fc  :   000;
	33fd  :   000;
	33fe  :   000;
	33ff  :   000;
	3400  :   000;
	3401  :   000;
	3402  :   000;
	3403  :   000;
	3404  :   000;
	3405  :   000;
	3406  :   000;
	3407  :   000;
	3408  :   000;
	3409  :   000;
	340a  :   000;
	340b  :   000;
	340c  :   000;
	340d  :   000;
	340e  :   000;
	340f  :   000;
	3410  :   000;
	3411  :   000;
	3412  :   000;
	3413  :   000;
	3414  :   000;
	3415  :   000;
	3416  :   000;
	3417  :   000;
	3418  :   000;
	3419  :   000;
	341a  :   000;
	341b  :   000;
	341c  :   000;
	341d  :   000;
	341e  :   000;
	341f  :   000;
	3420  :   000;
	3421  :   000;
	3422  :   000;
	3423  :   000;
	3424  :   000;
	3425  :   000;
	3426  :   000;
	3427  :   000;
	3428  :   000;
	3429  :   000;
	342a  :   000;
	342b  :   000;
	342c  :   000;
	342d  :   000;
	342e  :   000;
	342f  :   000;
	3430  :   000;
	3431  :   000;
	3432  :   000;
	3433  :   000;
	3434  :   000;
	3435  :   000;
	3436  :   000;
	3437  :   000;
	3438  :   000;
	3439  :   000;
	343a  :   000;
	343b  :   000;
	343c  :   000;
	343d  :   000;
	343e  :   000;
	343f  :   000;
	3440  :   000;
	3441  :   000;
	3442  :   000;
	3443  :   000;
	3444  :   000;
	3445  :   000;
	3446  :   000;
	3447  :   000;
	3448  :   000;
	3449  :   000;
	344a  :   000;
	344b  :   000;
	344c  :   000;
	344d  :   000;
	344e  :   000;
	344f  :   000;
	3450  :   000;
	3451  :   000;
	3452  :   000;
	3453  :   000;
	3454  :   000;
	3455  :   000;
	3456  :   000;
	3457  :   000;
	3458  :   000;
	3459  :   000;
	345a  :   000;
	345b  :   000;
	345c  :   000;
	345d  :   000;
	345e  :   000;
	345f  :   000;
	3460  :   000;
	3461  :   000;
	3462  :   000;
	3463  :   000;
	3464  :   000;
	3465  :   000;
	3466  :   000;
	3467  :   000;
	3468  :   000;
	3469  :   000;
	346a  :   000;
	346b  :   000;
	346c  :   000;
	346d  :   000;
	346e  :   000;
	346f  :   000;
	3470  :   000;
	3471  :   000;
	3472  :   000;
	3473  :   000;
	3474  :   000;
	3475  :   000;
	3476  :   000;
	3477  :   000;
	3478  :   000;
	3479  :   000;
	347a  :   000;
	347b  :   000;
	347c  :   000;
	347d  :   000;
	347e  :   000;
	347f  :   000;
	3480  :   000;
	3481  :   000;
	3482  :   000;
	3483  :   000;
	3484  :   000;
	3485  :   000;
	3486  :   000;
	3487  :   000;
	3488  :   000;
	3489  :   000;
	348a  :   000;
	348b  :   000;
	348c  :   000;
	348d  :   000;
	348e  :   000;
	348f  :   000;
	3490  :   000;
	3491  :   000;
	3492  :   000;
	3493  :   000;
	3494  :   000;
	3495  :   000;
	3496  :   000;
	3497  :   000;
	3498  :   000;
	3499  :   000;
	349a  :   000;
	349b  :   000;
	349c  :   000;
	349d  :   000;
	349e  :   000;
	349f  :   000;
	34a0  :   000;
	34a1  :   000;
	34a2  :   000;
	34a3  :   000;
	34a4  :   000;
	34a5  :   000;
	34a6  :   000;
	34a7  :   000;
	34a8  :   000;
	34a9  :   000;
	34aa  :   000;
	34ab  :   000;
	34ac  :   000;
	34ad  :   000;
	34ae  :   000;
	34af  :   000;
	34b0  :   000;
	34b1  :   000;
	34b2  :   000;
	34b3  :   000;
	34b4  :   000;
	34b5  :   000;
	34b6  :   000;
	34b7  :   000;
	34b8  :   000;
	34b9  :   000;
	34ba  :   000;
	34bb  :   000;
	34bc  :   000;
	34bd  :   000;
	34be  :   000;
	34bf  :   000;
	34c0  :   000;
	34c1  :   000;
	34c2  :   000;
	34c3  :   000;
	34c4  :   000;
	34c5  :   000;
	34c6  :   000;
	34c7  :   000;
	34c8  :   000;
	34c9  :   000;
	34ca  :   000;
	34cb  :   000;
	34cc  :   000;
	34cd  :   000;
	34ce  :   000;
	34cf  :   000;
	34d0  :   000;
	34d1  :   000;
	34d2  :   000;
	34d3  :   000;
	34d4  :   000;
	34d5  :   000;
	34d6  :   000;
	34d7  :   000;
	34d8  :   000;
	34d9  :   000;
	34da  :   000;
	34db  :   000;
	34dc  :   000;
	34dd  :   000;
	34de  :   000;
	34df  :   000;
	34e0  :   000;
	34e1  :   000;
	34e2  :   000;
	34e3  :   000;
	34e4  :   000;
	34e5  :   000;
	34e6  :   000;
	34e7  :   000;
	34e8  :   000;
	34e9  :   000;
	34ea  :   000;
	34eb  :   000;
	34ec  :   000;
	34ed  :   000;
	34ee  :   000;
	34ef  :   000;
	34f0  :   000;
	34f1  :   000;
	34f2  :   000;
	34f3  :   000;
	34f4  :   000;
	34f5  :   000;
	34f6  :   000;
	34f7  :   000;
	34f8  :   000;
	34f9  :   000;
	34fa  :   000;
	34fb  :   000;
	34fc  :   000;
	34fd  :   000;
	34fe  :   000;
	34ff  :   000;
	3500  :   000;
	3501  :   000;
	3502  :   000;
	3503  :   000;
	3504  :   000;
	3505  :   000;
	3506  :   000;
	3507  :   000;
	3508  :   000;
	3509  :   000;
	350a  :   000;
	350b  :   000;
	350c  :   000;
	350d  :   000;
	350e  :   000;
	350f  :   000;
	3510  :   000;
	3511  :   000;
	3512  :   000;
	3513  :   000;
	3514  :   000;
	3515  :   000;
	3516  :   000;
	3517  :   000;
	3518  :   000;
	3519  :   000;
	351a  :   000;
	351b  :   000;
	351c  :   000;
	351d  :   000;
	351e  :   000;
	351f  :   000;
	3520  :   000;
	3521  :   000;
	3522  :   000;
	3523  :   000;
	3524  :   000;
	3525  :   000;
	3526  :   000;
	3527  :   000;
	3528  :   000;
	3529  :   000;
	352a  :   000;
	352b  :   000;
	352c  :   000;
	352d  :   000;
	352e  :   000;
	352f  :   000;
	3530  :   000;
	3531  :   000;
	3532  :   000;
	3533  :   000;
	3534  :   000;
	3535  :   000;
	3536  :   000;
	3537  :   000;
	3538  :   000;
	3539  :   000;
	353a  :   000;
	353b  :   000;
	353c  :   000;
	353d  :   000;
	353e  :   000;
	353f  :   000;
	3540  :   000;
	3541  :   000;
	3542  :   000;
	3543  :   000;
	3544  :   000;
	3545  :   000;
	3546  :   000;
	3547  :   000;
	3548  :   000;
	3549  :   000;
	354a  :   000;
	354b  :   000;
	354c  :   000;
	354d  :   000;
	354e  :   000;
	354f  :   000;
	3550  :   000;
	3551  :   000;
	3552  :   000;
	3553  :   000;
	3554  :   000;
	3555  :   000;
	3556  :   000;
	3557  :   000;
	3558  :   000;
	3559  :   000;
	355a  :   000;
	355b  :   000;
	355c  :   000;
	355d  :   000;
	355e  :   000;
	355f  :   000;
	3560  :   000;
	3561  :   000;
	3562  :   000;
	3563  :   000;
	3564  :   000;
	3565  :   000;
	3566  :   000;
	3567  :   000;
	3568  :   000;
	3569  :   000;
	356a  :   000;
	356b  :   000;
	356c  :   000;
	356d  :   000;
	356e  :   000;
	356f  :   000;
	3570  :   000;
	3571  :   000;
	3572  :   000;
	3573  :   000;
	3574  :   000;
	3575  :   000;
	3576  :   000;
	3577  :   000;
	3578  :   000;
	3579  :   000;
	357a  :   000;
	357b  :   000;
	357c  :   000;
	357d  :   000;
	357e  :   000;
	357f  :   000;
	3580  :   000;
	3581  :   000;
	3582  :   000;
	3583  :   000;
	3584  :   000;
	3585  :   000;
	3586  :   000;
	3587  :   000;
	3588  :   000;
	3589  :   000;
	358a  :   000;
	358b  :   000;
	358c  :   000;
	358d  :   000;
	358e  :   000;
	358f  :   000;
	3590  :   000;
	3591  :   000;
	3592  :   000;
	3593  :   000;
	3594  :   000;
	3595  :   000;
	3596  :   000;
	3597  :   000;
	3598  :   000;
	3599  :   000;
	359a  :   000;
	359b  :   000;
	359c  :   000;
	359d  :   000;
	359e  :   000;
	359f  :   000;
	35a0  :   000;
	35a1  :   000;
	35a2  :   000;
	35a3  :   000;
	35a4  :   000;
	35a5  :   000;
	35a6  :   000;
	35a7  :   000;
	35a8  :   000;
	35a9  :   000;
	35aa  :   000;
	35ab  :   000;
	35ac  :   000;
	35ad  :   000;
	35ae  :   000;
	35af  :   000;
	35b0  :   000;
	35b1  :   000;
	35b2  :   000;
	35b3  :   000;
	35b4  :   000;
	35b5  :   000;
	35b6  :   000;
	35b7  :   000;
	35b8  :   000;
	35b9  :   000;
	35ba  :   000;
	35bb  :   000;
	35bc  :   000;
	35bd  :   000;
	35be  :   000;
	35bf  :   000;
	35c0  :   000;
	35c1  :   000;
	35c2  :   000;
	35c3  :   000;
	35c4  :   000;
	35c5  :   000;
	35c6  :   000;
	35c7  :   000;
	35c8  :   000;
	35c9  :   000;
	35ca  :   000;
	35cb  :   000;
	35cc  :   000;
	35cd  :   000;
	35ce  :   000;
	35cf  :   000;
	35d0  :   000;
	35d1  :   000;
	35d2  :   000;
	35d3  :   000;
	35d4  :   000;
	35d5  :   000;
	35d6  :   000;
	35d7  :   000;
	35d8  :   000;
	35d9  :   000;
	35da  :   000;
	35db  :   000;
	35dc  :   000;
	35dd  :   000;
	35de  :   000;
	35df  :   000;
	35e0  :   000;
	35e1  :   000;
	35e2  :   000;
	35e3  :   000;
	35e4  :   000;
	35e5  :   000;
	35e6  :   000;
	35e7  :   000;
	35e8  :   000;
	35e9  :   000;
	35ea  :   000;
	35eb  :   000;
	35ec  :   000;
	35ed  :   000;
	35ee  :   000;
	35ef  :   000;
	35f0  :   000;
	35f1  :   000;
	35f2  :   000;
	35f3  :   000;
	35f4  :   000;
	35f5  :   000;
	35f6  :   000;
	35f7  :   000;
	35f8  :   000;
	35f9  :   000;
	35fa  :   000;
	35fb  :   000;
	35fc  :   000;
	35fd  :   000;
	35fe  :   000;
	35ff  :   000;
	3600  :   000;
	3601  :   000;
	3602  :   000;
	3603  :   000;
	3604  :   000;
	3605  :   000;
	3606  :   000;
	3607  :   000;
	3608  :   000;
	3609  :   000;
	360a  :   000;
	360b  :   000;
	360c  :   000;
	360d  :   000;
	360e  :   000;
	360f  :   000;
	3610  :   000;
	3611  :   000;
	3612  :   000;
	3613  :   000;
	3614  :   000;
	3615  :   000;
	3616  :   000;
	3617  :   000;
	3618  :   000;
	3619  :   000;
	361a  :   000;
	361b  :   000;
	361c  :   000;
	361d  :   000;
	361e  :   000;
	361f  :   000;
	3620  :   000;
	3621  :   000;
	3622  :   000;
	3623  :   000;
	3624  :   000;
	3625  :   000;
	3626  :   000;
	3627  :   000;
	3628  :   000;
	3629  :   000;
	362a  :   000;
	362b  :   000;
	362c  :   000;
	362d  :   000;
	362e  :   000;
	362f  :   000;
	3630  :   000;
	3631  :   000;
	3632  :   000;
	3633  :   000;
	3634  :   000;
	3635  :   000;
	3636  :   000;
	3637  :   000;
	3638  :   000;
	3639  :   000;
	363a  :   000;
	363b  :   000;
	363c  :   000;
	363d  :   000;
	363e  :   000;
	363f  :   000;
	3640  :   000;
	3641  :   000;
	3642  :   000;
	3643  :   000;
	3644  :   000;
	3645  :   000;
	3646  :   000;
	3647  :   000;
	3648  :   000;
	3649  :   000;
	364a  :   000;
	364b  :   000;
	364c  :   000;
	364d  :   000;
	364e  :   000;
	364f  :   000;
	3650  :   000;
	3651  :   000;
	3652  :   000;
	3653  :   000;
	3654  :   000;
	3655  :   000;
	3656  :   000;
	3657  :   000;
	3658  :   000;
	3659  :   000;
	365a  :   000;
	365b  :   000;
	365c  :   000;
	365d  :   000;
	365e  :   000;
	365f  :   000;
	3660  :   000;
	3661  :   000;
	3662  :   000;
	3663  :   000;
	3664  :   000;
	3665  :   000;
	3666  :   000;
	3667  :   000;
	3668  :   000;
	3669  :   000;
	366a  :   000;
	366b  :   000;
	366c  :   000;
	366d  :   000;
	366e  :   000;
	366f  :   000;
	3670  :   000;
	3671  :   000;
	3672  :   000;
	3673  :   000;
	3674  :   000;
	3675  :   000;
	3676  :   000;
	3677  :   000;
	3678  :   000;
	3679  :   000;
	367a  :   000;
	367b  :   000;
	367c  :   000;
	367d  :   000;
	367e  :   000;
	367f  :   000;
	3680  :   000;
	3681  :   000;
	3682  :   000;
	3683  :   000;
	3684  :   000;
	3685  :   000;
	3686  :   000;
	3687  :   000;
	3688  :   000;
	3689  :   000;
	368a  :   000;
	368b  :   000;
	368c  :   000;
	368d  :   000;
	368e  :   000;
	368f  :   000;
	3690  :   000;
	3691  :   000;
	3692  :   000;
	3693  :   000;
	3694  :   000;
	3695  :   000;
	3696  :   000;
	3697  :   000;
	3698  :   000;
	3699  :   000;
	369a  :   000;
	369b  :   000;
	369c  :   000;
	369d  :   000;
	369e  :   000;
	369f  :   000;
	36a0  :   000;
	36a1  :   000;
	36a2  :   000;
	36a3  :   000;
	36a4  :   000;
	36a5  :   000;
	36a6  :   000;
	36a7  :   000;
	36a8  :   000;
	36a9  :   000;
	36aa  :   000;
	36ab  :   000;
	36ac  :   000;
	36ad  :   000;
	36ae  :   000;
	36af  :   000;
	36b0  :   000;
	36b1  :   000;
	36b2  :   000;
	36b3  :   000;
	36b4  :   000;
	36b5  :   000;
	36b6  :   000;
	36b7  :   000;
	36b8  :   000;
	36b9  :   000;
	36ba  :   000;
	36bb  :   000;
	36bc  :   000;
	36bd  :   000;
	36be  :   000;
	36bf  :   000;
	36c0  :   000;
	36c1  :   000;
	36c2  :   000;
	36c3  :   000;
	36c4  :   000;
	36c5  :   000;
	36c6  :   000;
	36c7  :   000;
	36c8  :   000;
	36c9  :   000;
	36ca  :   000;
	36cb  :   000;
	36cc  :   000;
	36cd  :   000;
	36ce  :   000;
	36cf  :   000;
	36d0  :   000;
	36d1  :   000;
	36d2  :   000;
	36d3  :   000;
	36d4  :   000;
	36d5  :   000;
	36d6  :   000;
	36d7  :   000;
	36d8  :   000;
	36d9  :   000;
	36da  :   000;
	36db  :   000;
	36dc  :   000;
	36dd  :   000;
	36de  :   000;
	36df  :   000;
	36e0  :   000;
	36e1  :   000;
	36e2  :   000;
	36e3  :   000;
	36e4  :   000;
	36e5  :   000;
	36e6  :   000;
	36e7  :   000;
	36e8  :   000;
	36e9  :   000;
	36ea  :   000;
	36eb  :   000;
	36ec  :   000;
	36ed  :   000;
	36ee  :   000;
	36ef  :   000;
	36f0  :   000;
	36f1  :   000;
	36f2  :   000;
	36f3  :   000;
	36f4  :   000;
	36f5  :   000;
	36f6  :   000;
	36f7  :   000;
	36f8  :   000;
	36f9  :   000;
	36fa  :   000;
	36fb  :   000;
	36fc  :   000;
	36fd  :   000;
	36fe  :   000;
	36ff  :   000;
	3700  :   000;
	3701  :   000;
	3702  :   000;
	3703  :   000;
	3704  :   000;
	3705  :   000;
	3706  :   000;
	3707  :   000;
	3708  :   000;
	3709  :   000;
	370a  :   000;
	370b  :   000;
	370c  :   000;
	370d  :   000;
	370e  :   000;
	370f  :   000;
	3710  :   000;
	3711  :   000;
	3712  :   000;
	3713  :   000;
	3714  :   000;
	3715  :   000;
	3716  :   000;
	3717  :   000;
	3718  :   000;
	3719  :   000;
	371a  :   000;
	371b  :   000;
	371c  :   000;
	371d  :   000;
	371e  :   000;
	371f  :   000;
	3720  :   000;
	3721  :   000;
	3722  :   000;
	3723  :   000;
	3724  :   000;
	3725  :   000;
	3726  :   000;
	3727  :   000;
	3728  :   000;
	3729  :   000;
	372a  :   000;
	372b  :   000;
	372c  :   000;
	372d  :   000;
	372e  :   000;
	372f  :   000;
	3730  :   000;
	3731  :   000;
	3732  :   000;
	3733  :   000;
	3734  :   000;
	3735  :   000;
	3736  :   000;
	3737  :   000;
	3738  :   000;
	3739  :   000;
	373a  :   000;
	373b  :   000;
	373c  :   000;
	373d  :   000;
	373e  :   000;
	373f  :   000;
	3740  :   000;
	3741  :   000;
	3742  :   000;
	3743  :   000;
	3744  :   000;
	3745  :   000;
	3746  :   000;
	3747  :   000;
	3748  :   000;
	3749  :   000;
	374a  :   000;
	374b  :   000;
	374c  :   000;
	374d  :   000;
	374e  :   000;
	374f  :   000;
	3750  :   000;
	3751  :   000;
	3752  :   000;
	3753  :   000;
	3754  :   000;
	3755  :   000;
	3756  :   000;
	3757  :   000;
	3758  :   000;
	3759  :   000;
	375a  :   000;
	375b  :   000;
	375c  :   000;
	375d  :   000;
	375e  :   000;
	375f  :   000;
	3760  :   000;
	3761  :   000;
	3762  :   000;
	3763  :   000;
	3764  :   000;
	3765  :   000;
	3766  :   000;
	3767  :   000;
	3768  :   000;
	3769  :   000;
	376a  :   000;
	376b  :   000;
	376c  :   000;
	376d  :   000;
	376e  :   000;
	376f  :   000;
	3770  :   000;
	3771  :   000;
	3772  :   000;
	3773  :   000;
	3774  :   000;
	3775  :   000;
	3776  :   000;
	3777  :   000;
	3778  :   000;
	3779  :   000;
	377a  :   000;
	377b  :   000;
	377c  :   000;
	377d  :   000;
	377e  :   000;
	377f  :   000;
	3780  :   000;
	3781  :   000;
	3782  :   000;
	3783  :   000;
	3784  :   000;
	3785  :   000;
	3786  :   000;
	3787  :   000;
	3788  :   000;
	3789  :   000;
	378a  :   000;
	378b  :   000;
	378c  :   000;
	378d  :   000;
	378e  :   000;
	378f  :   000;
	3790  :   000;
	3791  :   000;
	3792  :   000;
	3793  :   000;
	3794  :   000;
	3795  :   000;
	3796  :   000;
	3797  :   000;
	3798  :   000;
	3799  :   000;
	379a  :   000;
	379b  :   000;
	379c  :   000;
	379d  :   000;
	379e  :   000;
	379f  :   000;
	37a0  :   000;
	37a1  :   000;
	37a2  :   000;
	37a3  :   000;
	37a4  :   000;
	37a5  :   000;
	37a6  :   000;
	37a7  :   000;
	37a8  :   000;
	37a9  :   000;
	37aa  :   000;
	37ab  :   000;
	37ac  :   000;
	37ad  :   000;
	37ae  :   000;
	37af  :   000;
	37b0  :   000;
	37b1  :   000;
	37b2  :   000;
	37b3  :   000;
	37b4  :   000;
	37b5  :   000;
	37b6  :   000;
	37b7  :   000;
	37b8  :   000;
	37b9  :   000;
	37ba  :   000;
	37bb  :   000;
	37bc  :   000;
	37bd  :   000;
	37be  :   000;
	37bf  :   000;
	37c0  :   000;
	37c1  :   000;
	37c2  :   000;
	37c3  :   000;
	37c4  :   000;
	37c5  :   000;
	37c6  :   000;
	37c7  :   000;
	37c8  :   000;
	37c9  :   000;
	37ca  :   000;
	37cb  :   000;
	37cc  :   000;
	37cd  :   000;
	37ce  :   000;
	37cf  :   000;
	37d0  :   000;
	37d1  :   000;
	37d2  :   000;
	37d3  :   000;
	37d4  :   000;
	37d5  :   000;
	37d6  :   000;
	37d7  :   000;
	37d8  :   000;
	37d9  :   000;
	37da  :   000;
	37db  :   000;
	37dc  :   000;
	37dd  :   000;
	37de  :   000;
	37df  :   000;
	37e0  :   000;
	37e1  :   000;
	37e2  :   000;
	37e3  :   000;
	37e4  :   000;
	37e5  :   000;
	37e6  :   000;
	37e7  :   000;
	37e8  :   000;
	37e9  :   000;
	37ea  :   000;
	37eb  :   000;
	37ec  :   000;
	37ed  :   000;
	37ee  :   000;
	37ef  :   000;
	37f0  :   000;
	37f1  :   000;
	37f2  :   000;
	37f3  :   000;
	37f4  :   000;
	37f5  :   000;
	37f6  :   000;
	37f7  :   000;
	37f8  :   000;
	37f9  :   000;
	37fa  :   000;
	37fb  :   000;
	37fc  :   000;
	37fd  :   000;
	37fe  :   000;
	37ff  :   000;
	3800  :   000;
	3801  :   000;
	3802  :   000;
	3803  :   000;
	3804  :   000;
	3805  :   000;
	3806  :   000;
	3807  :   000;
	3808  :   000;
	3809  :   000;
	380a  :   000;
	380b  :   000;
	380c  :   000;
	380d  :   000;
	380e  :   000;
	380f  :   000;
	3810  :   000;
	3811  :   000;
	3812  :   000;
	3813  :   000;
	3814  :   000;
	3815  :   000;
	3816  :   000;
	3817  :   000;
	3818  :   000;
	3819  :   000;
	381a  :   000;
	381b  :   000;
	381c  :   000;
	381d  :   000;
	381e  :   000;
	381f  :   000;
	3820  :   000;
	3821  :   000;
	3822  :   000;
	3823  :   000;
	3824  :   000;
	3825  :   000;
	3826  :   000;
	3827  :   000;
	3828  :   000;
	3829  :   000;
	382a  :   000;
	382b  :   000;
	382c  :   000;
	382d  :   000;
	382e  :   000;
	382f  :   000;
	3830  :   000;
	3831  :   000;
	3832  :   000;
	3833  :   000;
	3834  :   000;
	3835  :   000;
	3836  :   000;
	3837  :   000;
	3838  :   000;
	3839  :   000;
	383a  :   000;
	383b  :   000;
	383c  :   000;
	383d  :   000;
	383e  :   000;
	383f  :   000;
	3840  :   000;
	3841  :   000;
	3842  :   000;
	3843  :   000;
	3844  :   000;
	3845  :   000;
	3846  :   000;
	3847  :   000;
	3848  :   000;
	3849  :   000;
	384a  :   000;
	384b  :   000;
	384c  :   000;
	384d  :   000;
	384e  :   000;
	384f  :   000;
	3850  :   000;
	3851  :   000;
	3852  :   000;
	3853  :   000;
	3854  :   000;
	3855  :   000;
	3856  :   000;
	3857  :   000;
	3858  :   000;
	3859  :   000;
	385a  :   000;
	385b  :   000;
	385c  :   000;
	385d  :   000;
	385e  :   000;
	385f  :   000;
	3860  :   000;
	3861  :   000;
	3862  :   000;
	3863  :   000;
	3864  :   000;
	3865  :   000;
	3866  :   000;
	3867  :   000;
	3868  :   000;
	3869  :   000;
	386a  :   000;
	386b  :   000;
	386c  :   000;
	386d  :   000;
	386e  :   000;
	386f  :   000;
	3870  :   000;
	3871  :   000;
	3872  :   000;
	3873  :   000;
	3874  :   000;
	3875  :   000;
	3876  :   000;
	3877  :   000;
	3878  :   000;
	3879  :   000;
	387a  :   000;
	387b  :   000;
	387c  :   000;
	387d  :   000;
	387e  :   000;
	387f  :   000;
	3880  :   000;
	3881  :   000;
	3882  :   000;
	3883  :   000;
	3884  :   000;
	3885  :   000;
	3886  :   000;
	3887  :   000;
	3888  :   000;
	3889  :   000;
	388a  :   000;
	388b  :   000;
	388c  :   000;
	388d  :   000;
	388e  :   000;
	388f  :   000;
	3890  :   000;
	3891  :   000;
	3892  :   000;
	3893  :   000;
	3894  :   000;
	3895  :   000;
	3896  :   000;
	3897  :   000;
	3898  :   000;
	3899  :   000;
	389a  :   000;
	389b  :   000;
	389c  :   000;
	389d  :   000;
	389e  :   000;
	389f  :   000;
	38a0  :   000;
	38a1  :   000;
	38a2  :   000;
	38a3  :   000;
	38a4  :   000;
	38a5  :   000;
	38a6  :   000;
	38a7  :   000;
	38a8  :   000;
	38a9  :   000;
	38aa  :   000;
	38ab  :   000;
	38ac  :   000;
	38ad  :   000;
	38ae  :   000;
	38af  :   000;
	38b0  :   000;
	38b1  :   000;
	38b2  :   000;
	38b3  :   000;
	38b4  :   000;
	38b5  :   000;
	38b6  :   000;
	38b7  :   000;
	38b8  :   000;
	38b9  :   000;
	38ba  :   000;
	38bb  :   000;
	38bc  :   000;
	38bd  :   000;
	38be  :   000;
	38bf  :   000;
	38c0  :   000;
	38c1  :   000;
	38c2  :   000;
	38c3  :   000;
	38c4  :   000;
	38c5  :   000;
	38c6  :   000;
	38c7  :   000;
	38c8  :   000;
	38c9  :   000;
	38ca  :   000;
	38cb  :   000;
	38cc  :   000;
	38cd  :   000;
	38ce  :   000;
	38cf  :   000;
	38d0  :   000;
	38d1  :   000;
	38d2  :   000;
	38d3  :   000;
	38d4  :   000;
	38d5  :   000;
	38d6  :   000;
	38d7  :   000;
	38d8  :   000;
	38d9  :   000;
	38da  :   000;
	38db  :   000;
	38dc  :   000;
	38dd  :   000;
	38de  :   000;
	38df  :   000;
	38e0  :   000;
	38e1  :   000;
	38e2  :   000;
	38e3  :   000;
	38e4  :   000;
	38e5  :   000;
	38e6  :   000;
	38e7  :   000;
	38e8  :   000;
	38e9  :   000;
	38ea  :   000;
	38eb  :   000;
	38ec  :   000;
	38ed  :   000;
	38ee  :   000;
	38ef  :   000;
	38f0  :   000;
	38f1  :   000;
	38f2  :   000;
	38f3  :   000;
	38f4  :   000;
	38f5  :   000;
	38f6  :   000;
	38f7  :   000;
	38f8  :   000;
	38f9  :   000;
	38fa  :   000;
	38fb  :   000;
	38fc  :   000;
	38fd  :   000;
	38fe  :   000;
	38ff  :   000;
	3900  :   000;
	3901  :   000;
	3902  :   000;
	3903  :   000;
	3904  :   000;
	3905  :   000;
	3906  :   000;
	3907  :   000;
	3908  :   000;
	3909  :   000;
	390a  :   000;
	390b  :   000;
	390c  :   000;
	390d  :   000;
	390e  :   000;
	390f  :   000;
	3910  :   000;
	3911  :   000;
	3912  :   000;
	3913  :   000;
	3914  :   000;
	3915  :   000;
	3916  :   000;
	3917  :   000;
	3918  :   000;
	3919  :   000;
	391a  :   000;
	391b  :   000;
	391c  :   000;
	391d  :   000;
	391e  :   000;
	391f  :   000;
	3920  :   000;
	3921  :   000;
	3922  :   000;
	3923  :   000;
	3924  :   000;
	3925  :   000;
	3926  :   000;
	3927  :   000;
	3928  :   000;
	3929  :   000;
	392a  :   000;
	392b  :   000;
	392c  :   000;
	392d  :   000;
	392e  :   000;
	392f  :   000;
	3930  :   000;
	3931  :   000;
	3932  :   000;
	3933  :   000;
	3934  :   000;
	3935  :   000;
	3936  :   000;
	3937  :   000;
	3938  :   000;
	3939  :   000;
	393a  :   000;
	393b  :   000;
	393c  :   000;
	393d  :   000;
	393e  :   000;
	393f  :   000;
	3940  :   000;
	3941  :   000;
	3942  :   000;
	3943  :   000;
	3944  :   000;
	3945  :   000;
	3946  :   000;
	3947  :   000;
	3948  :   000;
	3949  :   000;
	394a  :   000;
	394b  :   000;
	394c  :   000;
	394d  :   000;
	394e  :   000;
	394f  :   000;
	3950  :   000;
	3951  :   000;
	3952  :   000;
	3953  :   000;
	3954  :   000;
	3955  :   000;
	3956  :   000;
	3957  :   000;
	3958  :   000;
	3959  :   000;
	395a  :   000;
	395b  :   000;
	395c  :   000;
	395d  :   000;
	395e  :   000;
	395f  :   000;
	3960  :   000;
	3961  :   000;
	3962  :   000;
	3963  :   000;
	3964  :   000;
	3965  :   000;
	3966  :   000;
	3967  :   000;
	3968  :   000;
	3969  :   000;
	396a  :   000;
	396b  :   000;
	396c  :   000;
	396d  :   000;
	396e  :   000;
	396f  :   000;
	3970  :   000;
	3971  :   000;
	3972  :   000;
	3973  :   000;
	3974  :   000;
	3975  :   000;
	3976  :   000;
	3977  :   000;
	3978  :   000;
	3979  :   000;
	397a  :   000;
	397b  :   000;
	397c  :   000;
	397d  :   000;
	397e  :   000;
	397f  :   000;
	3980  :   000;
	3981  :   000;
	3982  :   000;
	3983  :   000;
	3984  :   000;
	3985  :   000;
	3986  :   000;
	3987  :   000;
	3988  :   000;
	3989  :   000;
	398a  :   000;
	398b  :   000;
	398c  :   000;
	398d  :   000;
	398e  :   000;
	398f  :   000;
	3990  :   000;
	3991  :   000;
	3992  :   000;
	3993  :   000;
	3994  :   000;
	3995  :   000;
	3996  :   000;
	3997  :   000;
	3998  :   000;
	3999  :   000;
	399a  :   000;
	399b  :   000;
	399c  :   000;
	399d  :   000;
	399e  :   000;
	399f  :   000;
	39a0  :   000;
	39a1  :   000;
	39a2  :   000;
	39a3  :   000;
	39a4  :   000;
	39a5  :   000;
	39a6  :   000;
	39a7  :   000;
	39a8  :   000;
	39a9  :   000;
	39aa  :   000;
	39ab  :   000;
	39ac  :   000;
	39ad  :   000;
	39ae  :   000;
	39af  :   000;
	39b0  :   000;
	39b1  :   000;
	39b2  :   000;
	39b3  :   000;
	39b4  :   000;
	39b5  :   000;
	39b6  :   000;
	39b7  :   000;
	39b8  :   000;
	39b9  :   000;
	39ba  :   000;
	39bb  :   000;
	39bc  :   000;
	39bd  :   000;
	39be  :   000;
	39bf  :   000;
	39c0  :   000;
	39c1  :   000;
	39c2  :   000;
	39c3  :   000;
	39c4  :   000;
	39c5  :   000;
	39c6  :   000;
	39c7  :   000;
	39c8  :   000;
	39c9  :   000;
	39ca  :   000;
	39cb  :   000;
	39cc  :   000;
	39cd  :   000;
	39ce  :   000;
	39cf  :   000;
	39d0  :   000;
	39d1  :   000;
	39d2  :   000;
	39d3  :   000;
	39d4  :   000;
	39d5  :   000;
	39d6  :   000;
	39d7  :   000;
	39d8  :   000;
	39d9  :   000;
	39da  :   000;
	39db  :   000;
	39dc  :   000;
	39dd  :   000;
	39de  :   000;
	39df  :   000;
	39e0  :   000;
	39e1  :   000;
	39e2  :   000;
	39e3  :   000;
	39e4  :   000;
	39e5  :   000;
	39e6  :   000;
	39e7  :   000;
	39e8  :   000;
	39e9  :   000;
	39ea  :   000;
	39eb  :   000;
	39ec  :   000;
	39ed  :   000;
	39ee  :   000;
	39ef  :   000;
	39f0  :   000;
	39f1  :   000;
	39f2  :   000;
	39f3  :   000;
	39f4  :   000;
	39f5  :   000;
	39f6  :   000;
	39f7  :   000;
	39f8  :   000;
	39f9  :   000;
	39fa  :   000;
	39fb  :   000;
	39fc  :   000;
	39fd  :   000;
	39fe  :   000;
	39ff  :   000;
	3a00  :   000;
	3a01  :   111;
	3a02  :   111;
	3a03  :   111;
	3a04  :   111;
	3a05  :   111;
	3a06  :   111;
	3a07  :   000;
	3a08  :   000;
	3a09  :   000;
	3a0a  :   000;
	3a0b  :   000;
	3a0c  :   111;
	3a0d  :   111;
	3a0e  :   111;
	3a0f  :   111;
	3a10  :   000;
	3a11  :   000;
	3a12  :   000;
	3a13  :   000;
	3a14  :   000;
	3a15  :   000;
	3a16  :   000;
	3a17  :   000;
	3a18  :   000;
	3a19  :   000;
	3a1a  :   000;
	3a1b  :   000;
	3a1c  :   111;
	3a1d  :   111;
	3a1e  :   111;
	3a1f  :   111;
	3a20  :   000;
	3a21  :   000;
	3a22  :   000;
	3a23  :   000;
	3a24  :   000;
	3a25  :   000;
	3a26  :   000;
	3a27  :   000;
	3a28  :   000;
	3a29  :   111;
	3a2a  :   111;
	3a2b  :   111;
	3a2c  :   111;
	3a2d  :   111;
	3a2e  :   111;
	3a2f  :   000;
	3a30  :   000;
	3a31  :   000;
	3a32  :   000;
	3a33  :   000;
	3a34  :   000;
	3a35  :   000;
	3a36  :   111;
	3a37  :   111;
	3a38  :   111;
	3a39  :   111;
	3a3a  :   111;
	3a3b  :   111;
	3a3c  :   000;
	3a3d  :   000;
	3a3e  :   000;
	3a3f  :   000;
	3a40  :   000;
	3a41  :   111;
	3a42  :   111;
	3a43  :   111;
	3a44  :   111;
	3a45  :   111;
	3a46  :   111;
	3a47  :   111;
	3a48  :   111;
	3a49  :   000;
	3a4a  :   000;
	3a4b  :   000;
	3a4c  :   000;
	3a4d  :   000;
	3a4e  :   000;
	3a4f  :   111;
	3a50  :   111;
	3a51  :   111;
	3a52  :   111;
	3a53  :   111;
	3a54  :   111;
	3a55  :   000;
	3a56  :   000;
	3a57  :   000;
	3a58  :   000;
	3a59  :   000;
	3a5a  :   000;
	3a5b  :   000;
	3a5c  :   000;
	3a5d  :   000;
	3a5e  :   000;
	3a5f  :   000;
	3a60  :   000;
	3a61  :   000;
	3a62  :   000;
	3a63  :   000;
	3a64  :   000;
	3a65  :   000;
	3a66  :   000;
	3a67  :   000;
	3a68  :   000;
	3a69  :   000;
	3a6a  :   000;
	3a6b  :   000;
	3a6c  :   000;
	3a6d  :   000;
	3a6e  :   000;
	3a6f  :   000;
	3a70  :   000;
	3a71  :   000;
	3a72  :   000;
	3a73  :   000;
	3a74  :   000;
	3a75  :   000;
	3a76  :   000;
	3a77  :   000;
	3a78  :   000;
	3a79  :   000;
	3a7a  :   000;
	3a7b  :   000;
	3a7c  :   000;
	3a7d  :   000;
	3a7e  :   000;
	3a7f  :   000;
	3a80  :   000;
	3a81  :   000;
	3a82  :   000;
	3a83  :   000;
	3a84  :   000;
	3a85  :   000;
	3a86  :   000;
	3a87  :   000;
	3a88  :   000;
	3a89  :   000;
	3a8a  :   000;
	3a8b  :   000;
	3a8c  :   000;
	3a8d  :   000;
	3a8e  :   000;
	3a8f  :   000;
	3a90  :   000;
	3a91  :   000;
	3a92  :   000;
	3a93  :   000;
	3a94  :   000;
	3a95  :   000;
	3a96  :   000;
	3a97  :   000;
	3a98  :   000;
	3a99  :   000;
	3a9a  :   000;
	3a9b  :   000;
	3a9c  :   000;
	3a9d  :   000;
	3a9e  :   000;
	3a9f  :   000;
	3aa0  :   000;
	3aa1  :   000;
	3aa2  :   000;
	3aa3  :   000;
	3aa4  :   000;
	3aa5  :   000;
	3aa6  :   000;
	3aa7  :   000;
	3aa8  :   000;
	3aa9  :   000;
	3aaa  :   000;
	3aab  :   000;
	3aac  :   000;
	3aad  :   000;
	3aae  :   000;
	3aaf  :   000;
	3ab0  :   000;
	3ab1  :   000;
	3ab2  :   000;
	3ab3  :   000;
	3ab4  :   000;
	3ab5  :   000;
	3ab6  :   000;
	3ab7  :   000;
	3ab8  :   000;
	3ab9  :   000;
	3aba  :   000;
	3abb  :   000;
	3abc  :   000;
	3abd  :   000;
	3abe  :   000;
	3abf  :   000;
	3ac0  :   000;
	3ac1  :   000;
	3ac2  :   000;
	3ac3  :   000;
	3ac4  :   000;
	3ac5  :   000;
	3ac6  :   000;
	3ac7  :   000;
	3ac8  :   000;
	3ac9  :   000;
	3aca  :   000;
	3acb  :   000;
	3acc  :   000;
	3acd  :   000;
	3ace  :   000;
	3acf  :   000;
	3ad0  :   000;
	3ad1  :   000;
	3ad2  :   000;
	3ad3  :   000;
	3ad4  :   000;
	3ad5  :   000;
	3ad6  :   000;
	3ad7  :   000;
	3ad8  :   000;
	3ad9  :   000;
	3ada  :   000;
	3adb  :   000;
	3adc  :   000;
	3add  :   000;
	3ade  :   000;
	3adf  :   111;
	3ae0  :   111;
	3ae1  :   111;
	3ae2  :   111;
	3ae3  :   111;
	3ae4  :   111;
	3ae5  :   111;
	3ae6  :   111;
	3ae7  :   111;
	3ae8  :   000;
	3ae9  :   000;
	3aea  :   000;
	3aeb  :   000;
	3aec  :   111;
	3aed  :   111;
	3aee  :   111;
	3aef  :   111;
	3af0  :   000;
	3af1  :   000;
	3af2  :   000;
	3af3  :   000;
	3af4  :   000;
	3af5  :   000;
	3af6  :   000;
	3af7  :   000;
	3af8  :   000;
	3af9  :   000;
	3afa  :   000;
	3afb  :   111;
	3afc  :   111;
	3afd  :   111;
	3afe  :   111;
	3aff  :   111;
	3b00  :   000;
	3b01  :   000;
	3b02  :   000;
	3b03  :   000;
	3b04  :   000;
	3b05  :   000;
	3b06  :   000;
	3b07  :   000;
	3b08  :   111;
	3b09  :   111;
	3b0a  :   111;
	3b0b  :   111;
	3b0c  :   111;
	3b0d  :   111;
	3b0e  :   111;
	3b0f  :   111;
	3b10  :   111;
	3b11  :   000;
	3b12  :   000;
	3b13  :   000;
	3b14  :   000;
	3b15  :   111;
	3b16  :   111;
	3b17  :   111;
	3b18  :   111;
	3b19  :   111;
	3b1a  :   111;
	3b1b  :   111;
	3b1c  :   111;
	3b1d  :   000;
	3b1e  :   000;
	3b1f  :   000;
	3b20  :   000;
	3b21  :   111;
	3b22  :   111;
	3b23  :   111;
	3b24  :   111;
	3b25  :   111;
	3b26  :   111;
	3b27  :   111;
	3b28  :   111;
	3b29  :   000;
	3b2a  :   000;
	3b2b  :   000;
	3b2c  :   000;
	3b2d  :   000;
	3b2e  :   111;
	3b2f  :   111;
	3b30  :   111;
	3b31  :   111;
	3b32  :   111;
	3b33  :   111;
	3b34  :   111;
	3b35  :   111;
	3b36  :   000;
	3b37  :   000;
	3b38  :   000;
	3b39  :   000;
	3b3a  :   000;
	3b3b  :   000;
	3b3c  :   000;
	3b3d  :   000;
	3b3e  :   000;
	3b3f  :   000;
	3b40  :   000;
	3b41  :   000;
	3b42  :   000;
	3b43  :   000;
	3b44  :   000;
	3b45  :   000;
	3b46  :   000;
	3b47  :   000;
	3b48  :   000;
	3b49  :   000;
	3b4a  :   000;
	3b4b  :   000;
	3b4c  :   000;
	3b4d  :   000;
	3b4e  :   000;
	3b4f  :   000;
	3b50  :   000;
	3b51  :   000;
	3b52  :   000;
	3b53  :   000;
	3b54  :   000;
	3b55  :   000;
	3b56  :   000;
	3b57  :   000;
	3b58  :   000;
	3b59  :   000;
	3b5a  :   000;
	3b5b  :   000;
	3b5c  :   000;
	3b5d  :   000;
	3b5e  :   000;
	3b5f  :   000;
	3b60  :   000;
	3b61  :   000;
	3b62  :   000;
	3b63  :   000;
	3b64  :   000;
	3b65  :   000;
	3b66  :   000;
	3b67  :   000;
	3b68  :   000;
	3b69  :   000;
	3b6a  :   000;
	3b6b  :   000;
	3b6c  :   000;
	3b6d  :   000;
	3b6e  :   000;
	3b6f  :   000;
	3b70  :   000;
	3b71  :   000;
	3b72  :   000;
	3b73  :   000;
	3b74  :   000;
	3b75  :   000;
	3b76  :   000;
	3b77  :   000;
	3b78  :   000;
	3b79  :   000;
	3b7a  :   000;
	3b7b  :   000;
	3b7c  :   000;
	3b7d  :   000;
	3b7e  :   000;
	3b7f  :   000;
	3b80  :   000;
	3b81  :   000;
	3b82  :   000;
	3b83  :   000;
	3b84  :   000;
	3b85  :   000;
	3b86  :   000;
	3b87  :   000;
	3b88  :   000;
	3b89  :   000;
	3b8a  :   000;
	3b8b  :   000;
	3b8c  :   000;
	3b8d  :   000;
	3b8e  :   000;
	3b8f  :   000;
	3b90  :   000;
	3b91  :   000;
	3b92  :   000;
	3b93  :   000;
	3b94  :   000;
	3b95  :   000;
	3b96  :   000;
	3b97  :   000;
	3b98  :   000;
	3b99  :   000;
	3b9a  :   000;
	3b9b  :   000;
	3b9c  :   000;
	3b9d  :   000;
	3b9e  :   000;
	3b9f  :   000;
	3ba0  :   000;
	3ba1  :   000;
	3ba2  :   000;
	3ba3  :   000;
	3ba4  :   000;
	3ba5  :   000;
	3ba6  :   000;
	3ba7  :   000;
	3ba8  :   000;
	3ba9  :   000;
	3baa  :   000;
	3bab  :   000;
	3bac  :   000;
	3bad  :   000;
	3bae  :   000;
	3baf  :   000;
	3bb0  :   000;
	3bb1  :   000;
	3bb2  :   000;
	3bb3  :   000;
	3bb4  :   000;
	3bb5  :   000;
	3bb6  :   000;
	3bb7  :   000;
	3bb8  :   000;
	3bb9  :   000;
	3bba  :   000;
	3bbb  :   000;
	3bbc  :   000;
	3bbd  :   000;
	3bbe  :   000;
	3bbf  :   111;
	3bc0  :   111;
	3bc1  :   111;
	3bc2  :   111;
	3bc3  :   111;
	3bc4  :   111;
	3bc5  :   111;
	3bc6  :   111;
	3bc7  :   111;
	3bc8  :   111;
	3bc9  :   000;
	3bca  :   000;
	3bcb  :   000;
	3bcc  :   111;
	3bcd  :   111;
	3bce  :   111;
	3bcf  :   111;
	3bd0  :   000;
	3bd1  :   000;
	3bd2  :   000;
	3bd3  :   000;
	3bd4  :   000;
	3bd5  :   000;
	3bd6  :   000;
	3bd7  :   000;
	3bd8  :   000;
	3bd9  :   000;
	3bda  :   000;
	3bdb  :   111;
	3bdc  :   111;
	3bdd  :   111;
	3bde  :   111;
	3bdf  :   111;
	3be0  :   000;
	3be1  :   000;
	3be2  :   000;
	3be3  :   000;
	3be4  :   000;
	3be5  :   000;
	3be6  :   000;
	3be7  :   111;
	3be8  :   111;
	3be9  :   111;
	3bea  :   111;
	3beb  :   111;
	3bec  :   111;
	3bed  :   111;
	3bee  :   111;
	3bef  :   111;
	3bf0  :   111;
	3bf1  :   000;
	3bf2  :   000;
	3bf3  :   000;
	3bf4  :   111;
	3bf5  :   111;
	3bf6  :   111;
	3bf7  :   111;
	3bf8  :   111;
	3bf9  :   111;
	3bfa  :   111;
	3bfb  :   111;
	3bfc  :   111;
	3bfd  :   111;
	3bfe  :   000;
	3bff  :   000;
	3c00  :   000;
	3c01  :   111;
	3c02  :   111;
	3c03  :   111;
	3c04  :   111;
	3c05  :   111;
	3c06  :   111;
	3c07  :   111;
	3c08  :   111;
	3c09  :   000;
	3c0a  :   000;
	3c0b  :   000;
	3c0c  :   000;
	3c0d  :   111;
	3c0e  :   111;
	3c0f  :   111;
	3c10  :   111;
	3c11  :   111;
	3c12  :   111;
	3c13  :   111;
	3c14  :   111;
	3c15  :   111;
	3c16  :   111;
	3c17  :   000;
	3c18  :   000;
	3c19  :   000;
	3c1a  :   000;
	3c1b  :   000;
	3c1c  :   000;
	3c1d  :   000;
	3c1e  :   000;
	3c1f  :   000;
	3c20  :   000;
	3c21  :   000;
	3c22  :   000;
	3c23  :   000;
	3c24  :   000;
	3c25  :   000;
	3c26  :   000;
	3c27  :   000;
	3c28  :   000;
	3c29  :   000;
	3c2a  :   000;
	3c2b  :   000;
	3c2c  :   000;
	3c2d  :   000;
	3c2e  :   000;
	3c2f  :   000;
	3c30  :   000;
	3c31  :   000;
	3c32  :   000;
	3c33  :   000;
	3c34  :   000;
	3c35  :   000;
	3c36  :   000;
	3c37  :   000;
	3c38  :   000;
	3c39  :   000;
	3c3a  :   000;
	3c3b  :   000;
	3c3c  :   000;
	3c3d  :   000;
	3c3e  :   000;
	3c3f  :   000;
	3c40  :   000;
	3c41  :   000;
	3c42  :   000;
	3c43  :   000;
	3c44  :   000;
	3c45  :   000;
	3c46  :   000;
	3c47  :   000;
	3c48  :   000;
	3c49  :   000;
	3c4a  :   000;
	3c4b  :   000;
	3c4c  :   000;
	3c4d  :   000;
	3c4e  :   000;
	3c4f  :   000;
	3c50  :   000;
	3c51  :   000;
	3c52  :   000;
	3c53  :   000;
	3c54  :   000;
	3c55  :   000;
	3c56  :   000;
	3c57  :   000;
	3c58  :   000;
	3c59  :   000;
	3c5a  :   000;
	3c5b  :   000;
	3c5c  :   000;
	3c5d  :   000;
	3c5e  :   000;
	3c5f  :   000;
	3c60  :   000;
	3c61  :   000;
	3c62  :   000;
	3c63  :   000;
	3c64  :   000;
	3c65  :   000;
	3c66  :   000;
	3c67  :   000;
	3c68  :   000;
	3c69  :   000;
	3c6a  :   000;
	3c6b  :   000;
	3c6c  :   000;
	3c6d  :   000;
	3c6e  :   000;
	3c6f  :   000;
	3c70  :   000;
	3c71  :   000;
	3c72  :   000;
	3c73  :   000;
	3c74  :   000;
	3c75  :   000;
	3c76  :   000;
	3c77  :   000;
	3c78  :   000;
	3c79  :   000;
	3c7a  :   000;
	3c7b  :   000;
	3c7c  :   000;
	3c7d  :   000;
	3c7e  :   000;
	3c7f  :   000;
	3c80  :   000;
	3c81  :   000;
	3c82  :   000;
	3c83  :   000;
	3c84  :   000;
	3c85  :   000;
	3c86  :   000;
	3c87  :   000;
	3c88  :   000;
	3c89  :   000;
	3c8a  :   000;
	3c8b  :   000;
	3c8c  :   000;
	3c8d  :   000;
	3c8e  :   000;
	3c8f  :   000;
	3c90  :   000;
	3c91  :   000;
	3c92  :   000;
	3c93  :   000;
	3c94  :   000;
	3c95  :   000;
	3c96  :   000;
	3c97  :   000;
	3c98  :   000;
	3c99  :   000;
	3c9a  :   000;
	3c9b  :   000;
	3c9c  :   000;
	3c9d  :   000;
	3c9e  :   111;
	3c9f  :   111;
	3ca0  :   111;
	3ca1  :   111;
	3ca2  :   111;
	3ca3  :   111;
	3ca4  :   111;
	3ca5  :   111;
	3ca6  :   111;
	3ca7  :   111;
	3ca8  :   000;
	3ca9  :   000;
	3caa  :   000;
	3cab  :   000;
	3cac  :   111;
	3cad  :   111;
	3cae  :   111;
	3caf  :   111;
	3cb0  :   000;
	3cb1  :   000;
	3cb2  :   000;
	3cb3  :   000;
	3cb4  :   000;
	3cb5  :   000;
	3cb6  :   000;
	3cb7  :   000;
	3cb8  :   000;
	3cb9  :   000;
	3cba  :   000;
	3cbb  :   111;
	3cbc  :   111;
	3cbd  :   111;
	3cbe  :   111;
	3cbf  :   111;
	3cc0  :   111;
	3cc1  :   000;
	3cc2  :   000;
	3cc3  :   000;
	3cc4  :   000;
	3cc5  :   000;
	3cc6  :   000;
	3cc7  :   111;
	3cc8  :   111;
	3cc9  :   111;
	3cca  :   111;
	3ccb  :   000;
	3ccc  :   111;
	3ccd  :   111;
	3cce  :   111;
	3ccf  :   111;
	3cd0  :   000;
	3cd1  :   000;
	3cd2  :   000;
	3cd3  :   000;
	3cd4  :   111;
	3cd5  :   111;
	3cd6  :   111;
	3cd7  :   111;
	3cd8  :   000;
	3cd9  :   111;
	3cda  :   111;
	3cdb  :   111;
	3cdc  :   111;
	3cdd  :   000;
	3cde  :   000;
	3cdf  :   000;
	3ce0  :   000;
	3ce1  :   111;
	3ce2  :   111;
	3ce3  :   111;
	3ce4  :   111;
	3ce5  :   111;
	3ce6  :   111;
	3ce7  :   111;
	3ce8  :   000;
	3ce9  :   000;
	3cea  :   000;
	3ceb  :   000;
	3cec  :   111;
	3ced  :   111;
	3cee  :   111;
	3cef  :   111;
	3cf0  :   111;
	3cf1  :   111;
	3cf2  :   111;
	3cf3  :   111;
	3cf4  :   111;
	3cf5  :   111;
	3cf6  :   000;
	3cf7  :   000;
	3cf8  :   000;
	3cf9  :   000;
	3cfa  :   000;
	3cfb  :   000;
	3cfc  :   000;
	3cfd  :   000;
	3cfe  :   000;
	3cff  :   000;
	3d00  :   000;
	3d01  :   000;
	3d02  :   000;
	3d03  :   000;
	3d04  :   000;
	3d05  :   000;
	3d06  :   000;
	3d07  :   000;
	3d08  :   000;
	3d09  :   000;
	3d0a  :   000;
	3d0b  :   000;
	3d0c  :   000;
	3d0d  :   000;
	3d0e  :   000;
	3d0f  :   000;
	3d10  :   000;
	3d11  :   000;
	3d12  :   000;
	3d13  :   000;
	3d14  :   000;
	3d15  :   000;
	3d16  :   000;
	3d17  :   000;
	3d18  :   000;
	3d19  :   000;
	3d1a  :   000;
	3d1b  :   000;
	3d1c  :   000;
	3d1d  :   000;
	3d1e  :   000;
	3d1f  :   000;
	3d20  :   000;
	3d21  :   000;
	3d22  :   000;
	3d23  :   000;
	3d24  :   000;
	3d25  :   000;
	3d26  :   000;
	3d27  :   000;
	3d28  :   000;
	3d29  :   000;
	3d2a  :   000;
	3d2b  :   000;
	3d2c  :   000;
	3d2d  :   000;
	3d2e  :   000;
	3d2f  :   000;
	3d30  :   000;
	3d31  :   000;
	3d32  :   000;
	3d33  :   000;
	3d34  :   000;
	3d35  :   000;
	3d36  :   000;
	3d37  :   000;
	3d38  :   000;
	3d39  :   000;
	3d3a  :   000;
	3d3b  :   000;
	3d3c  :   000;
	3d3d  :   000;
	3d3e  :   000;
	3d3f  :   000;
	3d40  :   000;
	3d41  :   000;
	3d42  :   000;
	3d43  :   000;
	3d44  :   000;
	3d45  :   000;
	3d46  :   000;
	3d47  :   000;
	3d48  :   000;
	3d49  :   000;
	3d4a  :   000;
	3d4b  :   000;
	3d4c  :   000;
	3d4d  :   000;
	3d4e  :   000;
	3d4f  :   000;
	3d50  :   000;
	3d51  :   000;
	3d52  :   000;
	3d53  :   000;
	3d54  :   000;
	3d55  :   000;
	3d56  :   000;
	3d57  :   000;
	3d58  :   000;
	3d59  :   000;
	3d5a  :   000;
	3d5b  :   000;
	3d5c  :   000;
	3d5d  :   000;
	3d5e  :   000;
	3d5f  :   000;
	3d60  :   000;
	3d61  :   000;
	3d62  :   000;
	3d63  :   000;
	3d64  :   000;
	3d65  :   000;
	3d66  :   000;
	3d67  :   000;
	3d68  :   000;
	3d69  :   000;
	3d6a  :   000;
	3d6b  :   000;
	3d6c  :   000;
	3d6d  :   000;
	3d6e  :   000;
	3d6f  :   000;
	3d70  :   000;
	3d71  :   000;
	3d72  :   000;
	3d73  :   000;
	3d74  :   000;
	3d75  :   000;
	3d76  :   000;
	3d77  :   000;
	3d78  :   000;
	3d79  :   000;
	3d7a  :   000;
	3d7b  :   000;
	3d7c  :   000;
	3d7d  :   000;
	3d7e  :   111;
	3d7f  :   111;
	3d80  :   111;
	3d81  :   111;
	3d82  :   000;
	3d83  :   000;
	3d84  :   000;
	3d85  :   000;
	3d86  :   111;
	3d87  :   000;
	3d88  :   000;
	3d89  :   000;
	3d8a  :   000;
	3d8b  :   000;
	3d8c  :   111;
	3d8d  :   111;
	3d8e  :   111;
	3d8f  :   111;
	3d90  :   000;
	3d91  :   000;
	3d92  :   000;
	3d93  :   000;
	3d94  :   000;
	3d95  :   000;
	3d96  :   000;
	3d97  :   000;
	3d98  :   000;
	3d99  :   000;
	3d9a  :   111;
	3d9b  :   111;
	3d9c  :   111;
	3d9d  :   111;
	3d9e  :   111;
	3d9f  :   111;
	3da0  :   111;
	3da1  :   000;
	3da2  :   000;
	3da3  :   000;
	3da4  :   000;
	3da5  :   000;
	3da6  :   000;
	3da7  :   111;
	3da8  :   111;
	3da9  :   111;
	3daa  :   111;
	3dab  :   000;
	3dac  :   000;
	3dad  :   000;
	3dae  :   000;
	3daf  :   111;
	3db0  :   000;
	3db1  :   000;
	3db2  :   000;
	3db3  :   000;
	3db4  :   111;
	3db5  :   111;
	3db6  :   111;
	3db7  :   000;
	3db8  :   000;
	3db9  :   000;
	3dba  :   000;
	3dbb  :   000;
	3dbc  :   111;
	3dbd  :   000;
	3dbe  :   000;
	3dbf  :   000;
	3dc0  :   000;
	3dc1  :   000;
	3dc2  :   000;
	3dc3  :   111;
	3dc4  :   111;
	3dc5  :   111;
	3dc6  :   111;
	3dc7  :   000;
	3dc8  :   000;
	3dc9  :   000;
	3dca  :   000;
	3dcb  :   000;
	3dcc  :   111;
	3dcd  :   111;
	3dce  :   111;
	3dcf  :   111;
	3dd0  :   000;
	3dd1  :   000;
	3dd2  :   000;
	3dd3  :   000;
	3dd4  :   111;
	3dd5  :   111;
	3dd6  :   000;
	3dd7  :   000;
	3dd8  :   000;
	3dd9  :   000;
	3dda  :   000;
	3ddb  :   000;
	3ddc  :   000;
	3ddd  :   000;
	3dde  :   000;
	3ddf  :   000;
	3de0  :   000;
	3de1  :   000;
	3de2  :   000;
	3de3  :   000;
	3de4  :   000;
	3de5  :   000;
	3de6  :   000;
	3de7  :   000;
	3de8  :   000;
	3de9  :   000;
	3dea  :   000;
	3deb  :   000;
	3dec  :   000;
	3ded  :   000;
	3dee  :   000;
	3def  :   000;
	3df0  :   000;
	3df1  :   000;
	3df2  :   000;
	3df3  :   000;
	3df4  :   000;
	3df5  :   000;
	3df6  :   000;
	3df7  :   000;
	3df8  :   000;
	3df9  :   000;
	3dfa  :   000;
	3dfb  :   000;
	3dfc  :   000;
	3dfd  :   000;
	3dfe  :   000;
	3dff  :   000;
	3e00  :   000;
	3e01  :   000;
	3e02  :   000;
	3e03  :   000;
	3e04  :   000;
	3e05  :   000;
	3e06  :   000;
	3e07  :   000;
	3e08  :   000;
	3e09  :   000;
	3e0a  :   000;
	3e0b  :   000;
	3e0c  :   000;
	3e0d  :   000;
	3e0e  :   000;
	3e0f  :   000;
	3e10  :   000;
	3e11  :   000;
	3e12  :   000;
	3e13  :   000;
	3e14  :   000;
	3e15  :   000;
	3e16  :   000;
	3e17  :   000;
	3e18  :   000;
	3e19  :   000;
	3e1a  :   000;
	3e1b  :   000;
	3e1c  :   000;
	3e1d  :   000;
	3e1e  :   000;
	3e1f  :   000;
	3e20  :   000;
	3e21  :   000;
	3e22  :   000;
	3e23  :   000;
	3e24  :   000;
	3e25  :   000;
	3e26  :   000;
	3e27  :   000;
	3e28  :   000;
	3e29  :   000;
	3e2a  :   000;
	3e2b  :   000;
	3e2c  :   000;
	3e2d  :   000;
	3e2e  :   000;
	3e2f  :   000;
	3e30  :   000;
	3e31  :   000;
	3e32  :   000;
	3e33  :   000;
	3e34  :   000;
	3e35  :   000;
	3e36  :   000;
	3e37  :   000;
	3e38  :   000;
	3e39  :   000;
	3e3a  :   000;
	3e3b  :   000;
	3e3c  :   000;
	3e3d  :   000;
	3e3e  :   000;
	3e3f  :   000;
	3e40  :   000;
	3e41  :   000;
	3e42  :   000;
	3e43  :   000;
	3e44  :   000;
	3e45  :   000;
	3e46  :   000;
	3e47  :   000;
	3e48  :   000;
	3e49  :   000;
	3e4a  :   000;
	3e4b  :   000;
	3e4c  :   000;
	3e4d  :   000;
	3e4e  :   000;
	3e4f  :   000;
	3e50  :   000;
	3e51  :   000;
	3e52  :   000;
	3e53  :   000;
	3e54  :   000;
	3e55  :   000;
	3e56  :   000;
	3e57  :   000;
	3e58  :   000;
	3e59  :   000;
	3e5a  :   000;
	3e5b  :   000;
	3e5c  :   000;
	3e5d  :   000;
	3e5e  :   111;
	3e5f  :   111;
	3e60  :   111;
	3e61  :   111;
	3e62  :   000;
	3e63  :   000;
	3e64  :   000;
	3e65  :   000;
	3e66  :   000;
	3e67  :   000;
	3e68  :   000;
	3e69  :   000;
	3e6a  :   000;
	3e6b  :   000;
	3e6c  :   111;
	3e6d  :   111;
	3e6e  :   111;
	3e6f  :   111;
	3e70  :   000;
	3e71  :   000;
	3e72  :   000;
	3e73  :   000;
	3e74  :   000;
	3e75  :   000;
	3e76  :   000;
	3e77  :   000;
	3e78  :   000;
	3e79  :   000;
	3e7a  :   111;
	3e7b  :   111;
	3e7c  :   111;
	3e7d  :   111;
	3e7e  :   111;
	3e7f  :   111;
	3e80  :   111;
	3e81  :   000;
	3e82  :   000;
	3e83  :   000;
	3e84  :   000;
	3e85  :   000;
	3e86  :   000;
	3e87  :   111;
	3e88  :   111;
	3e89  :   111;
	3e8a  :   111;
	3e8b  :   000;
	3e8c  :   000;
	3e8d  :   000;
	3e8e  :   000;
	3e8f  :   000;
	3e90  :   000;
	3e91  :   000;
	3e92  :   000;
	3e93  :   000;
	3e94  :   111;
	3e95  :   111;
	3e96  :   111;
	3e97  :   111;
	3e98  :   000;
	3e99  :   000;
	3e9a  :   000;
	3e9b  :   000;
	3e9c  :   000;
	3e9d  :   000;
	3e9e  :   000;
	3e9f  :   000;
	3ea0  :   000;
	3ea1  :   000;
	3ea2  :   000;
	3ea3  :   111;
	3ea4  :   111;
	3ea5  :   111;
	3ea6  :   111;
	3ea7  :   000;
	3ea8  :   000;
	3ea9  :   000;
	3eaa  :   000;
	3eab  :   000;
	3eac  :   111;
	3ead  :   111;
	3eae  :   111;
	3eaf  :   111;
	3eb0  :   000;
	3eb1  :   000;
	3eb2  :   000;
	3eb3  :   000;
	3eb4  :   000;
	3eb5  :   000;
	3eb6  :   000;
	3eb7  :   000;
	3eb8  :   000;
	3eb9  :   000;
	3eba  :   000;
	3ebb  :   000;
	3ebc  :   000;
	3ebd  :   000;
	3ebe  :   000;
	3ebf  :   000;
	3ec0  :   000;
	3ec1  :   000;
	3ec2  :   000;
	3ec3  :   000;
	3ec4  :   000;
	3ec5  :   000;
	3ec6  :   000;
	3ec7  :   000;
	3ec8  :   000;
	3ec9  :   000;
	3eca  :   000;
	3ecb  :   000;
	3ecc  :   000;
	3ecd  :   000;
	3ece  :   000;
	3ecf  :   000;
	3ed0  :   000;
	3ed1  :   000;
	3ed2  :   000;
	3ed3  :   000;
	3ed4  :   000;
	3ed5  :   000;
	3ed6  :   000;
	3ed7  :   000;
	3ed8  :   000;
	3ed9  :   000;
	3eda  :   000;
	3edb  :   000;
	3edc  :   000;
	3edd  :   000;
	3ede  :   000;
	3edf  :   000;
	3ee0  :   000;
	3ee1  :   000;
	3ee2  :   000;
	3ee3  :   000;
	3ee4  :   000;
	3ee5  :   000;
	3ee6  :   000;
	3ee7  :   000;
	3ee8  :   000;
	3ee9  :   000;
	3eea  :   000;
	3eeb  :   000;
	3eec  :   000;
	3eed  :   000;
	3eee  :   000;
	3eef  :   000;
	3ef0  :   000;
	3ef1  :   000;
	3ef2  :   000;
	3ef3  :   000;
	3ef4  :   000;
	3ef5  :   000;
	3ef6  :   000;
	3ef7  :   000;
	3ef8  :   000;
	3ef9  :   000;
	3efa  :   000;
	3efb  :   000;
	3efc  :   000;
	3efd  :   000;
	3efe  :   000;
	3eff  :   000;
	3f00  :   000;
	3f01  :   000;
	3f02  :   000;
	3f03  :   000;
	3f04  :   000;
	3f05  :   000;
	3f06  :   000;
	3f07  :   000;
	3f08  :   000;
	3f09  :   000;
	3f0a  :   000;
	3f0b  :   000;
	3f0c  :   000;
	3f0d  :   000;
	3f0e  :   000;
	3f0f  :   000;
	3f10  :   000;
	3f11  :   000;
	3f12  :   000;
	3f13  :   000;
	3f14  :   000;
	3f15  :   000;
	3f16  :   000;
	3f17  :   000;
	3f18  :   000;
	3f19  :   000;
	3f1a  :   000;
	3f1b  :   000;
	3f1c  :   000;
	3f1d  :   000;
	3f1e  :   000;
	3f1f  :   000;
	3f20  :   000;
	3f21  :   000;
	3f22  :   000;
	3f23  :   000;
	3f24  :   000;
	3f25  :   000;
	3f26  :   000;
	3f27  :   000;
	3f28  :   000;
	3f29  :   000;
	3f2a  :   000;
	3f2b  :   000;
	3f2c  :   000;
	3f2d  :   000;
	3f2e  :   000;
	3f2f  :   000;
	3f30  :   000;
	3f31  :   000;
	3f32  :   000;
	3f33  :   000;
	3f34  :   000;
	3f35  :   000;
	3f36  :   000;
	3f37  :   000;
	3f38  :   000;
	3f39  :   000;
	3f3a  :   000;
	3f3b  :   000;
	3f3c  :   000;
	3f3d  :   000;
	3f3e  :   111;
	3f3f  :   111;
	3f40  :   111;
	3f41  :   000;
	3f42  :   000;
	3f43  :   000;
	3f44  :   000;
	3f45  :   000;
	3f46  :   000;
	3f47  :   000;
	3f48  :   000;
	3f49  :   000;
	3f4a  :   000;
	3f4b  :   000;
	3f4c  :   111;
	3f4d  :   111;
	3f4e  :   111;
	3f4f  :   111;
	3f50  :   000;
	3f51  :   000;
	3f52  :   000;
	3f53  :   000;
	3f54  :   000;
	3f55  :   000;
	3f56  :   000;
	3f57  :   000;
	3f58  :   000;
	3f59  :   000;
	3f5a  :   111;
	3f5b  :   111;
	3f5c  :   111;
	3f5d  :   111;
	3f5e  :   111;
	3f5f  :   111;
	3f60  :   111;
	3f61  :   111;
	3f62  :   000;
	3f63  :   000;
	3f64  :   000;
	3f65  :   000;
	3f66  :   000;
	3f67  :   111;
	3f68  :   111;
	3f69  :   111;
	3f6a  :   111;
	3f6b  :   111;
	3f6c  :   000;
	3f6d  :   000;
	3f6e  :   000;
	3f6f  :   000;
	3f70  :   000;
	3f71  :   000;
	3f72  :   000;
	3f73  :   000;
	3f74  :   111;
	3f75  :   111;
	3f76  :   111;
	3f77  :   111;
	3f78  :   111;
	3f79  :   000;
	3f7a  :   000;
	3f7b  :   000;
	3f7c  :   000;
	3f7d  :   000;
	3f7e  :   000;
	3f7f  :   000;
	3f80  :   000;
	3f81  :   000;
	3f82  :   000;
	3f83  :   111;
	3f84  :   111;
	3f85  :   111;
	3f86  :   111;
	3f87  :   000;
	3f88  :   000;
	3f89  :   000;
	3f8a  :   000;
	3f8b  :   000;
	3f8c  :   111;
	3f8d  :   111;
	3f8e  :   111;
	3f8f  :   000;
	3f90  :   000;
	3f91  :   000;
	3f92  :   000;
	3f93  :   000;
	3f94  :   000;
	3f95  :   000;
	3f96  :   000;
	3f97  :   000;
	3f98  :   000;
	3f99  :   000;
	3f9a  :   000;
	3f9b  :   000;
	3f9c  :   000;
	3f9d  :   000;
	3f9e  :   000;
	3f9f  :   000;
	3fa0  :   000;
	3fa1  :   000;
	3fa2  :   000;
	3fa3  :   000;
	3fa4  :   000;
	3fa5  :   000;
	3fa6  :   000;
	3fa7  :   000;
	3fa8  :   000;
	3fa9  :   000;
	3faa  :   000;
	3fab  :   000;
	3fac  :   000;
	3fad  :   000;
	3fae  :   000;
	3faf  :   000;
	3fb0  :   000;
	3fb1  :   000;
	3fb2  :   000;
	3fb3  :   000;
	3fb4  :   000;
	3fb5  :   000;
	3fb6  :   000;
	3fb7  :   000;
	3fb8  :   000;
	3fb9  :   000;
	3fba  :   000;
	3fbb  :   000;
	3fbc  :   000;
	3fbd  :   000;
	3fbe  :   000;
	3fbf  :   000;
	3fc0  :   000;
	3fc1  :   000;
	3fc2  :   000;
	3fc3  :   000;
	3fc4  :   000;
	3fc5  :   000;
	3fc6  :   000;
	3fc7  :   000;
	3fc8  :   000;
	3fc9  :   000;
	3fca  :   000;
	3fcb  :   000;
	3fcc  :   000;
	3fcd  :   000;
	3fce  :   000;
	3fcf  :   000;
	3fd0  :   000;
	3fd1  :   000;
	3fd2  :   000;
	3fd3  :   000;
	3fd4  :   000;
	3fd5  :   000;
	3fd6  :   000;
	3fd7  :   000;
	3fd8  :   000;
	3fd9  :   000;
	3fda  :   000;
	3fdb  :   000;
	3fdc  :   000;
	3fdd  :   000;
	3fde  :   000;
	3fdf  :   000;
	3fe0  :   000;
	3fe1  :   000;
	3fe2  :   000;
	3fe3  :   000;
	3fe4  :   000;
	3fe5  :   000;
	3fe6  :   000;
	3fe7  :   000;
	3fe8  :   000;
	3fe9  :   000;
	3fea  :   000;
	3feb  :   000;
	3fec  :   000;
	3fed  :   000;
	3fee  :   000;
	3fef  :   000;
	3ff0  :   000;
	3ff1  :   000;
	3ff2  :   000;
	3ff3  :   000;
	3ff4  :   000;
	3ff5  :   000;
	3ff6  :   000;
	3ff7  :   000;
	3ff8  :   000;
	3ff9  :   000;
	3ffa  :   000;
	3ffb  :   000;
	3ffc  :   000;
	3ffd  :   000;
	3ffe  :   000;
	3fff  :   000;
	4000  :   000;
	4001  :   000;
	4002  :   000;
	4003  :   000;
	4004  :   000;
	4005  :   000;
	4006  :   000;
	4007  :   000;
	4008  :   000;
	4009  :   000;
	400a  :   000;
	400b  :   000;
	400c  :   000;
	400d  :   000;
	400e  :   000;
	400f  :   000;
	4010  :   000;
	4011  :   000;
	4012  :   000;
	4013  :   000;
	4014  :   000;
	4015  :   000;
	4016  :   000;
	4017  :   000;
	4018  :   000;
	4019  :   000;
	401a  :   000;
	401b  :   000;
	401c  :   000;
	401d  :   000;
	401e  :   111;
	401f  :   111;
	4020  :   111;
	4021  :   000;
	4022  :   000;
	4023  :   000;
	4024  :   000;
	4025  :   000;
	4026  :   000;
	4027  :   000;
	4028  :   000;
	4029  :   000;
	402a  :   000;
	402b  :   000;
	402c  :   111;
	402d  :   111;
	402e  :   111;
	402f  :   111;
	4030  :   000;
	4031  :   000;
	4032  :   000;
	4033  :   000;
	4034  :   000;
	4035  :   000;
	4036  :   000;
	4037  :   000;
	4038  :   000;
	4039  :   000;
	403a  :   111;
	403b  :   111;
	403c  :   111;
	403d  :   000;
	403e  :   111;
	403f  :   111;
	4040  :   111;
	4041  :   111;
	4042  :   000;
	4043  :   000;
	4044  :   000;
	4045  :   000;
	4046  :   000;
	4047  :   111;
	4048  :   111;
	4049  :   111;
	404a  :   111;
	404b  :   111;
	404c  :   111;
	404d  :   111;
	404e  :   000;
	404f  :   000;
	4050  :   000;
	4051  :   000;
	4052  :   000;
	4053  :   000;
	4054  :   111;
	4055  :   111;
	4056  :   111;
	4057  :   111;
	4058  :   111;
	4059  :   111;
	405a  :   111;
	405b  :   000;
	405c  :   000;
	405d  :   000;
	405e  :   000;
	405f  :   000;
	4060  :   000;
	4061  :   000;
	4062  :   000;
	4063  :   111;
	4064  :   111;
	4065  :   111;
	4066  :   111;
	4067  :   000;
	4068  :   000;
	4069  :   000;
	406a  :   000;
	406b  :   000;
	406c  :   111;
	406d  :   111;
	406e  :   111;
	406f  :   000;
	4070  :   000;
	4071  :   000;
	4072  :   000;
	4073  :   000;
	4074  :   000;
	4075  :   000;
	4076  :   000;
	4077  :   000;
	4078  :   000;
	4079  :   000;
	407a  :   000;
	407b  :   000;
	407c  :   000;
	407d  :   000;
	407e  :   000;
	407f  :   000;
	4080  :   000;
	4081  :   000;
	4082  :   000;
	4083  :   000;
	4084  :   000;
	4085  :   000;
	4086  :   000;
	4087  :   000;
	4088  :   000;
	4089  :   000;
	408a  :   000;
	408b  :   000;
	408c  :   000;
	408d  :   000;
	408e  :   000;
	408f  :   000;
	4090  :   000;
	4091  :   000;
	4092  :   000;
	4093  :   000;
	4094  :   000;
	4095  :   000;
	4096  :   000;
	4097  :   000;
	4098  :   000;
	4099  :   000;
	409a  :   000;
	409b  :   000;
	409c  :   000;
	409d  :   000;
	409e  :   000;
	409f  :   000;
	40a0  :   000;
	40a1  :   000;
	40a2  :   000;
	40a3  :   000;
	40a4  :   000;
	40a5  :   000;
	40a6  :   000;
	40a7  :   000;
	40a8  :   000;
	40a9  :   000;
	40aa  :   000;
	40ab  :   000;
	40ac  :   000;
	40ad  :   000;
	40ae  :   000;
	40af  :   000;
	40b0  :   000;
	40b1  :   000;
	40b2  :   000;
	40b3  :   000;
	40b4  :   000;
	40b5  :   000;
	40b6  :   000;
	40b7  :   000;
	40b8  :   000;
	40b9  :   000;
	40ba  :   000;
	40bb  :   000;
	40bc  :   000;
	40bd  :   000;
	40be  :   000;
	40bf  :   000;
	40c0  :   000;
	40c1  :   000;
	40c2  :   000;
	40c3  :   000;
	40c4  :   000;
	40c5  :   000;
	40c6  :   000;
	40c7  :   000;
	40c8  :   000;
	40c9  :   000;
	40ca  :   000;
	40cb  :   000;
	40cc  :   000;
	40cd  :   000;
	40ce  :   000;
	40cf  :   000;
	40d0  :   000;
	40d1  :   000;
	40d2  :   000;
	40d3  :   000;
	40d4  :   000;
	40d5  :   000;
	40d6  :   000;
	40d7  :   000;
	40d8  :   000;
	40d9  :   000;
	40da  :   000;
	40db  :   000;
	40dc  :   000;
	40dd  :   000;
	40de  :   000;
	40df  :   000;
	40e0  :   000;
	40e1  :   000;
	40e2  :   000;
	40e3  :   000;
	40e4  :   000;
	40e5  :   000;
	40e6  :   000;
	40e7  :   000;
	40e8  :   000;
	40e9  :   000;
	40ea  :   000;
	40eb  :   000;
	40ec  :   000;
	40ed  :   000;
	40ee  :   000;
	40ef  :   000;
	40f0  :   000;
	40f1  :   000;
	40f2  :   000;
	40f3  :   000;
	40f4  :   000;
	40f5  :   000;
	40f6  :   000;
	40f7  :   000;
	40f8  :   000;
	40f9  :   000;
	40fa  :   000;
	40fb  :   000;
	40fc  :   000;
	40fd  :   000;
	40fe  :   111;
	40ff  :   111;
	4100  :   111;
	4101  :   000;
	4102  :   000;
	4103  :   000;
	4104  :   000;
	4105  :   000;
	4106  :   000;
	4107  :   000;
	4108  :   000;
	4109  :   000;
	410a  :   000;
	410b  :   000;
	410c  :   111;
	410d  :   111;
	410e  :   111;
	410f  :   111;
	4110  :   000;
	4111  :   000;
	4112  :   000;
	4113  :   000;
	4114  :   000;
	4115  :   000;
	4116  :   000;
	4117  :   000;
	4118  :   000;
	4119  :   111;
	411a  :   111;
	411b  :   111;
	411c  :   111;
	411d  :   000;
	411e  :   111;
	411f  :   111;
	4120  :   111;
	4121  :   111;
	4122  :   000;
	4123  :   000;
	4124  :   000;
	4125  :   000;
	4126  :   000;
	4127  :   000;
	4128  :   111;
	4129  :   111;
	412a  :   111;
	412b  :   111;
	412c  :   111;
	412d  :   111;
	412e  :   111;
	412f  :   111;
	4130  :   000;
	4131  :   000;
	4132  :   000;
	4133  :   000;
	4134  :   000;
	4135  :   111;
	4136  :   111;
	4137  :   111;
	4138  :   111;
	4139  :   111;
	413a  :   111;
	413b  :   111;
	413c  :   111;
	413d  :   000;
	413e  :   000;
	413f  :   000;
	4140  :   000;
	4141  :   000;
	4142  :   000;
	4143  :   111;
	4144  :   111;
	4145  :   111;
	4146  :   111;
	4147  :   000;
	4148  :   000;
	4149  :   000;
	414a  :   000;
	414b  :   000;
	414c  :   111;
	414d  :   111;
	414e  :   111;
	414f  :   000;
	4150  :   000;
	4151  :   000;
	4152  :   000;
	4153  :   000;
	4154  :   000;
	4155  :   000;
	4156  :   000;
	4157  :   000;
	4158  :   000;
	4159  :   000;
	415a  :   000;
	415b  :   000;
	415c  :   000;
	415d  :   000;
	415e  :   000;
	415f  :   000;
	4160  :   000;
	4161  :   000;
	4162  :   000;
	4163  :   000;
	4164  :   000;
	4165  :   000;
	4166  :   000;
	4167  :   000;
	4168  :   000;
	4169  :   000;
	416a  :   000;
	416b  :   000;
	416c  :   000;
	416d  :   000;
	416e  :   000;
	416f  :   000;
	4170  :   000;
	4171  :   000;
	4172  :   000;
	4173  :   000;
	4174  :   000;
	4175  :   000;
	4176  :   000;
	4177  :   000;
	4178  :   000;
	4179  :   000;
	417a  :   000;
	417b  :   000;
	417c  :   000;
	417d  :   000;
	417e  :   000;
	417f  :   000;
	4180  :   000;
	4181  :   000;
	4182  :   000;
	4183  :   000;
	4184  :   000;
	4185  :   000;
	4186  :   000;
	4187  :   000;
	4188  :   000;
	4189  :   000;
	418a  :   000;
	418b  :   000;
	418c  :   000;
	418d  :   000;
	418e  :   000;
	418f  :   000;
	4190  :   000;
	4191  :   000;
	4192  :   000;
	4193  :   000;
	4194  :   000;
	4195  :   000;
	4196  :   000;
	4197  :   000;
	4198  :   000;
	4199  :   000;
	419a  :   000;
	419b  :   000;
	419c  :   000;
	419d  :   000;
	419e  :   000;
	419f  :   000;
	41a0  :   000;
	41a1  :   000;
	41a2  :   000;
	41a3  :   000;
	41a4  :   000;
	41a5  :   000;
	41a6  :   000;
	41a7  :   000;
	41a8  :   000;
	41a9  :   000;
	41aa  :   000;
	41ab  :   000;
	41ac  :   000;
	41ad  :   000;
	41ae  :   000;
	41af  :   000;
	41b0  :   000;
	41b1  :   000;
	41b2  :   000;
	41b3  :   000;
	41b4  :   000;
	41b5  :   000;
	41b6  :   000;
	41b7  :   000;
	41b8  :   000;
	41b9  :   000;
	41ba  :   000;
	41bb  :   000;
	41bc  :   000;
	41bd  :   000;
	41be  :   000;
	41bf  :   000;
	41c0  :   000;
	41c1  :   000;
	41c2  :   000;
	41c3  :   000;
	41c4  :   000;
	41c5  :   000;
	41c6  :   000;
	41c7  :   000;
	41c8  :   000;
	41c9  :   000;
	41ca  :   000;
	41cb  :   000;
	41cc  :   000;
	41cd  :   000;
	41ce  :   000;
	41cf  :   000;
	41d0  :   000;
	41d1  :   000;
	41d2  :   000;
	41d3  :   000;
	41d4  :   000;
	41d5  :   000;
	41d6  :   000;
	41d7  :   000;
	41d8  :   000;
	41d9  :   000;
	41da  :   000;
	41db  :   000;
	41dc  :   000;
	41dd  :   000;
	41de  :   111;
	41df  :   111;
	41e0  :   111;
	41e1  :   000;
	41e2  :   000;
	41e3  :   000;
	41e4  :   000;
	41e5  :   000;
	41e6  :   000;
	41e7  :   000;
	41e8  :   000;
	41e9  :   000;
	41ea  :   000;
	41eb  :   000;
	41ec  :   111;
	41ed  :   111;
	41ee  :   111;
	41ef  :   111;
	41f0  :   000;
	41f1  :   000;
	41f2  :   000;
	41f3  :   000;
	41f4  :   000;
	41f5  :   000;
	41f6  :   000;
	41f7  :   000;
	41f8  :   000;
	41f9  :   111;
	41fa  :   111;
	41fb  :   111;
	41fc  :   111;
	41fd  :   000;
	41fe  :   111;
	41ff  :   111;
	4200  :   111;
	4201  :   111;
	4202  :   111;
	4203  :   000;
	4204  :   000;
	4205  :   000;
	4206  :   000;
	4207  :   000;
	4208  :   000;
	4209  :   111;
	420a  :   111;
	420b  :   111;
	420c  :   111;
	420d  :   111;
	420e  :   111;
	420f  :   111;
	4210  :   111;
	4211  :   000;
	4212  :   000;
	4213  :   000;
	4214  :   000;
	4215  :   000;
	4216  :   111;
	4217  :   111;
	4218  :   111;
	4219  :   111;
	421a  :   111;
	421b  :   111;
	421c  :   111;
	421d  :   000;
	421e  :   000;
	421f  :   000;
	4220  :   000;
	4221  :   000;
	4222  :   000;
	4223  :   111;
	4224  :   111;
	4225  :   111;
	4226  :   111;
	4227  :   000;
	4228  :   000;
	4229  :   000;
	422a  :   000;
	422b  :   000;
	422c  :   111;
	422d  :   111;
	422e  :   111;
	422f  :   000;
	4230  :   000;
	4231  :   000;
	4232  :   000;
	4233  :   000;
	4234  :   000;
	4235  :   000;
	4236  :   000;
	4237  :   000;
	4238  :   000;
	4239  :   000;
	423a  :   000;
	423b  :   000;
	423c  :   000;
	423d  :   000;
	423e  :   000;
	423f  :   000;
	4240  :   000;
	4241  :   000;
	4242  :   000;
	4243  :   000;
	4244  :   000;
	4245  :   000;
	4246  :   000;
	4247  :   000;
	4248  :   000;
	4249  :   000;
	424a  :   000;
	424b  :   000;
	424c  :   000;
	424d  :   000;
	424e  :   000;
	424f  :   000;
	4250  :   000;
	4251  :   000;
	4252  :   000;
	4253  :   000;
	4254  :   000;
	4255  :   000;
	4256  :   000;
	4257  :   000;
	4258  :   000;
	4259  :   000;
	425a  :   000;
	425b  :   000;
	425c  :   000;
	425d  :   000;
	425e  :   000;
	425f  :   000;
	4260  :   000;
	4261  :   000;
	4262  :   000;
	4263  :   000;
	4264  :   000;
	4265  :   000;
	4266  :   000;
	4267  :   000;
	4268  :   000;
	4269  :   000;
	426a  :   000;
	426b  :   000;
	426c  :   000;
	426d  :   000;
	426e  :   000;
	426f  :   000;
	4270  :   000;
	4271  :   000;
	4272  :   000;
	4273  :   000;
	4274  :   000;
	4275  :   000;
	4276  :   000;
	4277  :   000;
	4278  :   000;
	4279  :   000;
	427a  :   000;
	427b  :   000;
	427c  :   000;
	427d  :   000;
	427e  :   000;
	427f  :   000;
	4280  :   000;
	4281  :   000;
	4282  :   000;
	4283  :   000;
	4284  :   000;
	4285  :   000;
	4286  :   000;
	4287  :   000;
	4288  :   000;
	4289  :   000;
	428a  :   000;
	428b  :   000;
	428c  :   000;
	428d  :   000;
	428e  :   000;
	428f  :   000;
	4290  :   000;
	4291  :   000;
	4292  :   000;
	4293  :   000;
	4294  :   000;
	4295  :   000;
	4296  :   000;
	4297  :   000;
	4298  :   000;
	4299  :   000;
	429a  :   000;
	429b  :   000;
	429c  :   000;
	429d  :   000;
	429e  :   000;
	429f  :   000;
	42a0  :   000;
	42a1  :   000;
	42a2  :   000;
	42a3  :   000;
	42a4  :   000;
	42a5  :   000;
	42a6  :   000;
	42a7  :   000;
	42a8  :   000;
	42a9  :   000;
	42aa  :   000;
	42ab  :   000;
	42ac  :   000;
	42ad  :   000;
	42ae  :   000;
	42af  :   000;
	42b0  :   000;
	42b1  :   000;
	42b2  :   000;
	42b3  :   000;
	42b4  :   000;
	42b5  :   000;
	42b6  :   000;
	42b7  :   000;
	42b8  :   000;
	42b9  :   000;
	42ba  :   000;
	42bb  :   000;
	42bc  :   000;
	42bd  :   000;
	42be  :   111;
	42bf  :   111;
	42c0  :   111;
	42c1  :   000;
	42c2  :   000;
	42c3  :   000;
	42c4  :   000;
	42c5  :   000;
	42c6  :   000;
	42c7  :   000;
	42c8  :   000;
	42c9  :   000;
	42ca  :   000;
	42cb  :   000;
	42cc  :   111;
	42cd  :   111;
	42ce  :   111;
	42cf  :   111;
	42d0  :   000;
	42d1  :   000;
	42d2  :   000;
	42d3  :   000;
	42d4  :   000;
	42d5  :   000;
	42d6  :   000;
	42d7  :   000;
	42d8  :   000;
	42d9  :   111;
	42da  :   111;
	42db  :   111;
	42dc  :   111;
	42dd  :   111;
	42de  :   111;
	42df  :   111;
	42e0  :   111;
	42e1  :   111;
	42e2  :   111;
	42e3  :   000;
	42e4  :   000;
	42e5  :   000;
	42e6  :   000;
	42e7  :   000;
	42e8  :   000;
	42e9  :   000;
	42ea  :   000;
	42eb  :   111;
	42ec  :   111;
	42ed  :   111;
	42ee  :   111;
	42ef  :   111;
	42f0  :   111;
	42f1  :   000;
	42f2  :   000;
	42f3  :   000;
	42f4  :   000;
	42f5  :   000;
	42f6  :   000;
	42f7  :   000;
	42f8  :   111;
	42f9  :   111;
	42fa  :   111;
	42fb  :   111;
	42fc  :   111;
	42fd  :   111;
	42fe  :   000;
	42ff  :   000;
	4300  :   000;
	4301  :   000;
	4302  :   000;
	4303  :   111;
	4304  :   111;
	4305  :   111;
	4306  :   111;
	4307  :   000;
	4308  :   000;
	4309  :   000;
	430a  :   000;
	430b  :   000;
	430c  :   111;
	430d  :   111;
	430e  :   111;
	430f  :   000;
	4310  :   000;
	4311  :   000;
	4312  :   000;
	4313  :   000;
	4314  :   000;
	4315  :   000;
	4316  :   000;
	4317  :   000;
	4318  :   000;
	4319  :   000;
	431a  :   000;
	431b  :   000;
	431c  :   000;
	431d  :   000;
	431e  :   000;
	431f  :   000;
	4320  :   000;
	4321  :   000;
	4322  :   000;
	4323  :   000;
	4324  :   000;
	4325  :   000;
	4326  :   000;
	4327  :   000;
	4328  :   000;
	4329  :   000;
	432a  :   000;
	432b  :   000;
	432c  :   000;
	432d  :   000;
	432e  :   000;
	432f  :   000;
	4330  :   000;
	4331  :   000;
	4332  :   000;
	4333  :   000;
	4334  :   000;
	4335  :   000;
	4336  :   000;
	4337  :   000;
	4338  :   000;
	4339  :   000;
	433a  :   000;
	433b  :   000;
	433c  :   000;
	433d  :   000;
	433e  :   000;
	433f  :   000;
	4340  :   000;
	4341  :   000;
	4342  :   000;
	4343  :   000;
	4344  :   000;
	4345  :   000;
	4346  :   000;
	4347  :   000;
	4348  :   000;
	4349  :   000;
	434a  :   000;
	434b  :   000;
	434c  :   000;
	434d  :   000;
	434e  :   000;
	434f  :   000;
	4350  :   000;
	4351  :   000;
	4352  :   000;
	4353  :   000;
	4354  :   000;
	4355  :   000;
	4356  :   000;
	4357  :   000;
	4358  :   000;
	4359  :   000;
	435a  :   000;
	435b  :   000;
	435c  :   000;
	435d  :   000;
	435e  :   000;
	435f  :   000;
	4360  :   000;
	4361  :   000;
	4362  :   000;
	4363  :   000;
	4364  :   000;
	4365  :   000;
	4366  :   000;
	4367  :   000;
	4368  :   000;
	4369  :   000;
	436a  :   000;
	436b  :   000;
	436c  :   000;
	436d  :   000;
	436e  :   000;
	436f  :   000;
	4370  :   000;
	4371  :   000;
	4372  :   000;
	4373  :   000;
	4374  :   000;
	4375  :   000;
	4376  :   000;
	4377  :   000;
	4378  :   000;
	4379  :   000;
	437a  :   000;
	437b  :   000;
	437c  :   000;
	437d  :   000;
	437e  :   000;
	437f  :   000;
	4380  :   000;
	4381  :   000;
	4382  :   000;
	4383  :   000;
	4384  :   000;
	4385  :   000;
	4386  :   000;
	4387  :   000;
	4388  :   000;
	4389  :   000;
	438a  :   000;
	438b  :   000;
	438c  :   000;
	438d  :   000;
	438e  :   000;
	438f  :   000;
	4390  :   000;
	4391  :   000;
	4392  :   000;
	4393  :   000;
	4394  :   000;
	4395  :   000;
	4396  :   000;
	4397  :   000;
	4398  :   000;
	4399  :   000;
	439a  :   000;
	439b  :   000;
	439c  :   000;
	439d  :   000;
	439e  :   111;
	439f  :   111;
	43a0  :   111;
	43a1  :   000;
	43a2  :   000;
	43a3  :   000;
	43a4  :   000;
	43a5  :   000;
	43a6  :   000;
	43a7  :   000;
	43a8  :   000;
	43a9  :   000;
	43aa  :   000;
	43ab  :   000;
	43ac  :   111;
	43ad  :   111;
	43ae  :   111;
	43af  :   111;
	43b0  :   000;
	43b1  :   000;
	43b2  :   000;
	43b3  :   000;
	43b4  :   000;
	43b5  :   000;
	43b6  :   000;
	43b7  :   000;
	43b8  :   111;
	43b9  :   111;
	43ba  :   111;
	43bb  :   111;
	43bc  :   111;
	43bd  :   111;
	43be  :   111;
	43bf  :   111;
	43c0  :   111;
	43c1  :   111;
	43c2  :   111;
	43c3  :   000;
	43c4  :   000;
	43c5  :   000;
	43c6  :   000;
	43c7  :   000;
	43c8  :   000;
	43c9  :   000;
	43ca  :   000;
	43cb  :   000;
	43cc  :   000;
	43cd  :   111;
	43ce  :   111;
	43cf  :   111;
	43d0  :   111;
	43d1  :   000;
	43d2  :   000;
	43d3  :   000;
	43d4  :   000;
	43d5  :   000;
	43d6  :   000;
	43d7  :   000;
	43d8  :   000;
	43d9  :   000;
	43da  :   111;
	43db  :   111;
	43dc  :   111;
	43dd  :   111;
	43de  :   000;
	43df  :   000;
	43e0  :   000;
	43e1  :   000;
	43e2  :   000;
	43e3  :   111;
	43e4  :   111;
	43e5  :   111;
	43e6  :   111;
	43e7  :   000;
	43e8  :   000;
	43e9  :   000;
	43ea  :   000;
	43eb  :   000;
	43ec  :   111;
	43ed  :   111;
	43ee  :   111;
	43ef  :   111;
	43f0  :   000;
	43f1  :   000;
	43f2  :   000;
	43f3  :   000;
	43f4  :   000;
	43f5  :   000;
	43f6  :   000;
	43f7  :   000;
	43f8  :   000;
	43f9  :   000;
	43fa  :   000;
	43fb  :   000;
	43fc  :   000;
	43fd  :   000;
	43fe  :   000;
	43ff  :   000;
	4400  :   000;
	4401  :   000;
	4402  :   000;
	4403  :   000;
	4404  :   000;
	4405  :   000;
	4406  :   000;
	4407  :   000;
	4408  :   000;
	4409  :   000;
	440a  :   000;
	440b  :   000;
	440c  :   000;
	440d  :   000;
	440e  :   000;
	440f  :   000;
	4410  :   000;
	4411  :   000;
	4412  :   000;
	4413  :   000;
	4414  :   000;
	4415  :   000;
	4416  :   000;
	4417  :   000;
	4418  :   000;
	4419  :   000;
	441a  :   000;
	441b  :   000;
	441c  :   000;
	441d  :   000;
	441e  :   000;
	441f  :   000;
	4420  :   000;
	4421  :   000;
	4422  :   000;
	4423  :   000;
	4424  :   000;
	4425  :   000;
	4426  :   000;
	4427  :   000;
	4428  :   000;
	4429  :   000;
	442a  :   000;
	442b  :   000;
	442c  :   000;
	442d  :   000;
	442e  :   000;
	442f  :   000;
	4430  :   000;
	4431  :   000;
	4432  :   000;
	4433  :   000;
	4434  :   000;
	4435  :   000;
	4436  :   000;
	4437  :   000;
	4438  :   000;
	4439  :   000;
	443a  :   000;
	443b  :   000;
	443c  :   000;
	443d  :   000;
	443e  :   000;
	443f  :   000;
	4440  :   000;
	4441  :   000;
	4442  :   000;
	4443  :   000;
	4444  :   000;
	4445  :   000;
	4446  :   000;
	4447  :   000;
	4448  :   000;
	4449  :   000;
	444a  :   000;
	444b  :   000;
	444c  :   000;
	444d  :   000;
	444e  :   000;
	444f  :   000;
	4450  :   000;
	4451  :   000;
	4452  :   000;
	4453  :   000;
	4454  :   000;
	4455  :   000;
	4456  :   000;
	4457  :   000;
	4458  :   000;
	4459  :   000;
	445a  :   000;
	445b  :   000;
	445c  :   000;
	445d  :   000;
	445e  :   000;
	445f  :   000;
	4460  :   000;
	4461  :   000;
	4462  :   000;
	4463  :   000;
	4464  :   000;
	4465  :   000;
	4466  :   000;
	4467  :   000;
	4468  :   000;
	4469  :   000;
	446a  :   000;
	446b  :   000;
	446c  :   000;
	446d  :   000;
	446e  :   000;
	446f  :   000;
	4470  :   000;
	4471  :   000;
	4472  :   000;
	4473  :   000;
	4474  :   000;
	4475  :   000;
	4476  :   000;
	4477  :   000;
	4478  :   000;
	4479  :   000;
	447a  :   000;
	447b  :   000;
	447c  :   000;
	447d  :   000;
	447e  :   111;
	447f  :   111;
	4480  :   111;
	4481  :   111;
	4482  :   000;
	4483  :   000;
	4484  :   000;
	4485  :   000;
	4486  :   111;
	4487  :   000;
	4488  :   000;
	4489  :   000;
	448a  :   000;
	448b  :   000;
	448c  :   111;
	448d  :   111;
	448e  :   111;
	448f  :   111;
	4490  :   000;
	4491  :   000;
	4492  :   000;
	4493  :   000;
	4494  :   000;
	4495  :   000;
	4496  :   000;
	4497  :   000;
	4498  :   111;
	4499  :   111;
	449a  :   111;
	449b  :   111;
	449c  :   111;
	449d  :   111;
	449e  :   111;
	449f  :   111;
	44a0  :   111;
	44a1  :   111;
	44a2  :   111;
	44a3  :   000;
	44a4  :   000;
	44a5  :   000;
	44a6  :   000;
	44a7  :   000;
	44a8  :   000;
	44a9  :   000;
	44aa  :   000;
	44ab  :   000;
	44ac  :   000;
	44ad  :   111;
	44ae  :   111;
	44af  :   111;
	44b0  :   111;
	44b1  :   000;
	44b2  :   000;
	44b3  :   000;
	44b4  :   000;
	44b5  :   000;
	44b6  :   000;
	44b7  :   000;
	44b8  :   000;
	44b9  :   000;
	44ba  :   111;
	44bb  :   111;
	44bc  :   111;
	44bd  :   111;
	44be  :   000;
	44bf  :   000;
	44c0  :   000;
	44c1  :   000;
	44c2  :   000;
	44c3  :   111;
	44c4  :   111;
	44c5  :   111;
	44c6  :   111;
	44c7  :   000;
	44c8  :   000;
	44c9  :   000;
	44ca  :   000;
	44cb  :   000;
	44cc  :   111;
	44cd  :   111;
	44ce  :   111;
	44cf  :   111;
	44d0  :   000;
	44d1  :   000;
	44d2  :   000;
	44d3  :   000;
	44d4  :   111;
	44d5  :   000;
	44d6  :   000;
	44d7  :   000;
	44d8  :   000;
	44d9  :   000;
	44da  :   000;
	44db  :   000;
	44dc  :   000;
	44dd  :   000;
	44de  :   000;
	44df  :   000;
	44e0  :   000;
	44e1  :   000;
	44e2  :   000;
	44e3  :   000;
	44e4  :   000;
	44e5  :   000;
	44e6  :   000;
	44e7  :   000;
	44e8  :   000;
	44e9  :   000;
	44ea  :   000;
	44eb  :   000;
	44ec  :   000;
	44ed  :   000;
	44ee  :   000;
	44ef  :   000;
	44f0  :   000;
	44f1  :   000;
	44f2  :   000;
	44f3  :   000;
	44f4  :   000;
	44f5  :   000;
	44f6  :   000;
	44f7  :   000;
	44f8  :   000;
	44f9  :   000;
	44fa  :   000;
	44fb  :   000;
	44fc  :   000;
	44fd  :   000;
	44fe  :   000;
	44ff  :   000;
	4500  :   000;
	4501  :   000;
	4502  :   000;
	4503  :   000;
	4504  :   000;
	4505  :   000;
	4506  :   000;
	4507  :   000;
	4508  :   000;
	4509  :   000;
	450a  :   000;
	450b  :   000;
	450c  :   000;
	450d  :   000;
	450e  :   000;
	450f  :   000;
	4510  :   000;
	4511  :   000;
	4512  :   000;
	4513  :   000;
	4514  :   000;
	4515  :   000;
	4516  :   000;
	4517  :   000;
	4518  :   000;
	4519  :   000;
	451a  :   000;
	451b  :   000;
	451c  :   000;
	451d  :   000;
	451e  :   000;
	451f  :   000;
	4520  :   000;
	4521  :   000;
	4522  :   000;
	4523  :   000;
	4524  :   000;
	4525  :   000;
	4526  :   000;
	4527  :   000;
	4528  :   000;
	4529  :   000;
	452a  :   000;
	452b  :   000;
	452c  :   000;
	452d  :   000;
	452e  :   000;
	452f  :   000;
	4530  :   000;
	4531  :   000;
	4532  :   000;
	4533  :   000;
	4534  :   000;
	4535  :   000;
	4536  :   000;
	4537  :   000;
	4538  :   000;
	4539  :   000;
	453a  :   000;
	453b  :   000;
	453c  :   000;
	453d  :   000;
	453e  :   000;
	453f  :   000;
	4540  :   000;
	4541  :   000;
	4542  :   000;
	4543  :   000;
	4544  :   000;
	4545  :   000;
	4546  :   000;
	4547  :   000;
	4548  :   000;
	4549  :   000;
	454a  :   000;
	454b  :   000;
	454c  :   000;
	454d  :   000;
	454e  :   000;
	454f  :   000;
	4550  :   000;
	4551  :   000;
	4552  :   000;
	4553  :   000;
	4554  :   000;
	4555  :   000;
	4556  :   000;
	4557  :   000;
	4558  :   000;
	4559  :   000;
	455a  :   000;
	455b  :   000;
	455c  :   000;
	455d  :   000;
	455e  :   111;
	455f  :   111;
	4560  :   111;
	4561  :   111;
	4562  :   111;
	4563  :   000;
	4564  :   111;
	4565  :   111;
	4566  :   111;
	4567  :   111;
	4568  :   000;
	4569  :   000;
	456a  :   000;
	456b  :   000;
	456c  :   111;
	456d  :   111;
	456e  :   111;
	456f  :   111;
	4570  :   111;
	4571  :   111;
	4572  :   111;
	4573  :   111;
	4574  :   111;
	4575  :   000;
	4576  :   000;
	4577  :   000;
	4578  :   111;
	4579  :   111;
	457a  :   111;
	457b  :   111;
	457c  :   000;
	457d  :   000;
	457e  :   000;
	457f  :   000;
	4580  :   111;
	4581  :   111;
	4582  :   111;
	4583  :   111;
	4584  :   000;
	4585  :   000;
	4586  :   000;
	4587  :   111;
	4588  :   111;
	4589  :   111;
	458a  :   111;
	458b  :   000;
	458c  :   000;
	458d  :   111;
	458e  :   111;
	458f  :   111;
	4590  :   111;
	4591  :   000;
	4592  :   000;
	4593  :   000;
	4594  :   111;
	4595  :   111;
	4596  :   111;
	4597  :   111;
	4598  :   000;
	4599  :   111;
	459a  :   111;
	459b  :   111;
	459c  :   111;
	459d  :   111;
	459e  :   000;
	459f  :   000;
	45a0  :   000;
	45a1  :   111;
	45a2  :   111;
	45a3  :   111;
	45a4  :   111;
	45a5  :   111;
	45a6  :   111;
	45a7  :   111;
	45a8  :   000;
	45a9  :   000;
	45aa  :   000;
	45ab  :   000;
	45ac  :   111;
	45ad  :   111;
	45ae  :   111;
	45af  :   111;
	45b0  :   111;
	45b1  :   111;
	45b2  :   111;
	45b3  :   111;
	45b4  :   111;
	45b5  :   111;
	45b6  :   000;
	45b7  :   000;
	45b8  :   000;
	45b9  :   000;
	45ba  :   000;
	45bb  :   000;
	45bc  :   000;
	45bd  :   000;
	45be  :   000;
	45bf  :   000;
	45c0  :   000;
	45c1  :   000;
	45c2  :   000;
	45c3  :   000;
	45c4  :   000;
	45c5  :   000;
	45c6  :   000;
	45c7  :   000;
	45c8  :   000;
	45c9  :   000;
	45ca  :   000;
	45cb  :   000;
	45cc  :   000;
	45cd  :   000;
	45ce  :   000;
	45cf  :   000;
	45d0  :   000;
	45d1  :   000;
	45d2  :   000;
	45d3  :   000;
	45d4  :   000;
	45d5  :   000;
	45d6  :   000;
	45d7  :   000;
	45d8  :   000;
	45d9  :   000;
	45da  :   000;
	45db  :   000;
	45dc  :   000;
	45dd  :   000;
	45de  :   000;
	45df  :   000;
	45e0  :   000;
	45e1  :   000;
	45e2  :   000;
	45e3  :   000;
	45e4  :   000;
	45e5  :   000;
	45e6  :   000;
	45e7  :   000;
	45e8  :   000;
	45e9  :   000;
	45ea  :   000;
	45eb  :   000;
	45ec  :   000;
	45ed  :   000;
	45ee  :   000;
	45ef  :   000;
	45f0  :   000;
	45f1  :   000;
	45f2  :   000;
	45f3  :   000;
	45f4  :   000;
	45f5  :   000;
	45f6  :   000;
	45f7  :   000;
	45f8  :   000;
	45f9  :   000;
	45fa  :   000;
	45fb  :   000;
	45fc  :   000;
	45fd  :   000;
	45fe  :   000;
	45ff  :   000;
	4600  :   000;
	4601  :   000;
	4602  :   000;
	4603  :   000;
	4604  :   000;
	4605  :   000;
	4606  :   000;
	4607  :   000;
	4608  :   000;
	4609  :   000;
	460a  :   000;
	460b  :   000;
	460c  :   000;
	460d  :   000;
	460e  :   000;
	460f  :   000;
	4610  :   000;
	4611  :   000;
	4612  :   000;
	4613  :   000;
	4614  :   000;
	4615  :   000;
	4616  :   000;
	4617  :   000;
	4618  :   000;
	4619  :   000;
	461a  :   000;
	461b  :   000;
	461c  :   000;
	461d  :   000;
	461e  :   000;
	461f  :   000;
	4620  :   000;
	4621  :   000;
	4622  :   000;
	4623  :   000;
	4624  :   000;
	4625  :   000;
	4626  :   000;
	4627  :   000;
	4628  :   000;
	4629  :   000;
	462a  :   000;
	462b  :   000;
	462c  :   000;
	462d  :   000;
	462e  :   000;
	462f  :   000;
	4630  :   000;
	4631  :   000;
	4632  :   000;
	4633  :   000;
	4634  :   000;
	4635  :   000;
	4636  :   000;
	4637  :   000;
	4638  :   000;
	4639  :   000;
	463a  :   000;
	463b  :   000;
	463c  :   000;
	463d  :   000;
	463e  :   111;
	463f  :   111;
	4640  :   111;
	4641  :   111;
	4642  :   111;
	4643  :   111;
	4644  :   111;
	4645  :   111;
	4646  :   111;
	4647  :   111;
	4648  :   111;
	4649  :   000;
	464a  :   000;
	464b  :   000;
	464c  :   111;
	464d  :   111;
	464e  :   111;
	464f  :   111;
	4650  :   111;
	4651  :   111;
	4652  :   111;
	4653  :   111;
	4654  :   111;
	4655  :   000;
	4656  :   000;
	4657  :   111;
	4658  :   111;
	4659  :   111;
	465a  :   111;
	465b  :   000;
	465c  :   000;
	465d  :   000;
	465e  :   000;
	465f  :   000;
	4660  :   111;
	4661  :   111;
	4662  :   111;
	4663  :   111;
	4664  :   000;
	4665  :   000;
	4666  :   000;
	4667  :   111;
	4668  :   111;
	4669  :   111;
	466a  :   111;
	466b  :   111;
	466c  :   111;
	466d  :   111;
	466e  :   111;
	466f  :   111;
	4670  :   111;
	4671  :   000;
	4672  :   000;
	4673  :   000;
	4674  :   111;
	4675  :   111;
	4676  :   111;
	4677  :   111;
	4678  :   111;
	4679  :   111;
	467a  :   111;
	467b  :   111;
	467c  :   111;
	467d  :   111;
	467e  :   000;
	467f  :   000;
	4680  :   000;
	4681  :   111;
	4682  :   111;
	4683  :   111;
	4684  :   111;
	4685  :   111;
	4686  :   111;
	4687  :   111;
	4688  :   111;
	4689  :   000;
	468a  :   000;
	468b  :   000;
	468c  :   000;
	468d  :   111;
	468e  :   111;
	468f  :   111;
	4690  :   111;
	4691  :   111;
	4692  :   111;
	4693  :   111;
	4694  :   111;
	4695  :   111;
	4696  :   111;
	4697  :   000;
	4698  :   000;
	4699  :   000;
	469a  :   000;
	469b  :   000;
	469c  :   000;
	469d  :   000;
	469e  :   000;
	469f  :   000;
	46a0  :   000;
	46a1  :   000;
	46a2  :   000;
	46a3  :   000;
	46a4  :   000;
	46a5  :   000;
	46a6  :   000;
	46a7  :   000;
	46a8  :   000;
	46a9  :   000;
	46aa  :   000;
	46ab  :   000;
	46ac  :   000;
	46ad  :   000;
	46ae  :   000;
	46af  :   000;
	46b0  :   000;
	46b1  :   000;
	46b2  :   000;
	46b3  :   000;
	46b4  :   000;
	46b5  :   000;
	46b6  :   000;
	46b7  :   000;
	46b8  :   000;
	46b9  :   000;
	46ba  :   000;
	46bb  :   000;
	46bc  :   000;
	46bd  :   000;
	46be  :   000;
	46bf  :   000;
	46c0  :   000;
	46c1  :   000;
	46c2  :   000;
	46c3  :   000;
	46c4  :   000;
	46c5  :   000;
	46c6  :   000;
	46c7  :   000;
	46c8  :   000;
	46c9  :   000;
	46ca  :   000;
	46cb  :   000;
	46cc  :   000;
	46cd  :   000;
	46ce  :   000;
	46cf  :   000;
	46d0  :   000;
	46d1  :   000;
	46d2  :   000;
	46d3  :   000;
	46d4  :   000;
	46d5  :   000;
	46d6  :   000;
	46d7  :   000;
	46d8  :   000;
	46d9  :   000;
	46da  :   000;
	46db  :   000;
	46dc  :   000;
	46dd  :   000;
	46de  :   000;
	46df  :   000;
	46e0  :   000;
	46e1  :   000;
	46e2  :   000;
	46e3  :   000;
	46e4  :   000;
	46e5  :   000;
	46e6  :   000;
	46e7  :   000;
	46e8  :   000;
	46e9  :   000;
	46ea  :   000;
	46eb  :   000;
	46ec  :   000;
	46ed  :   000;
	46ee  :   000;
	46ef  :   000;
	46f0  :   000;
	46f1  :   000;
	46f2  :   000;
	46f3  :   000;
	46f4  :   000;
	46f5  :   000;
	46f6  :   000;
	46f7  :   000;
	46f8  :   000;
	46f9  :   000;
	46fa  :   000;
	46fb  :   000;
	46fc  :   000;
	46fd  :   000;
	46fe  :   000;
	46ff  :   000;
	4700  :   000;
	4701  :   000;
	4702  :   000;
	4703  :   000;
	4704  :   000;
	4705  :   000;
	4706  :   000;
	4707  :   000;
	4708  :   000;
	4709  :   000;
	470a  :   000;
	470b  :   000;
	470c  :   000;
	470d  :   000;
	470e  :   000;
	470f  :   000;
	4710  :   000;
	4711  :   000;
	4712  :   000;
	4713  :   000;
	4714  :   000;
	4715  :   000;
	4716  :   000;
	4717  :   000;
	4718  :   000;
	4719  :   000;
	471a  :   000;
	471b  :   000;
	471c  :   000;
	471d  :   000;
	471e  :   000;
	471f  :   111;
	4720  :   111;
	4721  :   111;
	4722  :   111;
	4723  :   111;
	4724  :   111;
	4725  :   111;
	4726  :   111;
	4727  :   111;
	4728  :   000;
	4729  :   000;
	472a  :   000;
	472b  :   000;
	472c  :   111;
	472d  :   111;
	472e  :   111;
	472f  :   111;
	4730  :   111;
	4731  :   111;
	4732  :   111;
	4733  :   111;
	4734  :   111;
	4735  :   000;
	4736  :   000;
	4737  :   111;
	4738  :   111;
	4739  :   111;
	473a  :   111;
	473b  :   000;
	473c  :   000;
	473d  :   000;
	473e  :   000;
	473f  :   000;
	4740  :   111;
	4741  :   111;
	4742  :   111;
	4743  :   111;
	4744  :   000;
	4745  :   000;
	4746  :   000;
	4747  :   111;
	4748  :   111;
	4749  :   111;
	474a  :   111;
	474b  :   111;
	474c  :   111;
	474d  :   111;
	474e  :   111;
	474f  :   111;
	4750  :   000;
	4751  :   000;
	4752  :   000;
	4753  :   000;
	4754  :   111;
	4755  :   111;
	4756  :   111;
	4757  :   111;
	4758  :   111;
	4759  :   111;
	475a  :   111;
	475b  :   111;
	475c  :   111;
	475d  :   000;
	475e  :   000;
	475f  :   000;
	4760  :   000;
	4761  :   111;
	4762  :   111;
	4763  :   111;
	4764  :   111;
	4765  :   111;
	4766  :   111;
	4767  :   111;
	4768  :   111;
	4769  :   000;
	476a  :   000;
	476b  :   000;
	476c  :   000;
	476d  :   111;
	476e  :   111;
	476f  :   111;
	4770  :   111;
	4771  :   111;
	4772  :   111;
	4773  :   111;
	4774  :   111;
	4775  :   111;
	4776  :   000;
	4777  :   000;
	4778  :   000;
	4779  :   000;
	477a  :   000;
	477b  :   000;
	477c  :   000;
	477d  :   000;
	477e  :   000;
	477f  :   000;
	4780  :   000;
	4781  :   000;
	4782  :   000;
	4783  :   000;
	4784  :   000;
	4785  :   000;
	4786  :   000;
	4787  :   000;
	4788  :   000;
	4789  :   000;
	478a  :   000;
	478b  :   000;
	478c  :   000;
	478d  :   000;
	478e  :   000;
	478f  :   000;
	4790  :   000;
	4791  :   000;
	4792  :   000;
	4793  :   000;
	4794  :   000;
	4795  :   000;
	4796  :   000;
	4797  :   000;
	4798  :   000;
	4799  :   000;
	479a  :   000;
	479b  :   000;
	479c  :   000;
	479d  :   000;
	479e  :   000;
	479f  :   000;
	47a0  :   000;
	47a1  :   000;
	47a2  :   000;
	47a3  :   000;
	47a4  :   000;
	47a5  :   000;
	47a6  :   000;
	47a7  :   000;
	47a8  :   000;
	47a9  :   000;
	47aa  :   000;
	47ab  :   000;
	47ac  :   000;
	47ad  :   000;
	47ae  :   000;
	47af  :   000;
	47b0  :   000;
	47b1  :   000;
	47b2  :   000;
	47b3  :   000;
	47b4  :   000;
	47b5  :   000;
	47b6  :   000;
	47b7  :   000;
	47b8  :   000;
	47b9  :   000;
	47ba  :   000;
	47bb  :   000;
	47bc  :   000;
	47bd  :   000;
	47be  :   000;
	47bf  :   000;
	47c0  :   000;
	47c1  :   000;
	47c2  :   000;
	47c3  :   000;
	47c4  :   000;
	47c5  :   000;
	47c6  :   000;
	47c7  :   000;
	47c8  :   000;
	47c9  :   000;
	47ca  :   000;
	47cb  :   000;
	47cc  :   000;
	47cd  :   000;
	47ce  :   000;
	47cf  :   000;
	47d0  :   000;
	47d1  :   000;
	47d2  :   000;
	47d3  :   000;
	47d4  :   000;
	47d5  :   000;
	47d6  :   000;
	47d7  :   000;
	47d8  :   000;
	47d9  :   000;
	47da  :   000;
	47db  :   000;
	47dc  :   000;
	47dd  :   000;
	47de  :   000;
	47df  :   000;
	47e0  :   000;
	47e1  :   000;
	47e2  :   000;
	47e3  :   000;
	47e4  :   000;
	47e5  :   000;
	47e6  :   000;
	47e7  :   000;
	47e8  :   000;
	47e9  :   000;
	47ea  :   000;
	47eb  :   000;
	47ec  :   000;
	47ed  :   000;
	47ee  :   000;
	47ef  :   000;
	47f0  :   000;
	47f1  :   000;
	47f2  :   000;
	47f3  :   000;
	47f4  :   000;
	47f5  :   000;
	47f6  :   000;
	47f7  :   000;
	47f8  :   000;
	47f9  :   000;
	47fa  :   000;
	47fb  :   000;
	47fc  :   000;
	47fd  :   000;
	47fe  :   000;
	47ff  :   000;
	4800  :   111;
	4801  :   111;
	4802  :   111;
	4803  :   111;
	4804  :   111;
	4805  :   111;
	4806  :   111;
	4807  :   000;
	4808  :   000;
	4809  :   000;
	480a  :   000;
	480b  :   000;
	480c  :   111;
	480d  :   111;
	480e  :   111;
	480f  :   111;
	4810  :   111;
	4811  :   111;
	4812  :   111;
	4813  :   111;
	4814  :   111;
	4815  :   000;
	4816  :   000;
	4817  :   111;
	4818  :   111;
	4819  :   111;
	481a  :   111;
	481b  :   000;
	481c  :   000;
	481d  :   000;
	481e  :   000;
	481f  :   000;
	4820  :   000;
	4821  :   111;
	4822  :   111;
	4823  :   111;
	4824  :   000;
	4825  :   000;
	4826  :   000;
	4827  :   000;
	4828  :   111;
	4829  :   111;
	482a  :   111;
	482b  :   111;
	482c  :   111;
	482d  :   111;
	482e  :   111;
	482f  :   000;
	4830  :   000;
	4831  :   000;
	4832  :   000;
	4833  :   000;
	4834  :   000;
	4835  :   111;
	4836  :   111;
	4837  :   111;
	4838  :   111;
	4839  :   111;
	483a  :   111;
	483b  :   111;
	483c  :   000;
	483d  :   000;
	483e  :   000;
	483f  :   000;
	4840  :   000;
	4841  :   111;
	4842  :   111;
	4843  :   111;
	4844  :   111;
	4845  :   111;
	4846  :   111;
	4847  :   111;
	4848  :   111;
	4849  :   000;
	484a  :   000;
	484b  :   000;
	484c  :   000;
	484d  :   000;
	484e  :   111;
	484f  :   111;
	4850  :   111;
	4851  :   111;
	4852  :   111;
	4853  :   111;
	4854  :   111;
	4855  :   000;
	4856  :   000;
	4857  :   000;
	4858  :   000;
	4859  :   000;
	485a  :   000;
	485b  :   000;
	485c  :   000;
	485d  :   000;
	485e  :   000;
	485f  :   000;
	4860  :   000;
	4861  :   000;
	4862  :   000;
	4863  :   000;
	4864  :   000;
	4865  :   000;
	4866  :   000;
	4867  :   000;
	4868  :   000;
	4869  :   000;
	486a  :   000;
	486b  :   000;
	486c  :   000;
	486d  :   000;
	486e  :   000;
	486f  :   000;
	4870  :   000;
	4871  :   000;
	4872  :   000;
	4873  :   000;
	4874  :   000;
	4875  :   000;
	4876  :   000;
	4877  :   000;
	4878  :   000;
	4879  :   000;
	487a  :   000;
	487b  :   000;
	487c  :   000;
	487d  :   000;
	487e  :   000;
	487f  :   000;
	4880  :   000;
	4881  :   000;
	4882  :   000;
	4883  :   000;
	4884  :   000;
	4885  :   000;
	4886  :   000;
	4887  :   000;
	4888  :   000;
	4889  :   000;
	488a  :   000;
	488b  :   000;
	488c  :   000;
	488d  :   000;
	488e  :   000;
	488f  :   000;
	4890  :   000;
	4891  :   000;
	4892  :   000;
	4893  :   000;
	4894  :   000;
	4895  :   000;
	4896  :   000;
	4897  :   000;
	4898  :   000;
	4899  :   000;
	489a  :   000;
	489b  :   000;
	489c  :   000;
	489d  :   000;
	489e  :   000;
	489f  :   000;
	48a0  :   000;
	48a1  :   000;
	48a2  :   000;
	48a3  :   000;
	48a4  :   000;
	48a5  :   000;
	48a6  :   000;
	48a7  :   000;
	48a8  :   000;
	48a9  :   000;
	48aa  :   000;
	48ab  :   000;
	48ac  :   000;
	48ad  :   000;
	48ae  :   000;
	48af  :   000;
	48b0  :   000;
	48b1  :   000;
	48b2  :   000;
	48b3  :   000;
	48b4  :   000;
	48b5  :   000;
	48b6  :   000;
	48b7  :   000;
	48b8  :   000;
	48b9  :   000;
	48ba  :   000;
	48bb  :   000;
	48bc  :   000;
	48bd  :   000;
	48be  :   000;
	48bf  :   000;
	48c0  :   000;
	48c1  :   000;
	48c2  :   000;
	48c3  :   000;
	48c4  :   000;
	48c5  :   000;
	48c6  :   000;
	48c7  :   000;
	48c8  :   000;
	48c9  :   000;
	48ca  :   000;
	48cb  :   000;
	48cc  :   000;
	48cd  :   000;
	48ce  :   000;
	48cf  :   000;
	48d0  :   000;
	48d1  :   000;
	48d2  :   000;
	48d3  :   000;
	48d4  :   000;
	48d5  :   000;
	48d6  :   000;
	48d7  :   000;
	48d8  :   000;
	48d9  :   000;
	48da  :   000;
	48db  :   000;
	48dc  :   000;
	48dd  :   000;
	48de  :   000;
	48df  :   000;
	48e0  :   000;
	48e1  :   000;
	48e2  :   000;
	48e3  :   000;
	48e4  :   000;
	48e5  :   000;
	48e6  :   000;
	48e7  :   000;
	48e8  :   000;
	48e9  :   000;
	48ea  :   000;
	48eb  :   000;
	48ec  :   000;
	48ed  :   000;
	48ee  :   000;
	48ef  :   000;
	48f0  :   000;
	48f1  :   000;
	48f2  :   000;
	48f3  :   000;
	48f4  :   000;
	48f5  :   000;
	48f6  :   000;
	48f7  :   000;
	48f8  :   000;
	48f9  :   000;
	48fa  :   000;
	48fb  :   000;
	48fc  :   000;
	48fd  :   000;
	48fe  :   000;
	48ff  :   000;
	4900  :   000;
	4901  :   000;
	4902  :   000;
	4903  :   000;
	4904  :   000;
	4905  :   000;
	4906  :   000;
	4907  :   000;
	4908  :   000;
	4909  :   000;
	490a  :   000;
	490b  :   000;
	490c  :   000;
	490d  :   000;
	490e  :   000;
	490f  :   000;
	4910  :   000;
	4911  :   000;
	4912  :   000;
	4913  :   000;
	4914  :   000;
	4915  :   000;
	4916  :   000;
	4917  :   000;
	4918  :   000;
	4919  :   000;
	491a  :   000;
	491b  :   000;
	491c  :   000;
	491d  :   000;
	491e  :   000;
	491f  :   000;
	4920  :   000;
	4921  :   000;
	4922  :   000;
	4923  :   000;
	4924  :   000;
	4925  :   000;
	4926  :   000;
	4927  :   000;
	4928  :   000;
	4929  :   000;
	492a  :   000;
	492b  :   000;
	492c  :   000;
	492d  :   000;
	492e  :   000;
	492f  :   000;
	4930  :   000;
	4931  :   000;
	4932  :   000;
	4933  :   000;
	4934  :   000;
	4935  :   000;
	4936  :   000;
	4937  :   000;
	4938  :   000;
	4939  :   000;
	493a  :   000;
	493b  :   000;
	493c  :   000;
	493d  :   000;
	493e  :   000;
	493f  :   000;
	4940  :   000;
	4941  :   000;
	4942  :   000;
	4943  :   000;
	4944  :   000;
	4945  :   000;
	4946  :   000;
	4947  :   000;
	4948  :   000;
	4949  :   000;
	494a  :   000;
	494b  :   000;
	494c  :   000;
	494d  :   000;
	494e  :   000;
	494f  :   000;
	4950  :   000;
	4951  :   000;
	4952  :   000;
	4953  :   000;
	4954  :   000;
	4955  :   000;
	4956  :   000;
	4957  :   000;
	4958  :   000;
	4959  :   000;
	495a  :   000;
	495b  :   000;
	495c  :   000;
	495d  :   000;
	495e  :   000;
	495f  :   000;
	4960  :   000;
	4961  :   000;
	4962  :   000;
	4963  :   000;
	4964  :   000;
	4965  :   000;
	4966  :   000;
	4967  :   000;
	4968  :   000;
	4969  :   000;
	496a  :   000;
	496b  :   000;
	496c  :   000;
	496d  :   000;
	496e  :   000;
	496f  :   000;
	4970  :   000;
	4971  :   000;
	4972  :   000;
	4973  :   000;
	4974  :   000;
	4975  :   000;
	4976  :   000;
	4977  :   000;
	4978  :   000;
	4979  :   000;
	497a  :   000;
	497b  :   000;
	497c  :   000;
	497d  :   000;
	497e  :   000;
	497f  :   000;
	4980  :   000;
	4981  :   000;
	4982  :   000;
	4983  :   000;
	4984  :   000;
	4985  :   000;
	4986  :   000;
	4987  :   000;
	4988  :   000;
	4989  :   000;
	498a  :   000;
	498b  :   000;
	498c  :   000;
	498d  :   000;
	498e  :   000;
	498f  :   000;
	4990  :   000;
	4991  :   000;
	4992  :   000;
	4993  :   000;
	4994  :   000;
	4995  :   000;
	4996  :   000;
	4997  :   000;
	4998  :   000;
	4999  :   000;
	499a  :   000;
	499b  :   000;
	499c  :   000;
	499d  :   000;
	499e  :   000;
	499f  :   000;
	49a0  :   000;
	49a1  :   000;
	49a2  :   000;
	49a3  :   000;
	49a4  :   000;
	49a5  :   000;
	49a6  :   000;
	49a7  :   000;
	49a8  :   000;
	49a9  :   000;
	49aa  :   000;
	49ab  :   000;
	49ac  :   000;
	49ad  :   000;
	49ae  :   000;
	49af  :   000;
	49b0  :   000;
	49b1  :   000;
	49b2  :   000;
	49b3  :   000;
	49b4  :   000;
	49b5  :   000;
	49b6  :   000;
	49b7  :   000;
	49b8  :   000;
	49b9  :   000;
	49ba  :   000;
	49bb  :   000;
	49bc  :   000;
	49bd  :   000;
	49be  :   000;
	49bf  :   000;
	49c0  :   000;
	49c1  :   000;
	49c2  :   000;
	49c3  :   000;
	49c4  :   000;
	49c5  :   000;
	49c6  :   000;
	49c7  :   000;
	49c8  :   000;
	49c9  :   000;
	49ca  :   000;
	49cb  :   000;
	49cc  :   000;
	49cd  :   000;
	49ce  :   000;
	49cf  :   000;
	49d0  :   000;
	49d1  :   000;
	49d2  :   000;
	49d3  :   000;
	49d4  :   000;
	49d5  :   000;
	49d6  :   000;
	49d7  :   000;
	49d8  :   000;
	49d9  :   000;
	49da  :   000;
	49db  :   000;
	49dc  :   000;
	49dd  :   000;
	49de  :   000;
	49df  :   000;
	49e0  :   000;
	49e1  :   000;
	49e2  :   000;
	49e3  :   000;
	49e4  :   000;
	49e5  :   000;
	49e6  :   000;
	49e7  :   000;
	49e8  :   000;
	49e9  :   000;
	49ea  :   000;
	49eb  :   000;
	49ec  :   000;
	49ed  :   000;
	49ee  :   000;
	49ef  :   000;
	49f0  :   000;
	49f1  :   000;
	49f2  :   000;
	49f3  :   000;
	49f4  :   000;
	49f5  :   000;
	49f6  :   000;
	49f7  :   000;
	49f8  :   000;
	49f9  :   000;
	49fa  :   000;
	49fb  :   000;
	49fc  :   000;
	49fd  :   000;
	49fe  :   000;
	49ff  :   000;
	4a00  :   000;
	4a01  :   000;
	4a02  :   000;
	4a03  :   000;
	4a04  :   000;
	4a05  :   000;
	4a06  :   000;
	4a07  :   000;
	4a08  :   000;
	4a09  :   000;
	4a0a  :   000;
	4a0b  :   000;
	4a0c  :   000;
	4a0d  :   000;
	4a0e  :   000;
	4a0f  :   000;
	4a10  :   000;
	4a11  :   000;
	4a12  :   000;
	4a13  :   000;
	4a14  :   000;
	4a15  :   000;
	4a16  :   000;
	4a17  :   000;
	4a18  :   000;
	4a19  :   000;
	4a1a  :   000;
	4a1b  :   000;
	4a1c  :   000;
	4a1d  :   000;
	4a1e  :   000;
	4a1f  :   000;
	4a20  :   000;
	4a21  :   000;
	4a22  :   000;
	4a23  :   000;
	4a24  :   000;
	4a25  :   000;
	4a26  :   000;
	4a27  :   000;
	4a28  :   000;
	4a29  :   000;
	4a2a  :   000;
	4a2b  :   000;
	4a2c  :   000;
	4a2d  :   000;
	4a2e  :   000;
	4a2f  :   000;
	4a30  :   000;
	4a31  :   000;
	4a32  :   000;
	4a33  :   000;
	4a34  :   000;
	4a35  :   000;
	4a36  :   000;
	4a37  :   000;
	4a38  :   000;
	4a39  :   000;
	4a3a  :   000;
	4a3b  :   000;
	4a3c  :   000;
	4a3d  :   000;
	4a3e  :   000;
	4a3f  :   000;
	4a40  :   000;
	4a41  :   000;
	4a42  :   000;
	4a43  :   000;
	4a44  :   000;
	4a45  :   000;
	4a46  :   000;
	4a47  :   000;
	4a48  :   000;
	4a49  :   000;
	4a4a  :   000;
	4a4b  :   000;
	4a4c  :   000;
	4a4d  :   000;
	4a4e  :   000;
	4a4f  :   000;
	4a50  :   000;
	4a51  :   000;
	4a52  :   000;
	4a53  :   000;
	4a54  :   000;
	4a55  :   000;
	4a56  :   000;
	4a57  :   000;
	4a58  :   000;
	4a59  :   000;
	4a5a  :   000;
	4a5b  :   000;
	4a5c  :   000;
	4a5d  :   000;
	4a5e  :   000;
	4a5f  :   000;
	4a60  :   000;
	4a61  :   000;
	4a62  :   000;
	4a63  :   000;
	4a64  :   000;
	4a65  :   000;
	4a66  :   000;
	4a67  :   000;
	4a68  :   000;
	4a69  :   000;
	4a6a  :   000;
	4a6b  :   000;
	4a6c  :   000;
	4a6d  :   000;
	4a6e  :   000;
	4a6f  :   000;
	4a70  :   000;
	4a71  :   000;
	4a72  :   000;
	4a73  :   000;
	4a74  :   000;
	4a75  :   000;
	4a76  :   000;
	4a77  :   000;
	4a78  :   000;
	4a79  :   000;
	4a7a  :   000;
	4a7b  :   000;
	4a7c  :   000;
	4a7d  :   000;
	4a7e  :   000;
	4a7f  :   000;
	4a80  :   000;
	4a81  :   000;
	4a82  :   000;
	4a83  :   000;
	4a84  :   000;
	4a85  :   000;
	4a86  :   000;
	4a87  :   000;
	4a88  :   000;
	4a89  :   000;
	4a8a  :   000;
	4a8b  :   000;
	4a8c  :   000;
	4a8d  :   000;
	4a8e  :   000;
	4a8f  :   000;
	4a90  :   000;
	4a91  :   000;
	4a92  :   000;
	4a93  :   000;
	4a94  :   000;
	4a95  :   000;
	4a96  :   000;
	4a97  :   000;
	4a98  :   000;
	4a99  :   000;
	4a9a  :   000;
	4a9b  :   000;
	4a9c  :   000;
	4a9d  :   000;
	4a9e  :   000;
	4a9f  :   000;
	4aa0  :   000;
	4aa1  :   000;
	4aa2  :   000;
	4aa3  :   000;
	4aa4  :   000;
	4aa5  :   000;
	4aa6  :   000;
	4aa7  :   000;
	4aa8  :   000;
	4aa9  :   000;
	4aaa  :   000;
	4aab  :   000;
	4aac  :   000;
	4aad  :   000;
	4aae  :   000;
	4aaf  :   000;
	4ab0  :   000;
	4ab1  :   000;
	4ab2  :   000;
	4ab3  :   000;
	4ab4  :   000;
	4ab5  :   000;
	4ab6  :   000;
	4ab7  :   000;
	4ab8  :   000;
	4ab9  :   000;
	4aba  :   000;
	4abb  :   000;
	4abc  :   000;
	4abd  :   000;
	4abe  :   000;
	4abf  :   000;
	4ac0  :   000;
	4ac1  :   000;
	4ac2  :   000;
	4ac3  :   000;
	4ac4  :   000;
	4ac5  :   000;
	4ac6  :   000;
	4ac7  :   000;
	4ac8  :   000;
	4ac9  :   000;
	4aca  :   000;
	4acb  :   000;
	4acc  :   000;
	4acd  :   000;
	4ace  :   000;
	4acf  :   000;
	4ad0  :   000;
	4ad1  :   000;
	4ad2  :   000;
	4ad3  :   000;
	4ad4  :   000;
	4ad5  :   000;
	4ad6  :   000;
	4ad7  :   000;
	4ad8  :   000;
	4ad9  :   000;
	4ada  :   000;
	4adb  :   000;
	4adc  :   000;
	4add  :   000;
	4ade  :   000;
	4adf  :   000;
	4ae0  :   000;
	4ae1  :   000;
	4ae2  :   000;
	4ae3  :   000;
	4ae4  :   000;
	4ae5  :   000;
	4ae6  :   000;
	4ae7  :   000;
	4ae8  :   000;
	4ae9  :   000;
	4aea  :   000;
	4aeb  :   000;
	4aec  :   000;
	4aed  :   000;
	4aee  :   000;
	4aef  :   000;
	4af0  :   000;
	4af1  :   000;
	4af2  :   000;
	4af3  :   000;
	4af4  :   000;
	4af5  :   000;
	4af6  :   000;
	4af7  :   000;
	4af8  :   000;
	4af9  :   000;
	4afa  :   000;
	4afb  :   000;
	4afc  :   000;
	4afd  :   000;
	4afe  :   000;
	4aff  :   000;
	4b00  :   000;
	4b01  :   000;
	4b02  :   000;
	4b03  :   000;
	4b04  :   000;
	4b05  :   000;
	4b06  :   000;
	4b07  :   000;
	4b08  :   000;
	4b09  :   000;
	4b0a  :   000;
	4b0b  :   000;
	4b0c  :   000;
	4b0d  :   000;
	4b0e  :   000;
	4b0f  :   000;
	4b10  :   000;
	4b11  :   000;
	4b12  :   000;
	4b13  :   000;
	4b14  :   000;
	4b15  :   000;
	4b16  :   000;
	4b17  :   000;
	4b18  :   000;
	4b19  :   000;
	4b1a  :   000;
	4b1b  :   000;
	4b1c  :   000;
	4b1d  :   000;
	4b1e  :   000;
	4b1f  :   000;
	4b20  :   000;
	4b21  :   000;
	4b22  :   000;
	4b23  :   000;
	4b24  :   000;
	4b25  :   000;
	4b26  :   000;
	4b27  :   000;
	4b28  :   000;
	4b29  :   000;
	4b2a  :   000;
	4b2b  :   000;
	4b2c  :   000;
	4b2d  :   000;
	4b2e  :   000;
	4b2f  :   000;
	4b30  :   000;
	4b31  :   000;
	4b32  :   000;
	4b33  :   000;
	4b34  :   000;
	4b35  :   000;
	4b36  :   000;
	4b37  :   000;
	4b38  :   000;
	4b39  :   000;
	4b3a  :   000;
	4b3b  :   000;
	4b3c  :   000;
	4b3d  :   000;
	4b3e  :   000;
	4b3f  :   000;
	4b40  :   000;
	4b41  :   000;
	4b42  :   000;
	4b43  :   000;
	4b44  :   000;
	4b45  :   000;
	4b46  :   000;
	4b47  :   000;
	4b48  :   000;
	4b49  :   000;
	4b4a  :   000;
	4b4b  :   000;
	4b4c  :   000;
	4b4d  :   000;
	4b4e  :   000;
	4b4f  :   000;
	4b50  :   000;
	4b51  :   000;
	4b52  :   000;
	4b53  :   000;
	4b54  :   000;
	4b55  :   000;
	4b56  :   000;
	4b57  :   000;
	4b58  :   000;
	4b59  :   000;
	4b5a  :   000;
	4b5b  :   000;
	4b5c  :   000;
	4b5d  :   000;
	4b5e  :   000;
	4b5f  :   000;
	4b60  :   000;
	4b61  :   000;
	4b62  :   000;
	4b63  :   000;
	4b64  :   000;
	4b65  :   000;
	4b66  :   000;
	4b67  :   000;
	4b68  :   000;
	4b69  :   000;
	4b6a  :   000;
	4b6b  :   000;
	4b6c  :   000;
	4b6d  :   000;
	4b6e  :   000;
	4b6f  :   000;
	4b70  :   000;
	4b71  :   000;
	4b72  :   000;
	4b73  :   000;
	4b74  :   000;
	4b75  :   000;
	4b76  :   000;
	4b77  :   000;
	4b78  :   000;
	4b79  :   000;
	4b7a  :   000;
	4b7b  :   000;
	4b7c  :   000;
	4b7d  :   000;
	4b7e  :   000;
	4b7f  :   000;
	4b80  :   000;
	4b81  :   000;
	4b82  :   000;
	4b83  :   000;
	4b84  :   000;
	4b85  :   000;
	4b86  :   000;
	4b87  :   000;
	4b88  :   000;
	4b89  :   000;
	4b8a  :   000;
	4b8b  :   000;
	4b8c  :   000;
	4b8d  :   000;
	4b8e  :   000;
	4b8f  :   000;
	4b90  :   000;
	4b91  :   000;
	4b92  :   000;
	4b93  :   000;
	4b94  :   000;
	4b95  :   000;
	4b96  :   000;
	4b97  :   000;
	4b98  :   000;
	4b99  :   000;
	4b9a  :   000;
	4b9b  :   000;
	4b9c  :   000;
	4b9d  :   000;
	4b9e  :   000;
	4b9f  :   000;
	4ba0  :   000;
	4ba1  :   000;
	4ba2  :   000;
	4ba3  :   000;
	4ba4  :   000;
	4ba5  :   000;
	4ba6  :   000;
	4ba7  :   000;
	4ba8  :   000;
	4ba9  :   000;
	4baa  :   000;
	4bab  :   000;
	4bac  :   000;
	4bad  :   000;
	4bae  :   000;
	4baf  :   000;
	4bb0  :   000;
	4bb1  :   000;
	4bb2  :   000;
	4bb3  :   000;
	4bb4  :   000;
	4bb5  :   000;
	4bb6  :   000;
	4bb7  :   000;
	4bb8  :   000;
	4bb9  :   000;
	4bba  :   000;
	4bbb  :   000;
	4bbc  :   000;
	4bbd  :   000;
	4bbe  :   000;
	4bbf  :   000;
	4bc0  :   000;
	4bc1  :   000;
	4bc2  :   000;
	4bc3  :   000;
	4bc4  :   000;
	4bc5  :   000;
	4bc6  :   000;
	4bc7  :   000;
	4bc8  :   000;
	4bc9  :   000;
	4bca  :   000;
	4bcb  :   000;
	4bcc  :   000;
	4bcd  :   000;
	4bce  :   000;
	4bcf  :   000;
	4bd0  :   000;
	4bd1  :   000;
	4bd2  :   000;
	4bd3  :   000;
	4bd4  :   000;
	4bd5  :   000;
	4bd6  :   000;
	4bd7  :   000;
	4bd8  :   000;
	4bd9  :   000;
	4bda  :   000;
	4bdb  :   000;
	4bdc  :   000;
	4bdd  :   000;
	4bde  :   000;
	4bdf  :   000;
	4be0  :   000;
	4be1  :   000;
	4be2  :   000;
	4be3  :   000;
	4be4  :   000;
	4be5  :   000;
	4be6  :   000;
	4be7  :   000;
	4be8  :   000;
	4be9  :   000;
	4bea  :   000;
	4beb  :   000;
	4bec  :   000;
	4bed  :   000;
	4bee  :   000;
	4bef  :   000;
	4bf0  :   000;
	4bf1  :   000;
	4bf2  :   000;
	4bf3  :   000;
	4bf4  :   000;
	4bf5  :   000;
	4bf6  :   000;
	4bf7  :   000;
	4bf8  :   000;
	4bf9  :   000;
	4bfa  :   000;
	4bfb  :   000;
	4bfc  :   000;
	4bfd  :   000;
	4bfe  :   000;
	4bff  :   000;
	4c00  :   000;
	4c01  :   000;
	4c02  :   000;
	4c03  :   000;
	4c04  :   000;
	4c05  :   000;
	4c06  :   000;
	4c07  :   000;
	4c08  :   000;
	4c09  :   000;
	4c0a  :   000;
	4c0b  :   000;
	4c0c  :   000;
	4c0d  :   000;
	4c0e  :   000;
	4c0f  :   000;
	4c10  :   000;
	4c11  :   000;
	4c12  :   000;
	4c13  :   000;
	4c14  :   000;
	4c15  :   000;
	4c16  :   000;
	4c17  :   000;
	4c18  :   000;
	4c19  :   000;
	4c1a  :   000;
	4c1b  :   000;
	4c1c  :   000;
	4c1d  :   000;
	4c1e  :   000;
	4c1f  :   000;
	4c20  :   000;
	4c21  :   000;
	4c22  :   000;
	4c23  :   000;
	4c24  :   000;
	4c25  :   000;
	4c26  :   000;
	4c27  :   000;
	4c28  :   000;
	4c29  :   000;
	4c2a  :   000;
	4c2b  :   000;
	4c2c  :   000;
	4c2d  :   000;
	4c2e  :   000;
	4c2f  :   000;
	4c30  :   000;
	4c31  :   000;
	4c32  :   000;
	4c33  :   000;
	4c34  :   000;
	4c35  :   000;
	4c36  :   000;
	4c37  :   000;
	4c38  :   000;
	4c39  :   000;
	4c3a  :   000;
	4c3b  :   000;
	4c3c  :   000;
	4c3d  :   000;
	4c3e  :   000;
	4c3f  :   000;
	4c40  :   000;
	4c41  :   000;
	4c42  :   000;
	4c43  :   000;
	4c44  :   000;
	4c45  :   000;
	4c46  :   000;
	4c47  :   000;
	4c48  :   000;
	4c49  :   000;
	4c4a  :   000;
	4c4b  :   000;
	4c4c  :   000;
	4c4d  :   000;
	4c4e  :   000;
	4c4f  :   000;
	4c50  :   000;
	4c51  :   000;
	4c52  :   000;
	4c53  :   000;
	4c54  :   000;
	4c55  :   000;
	4c56  :   000;
	4c57  :   000;
	4c58  :   000;
	4c59  :   000;
	4c5a  :   000;
	4c5b  :   000;
	4c5c  :   000;
	4c5d  :   000;
	4c5e  :   000;
	4c5f  :   000;
	4c60  :   000;
	4c61  :   000;
	4c62  :   000;
	4c63  :   000;
	4c64  :   000;
	4c65  :   000;
	4c66  :   000;
	4c67  :   000;
	4c68  :   000;
	4c69  :   000;
	4c6a  :   000;
	4c6b  :   000;
	4c6c  :   000;
	4c6d  :   000;
	4c6e  :   000;
	4c6f  :   000;
	4c70  :   000;
	4c71  :   000;
	4c72  :   000;
	4c73  :   000;
	4c74  :   000;
	4c75  :   000;
	4c76  :   000;
	4c77  :   000;
	4c78  :   000;
	4c79  :   000;
	4c7a  :   000;
	4c7b  :   000;
	4c7c  :   000;
	4c7d  :   000;
	4c7e  :   000;
	4c7f  :   000;
	4c80  :   000;
	4c81  :   000;
	4c82  :   000;
	4c83  :   000;
	4c84  :   000;
	4c85  :   000;
	4c86  :   000;
	4c87  :   000;
	4c88  :   000;
	4c89  :   000;
	4c8a  :   000;
	4c8b  :   000;
	4c8c  :   000;
	4c8d  :   000;
	4c8e  :   000;
	4c8f  :   000;
	4c90  :   000;
	4c91  :   000;
	4c92  :   000;
	4c93  :   000;
	4c94  :   000;
	4c95  :   000;
	4c96  :   000;
	4c97  :   000;
	4c98  :   000;
	4c99  :   000;
	4c9a  :   000;
	4c9b  :   000;
	4c9c  :   000;
	4c9d  :   000;
	4c9e  :   000;
	4c9f  :   000;
	4ca0  :   000;
	4ca1  :   000;
	4ca2  :   000;
	4ca3  :   000;
	4ca4  :   000;
	4ca5  :   000;
	4ca6  :   000;
	4ca7  :   000;
	4ca8  :   000;
	4ca9  :   000;
	4caa  :   000;
	4cab  :   000;
	4cac  :   000;
	4cad  :   000;
	4cae  :   000;
	4caf  :   000;
	4cb0  :   000;
	4cb1  :   000;
	4cb2  :   000;
	4cb3  :   000;
	4cb4  :   000;
	4cb5  :   000;
	4cb6  :   000;
	4cb7  :   000;
	4cb8  :   000;
	4cb9  :   000;
	4cba  :   000;
	4cbb  :   000;
	4cbc  :   000;
	4cbd  :   000;
	4cbe  :   000;
	4cbf  :   000;
	4cc0  :   000;
	4cc1  :   000;
	4cc2  :   000;
	4cc3  :   000;
	4cc4  :   000;
	4cc5  :   000;
	4cc6  :   000;
	4cc7  :   000;
	4cc8  :   000;
	4cc9  :   000;
	4cca  :   000;
	4ccb  :   000;
	4ccc  :   000;
	4ccd  :   000;
	4cce  :   000;
	4ccf  :   000;
	4cd0  :   000;
	4cd1  :   000;
	4cd2  :   000;
	4cd3  :   000;
	4cd4  :   000;
	4cd5  :   000;
	4cd6  :   000;
	4cd7  :   000;
	4cd8  :   000;
	4cd9  :   000;
	4cda  :   000;
	4cdb  :   000;
	4cdc  :   000;
	4cdd  :   000;
	4cde  :   000;
	4cdf  :   000;
	4ce0  :   000;
	4ce1  :   000;
	4ce2  :   000;
	4ce3  :   000;
	4ce4  :   000;
	4ce5  :   000;
	4ce6  :   000;
	4ce7  :   000;
	4ce8  :   000;
	4ce9  :   000;
	4cea  :   000;
	4ceb  :   000;
	4cec  :   000;
	4ced  :   000;
	4cee  :   000;
	4cef  :   000;
	4cf0  :   000;
	4cf1  :   000;
	4cf2  :   000;
	4cf3  :   000;
	4cf4  :   000;
	4cf5  :   000;
	4cf6  :   000;
	4cf7  :   000;
	4cf8  :   000;
	4cf9  :   000;
	4cfa  :   000;
	4cfb  :   000;
	4cfc  :   000;
	4cfd  :   000;
	4cfe  :   000;
	4cff  :   000;
	4d00  :   000;
	4d01  :   000;
	4d02  :   000;
	4d03  :   000;
	4d04  :   000;
	4d05  :   000;
	4d06  :   000;
	4d07  :   000;
	4d08  :   000;
	4d09  :   000;
	4d0a  :   000;
	4d0b  :   000;
	4d0c  :   000;
	4d0d  :   000;
	4d0e  :   000;
	4d0f  :   000;
	4d10  :   000;
	4d11  :   000;
	4d12  :   000;
	4d13  :   000;
	4d14  :   000;
	4d15  :   000;
	4d16  :   000;
	4d17  :   000;
	4d18  :   000;
	4d19  :   000;
	4d1a  :   000;
	4d1b  :   000;
	4d1c  :   000;
	4d1d  :   000;
	4d1e  :   000;
	4d1f  :   000;
	4d20  :   000;
	4d21  :   000;
	4d22  :   000;
	4d23  :   000;
	4d24  :   000;
	4d25  :   000;
	4d26  :   000;
	4d27  :   000;
	4d28  :   000;
	4d29  :   000;
	4d2a  :   000;
	4d2b  :   000;
	4d2c  :   000;
	4d2d  :   000;
	4d2e  :   000;
	4d2f  :   000;
	4d30  :   000;
	4d31  :   000;
	4d32  :   000;
	4d33  :   000;
	4d34  :   000;
	4d35  :   000;
	4d36  :   000;
	4d37  :   000;
	4d38  :   000;
	4d39  :   000;
	4d3a  :   000;
	4d3b  :   000;
	4d3c  :   000;
	4d3d  :   000;
	4d3e  :   000;
	4d3f  :   000;
	4d40  :   000;
	4d41  :   000;
	4d42  :   000;
	4d43  :   000;
	4d44  :   000;
	4d45  :   000;
	4d46  :   000;
	4d47  :   000;
	4d48  :   000;
	4d49  :   000;
	4d4a  :   000;
	4d4b  :   000;
	4d4c  :   000;
	4d4d  :   000;
	4d4e  :   000;
	4d4f  :   000;
	4d50  :   000;
	4d51  :   000;
	4d52  :   000;
	4d53  :   000;
	4d54  :   000;
	4d55  :   000;
	4d56  :   000;
	4d57  :   000;
	4d58  :   000;
	4d59  :   000;
	4d5a  :   000;
	4d5b  :   000;
	4d5c  :   000;
	4d5d  :   000;
	4d5e  :   000;
	4d5f  :   000;
	4d60  :   000;
	4d61  :   000;
	4d62  :   000;
	4d63  :   000;
	4d64  :   000;
	4d65  :   000;
	4d66  :   000;
	4d67  :   000;
	4d68  :   000;
	4d69  :   000;
	4d6a  :   000;
	4d6b  :   000;
	4d6c  :   000;
	4d6d  :   000;
	4d6e  :   000;
	4d6f  :   000;
	4d70  :   000;
	4d71  :   000;
	4d72  :   000;
	4d73  :   000;
	4d74  :   000;
	4d75  :   000;
	4d76  :   000;
	4d77  :   000;
	4d78  :   000;
	4d79  :   000;
	4d7a  :   000;
	4d7b  :   000;
	4d7c  :   000;
	4d7d  :   000;
	4d7e  :   000;
	4d7f  :   000;
	4d80  :   000;
	4d81  :   000;
	4d82  :   000;
	4d83  :   000;
	4d84  :   000;
	4d85  :   000;
	4d86  :   000;
	4d87  :   000;
	4d88  :   000;
	4d89  :   000;
	4d8a  :   000;
	4d8b  :   000;
	4d8c  :   000;
	4d8d  :   000;
	4d8e  :   000;
	4d8f  :   000;
	4d90  :   000;
	4d91  :   000;
	4d92  :   000;
	4d93  :   000;
	4d94  :   000;
	4d95  :   000;
	4d96  :   000;
	4d97  :   000;
	4d98  :   000;
	4d99  :   000;
	4d9a  :   000;
	4d9b  :   000;
	4d9c  :   000;
	4d9d  :   000;
	4d9e  :   000;
	4d9f  :   000;
	4da0  :   000;
	4da1  :   000;
	4da2  :   000;
	4da3  :   000;
	4da4  :   000;
	4da5  :   000;
	4da6  :   000;
	4da7  :   000;
	4da8  :   000;
	4da9  :   000;
	4daa  :   000;
	4dab  :   000;
	4dac  :   000;
	4dad  :   000;
	4dae  :   000;
	4daf  :   000;
	4db0  :   000;
	4db1  :   000;
	4db2  :   000;
	4db3  :   000;
	4db4  :   000;
	4db5  :   000;
	4db6  :   000;
	4db7  :   000;
	4db8  :   000;
	4db9  :   000;
	4dba  :   000;
	4dbb  :   000;
	4dbc  :   000;
	4dbd  :   000;
	4dbe  :   000;
	4dbf  :   000;
	4dc0  :   000;
	4dc1  :   000;
	4dc2  :   000;
	4dc3  :   000;
	4dc4  :   000;
	4dc5  :   000;
	4dc6  :   000;
	4dc7  :   000;
	4dc8  :   000;
	4dc9  :   000;
	4dca  :   000;
	4dcb  :   000;
	4dcc  :   000;
	4dcd  :   000;
	4dce  :   000;
	4dcf  :   000;
	4dd0  :   000;
	4dd1  :   000;
	4dd2  :   000;
	4dd3  :   000;
	4dd4  :   000;
	4dd5  :   000;
	4dd6  :   000;
	4dd7  :   000;
	4dd8  :   000;
	4dd9  :   000;
	4dda  :   000;
	4ddb  :   000;
	4ddc  :   000;
	4ddd  :   000;
	4dde  :   000;
	4ddf  :   000;
	4de0  :   000;
	4de1  :   000;
	4de2  :   000;
	4de3  :   000;
	4de4  :   000;
	4de5  :   000;
	4de6  :   000;
	4de7  :   000;
	4de8  :   000;
	4de9  :   000;
	4dea  :   000;
	4deb  :   000;
	4dec  :   000;
	4ded  :   000;
	4dee  :   000;
	4def  :   000;
	4df0  :   000;
	4df1  :   000;
	4df2  :   000;
	4df3  :   000;
	4df4  :   000;
	4df5  :   000;
	4df6  :   000;
	4df7  :   000;
	4df8  :   000;
	4df9  :   000;
	4dfa  :   000;
	4dfb  :   000;
	4dfc  :   000;
	4dfd  :   000;
	4dfe  :   000;
	4dff  :   000;
	4e00  :   000;
	4e01  :   000;
	4e02  :   000;
	4e03  :   000;
	4e04  :   000;
	4e05  :   000;
	4e06  :   000;
	4e07  :   000;
	4e08  :   000;
	4e09  :   000;
	4e0a  :   000;
	4e0b  :   000;
	4e0c  :   000;
	4e0d  :   000;
	4e0e  :   000;
	4e0f  :   000;
	4e10  :   000;
	4e11  :   000;
	4e12  :   000;
	4e13  :   000;
	4e14  :   000;
	4e15  :   000;
	4e16  :   000;
	4e17  :   000;
	4e18  :   000;
	4e19  :   000;
	4e1a  :   000;
	4e1b  :   000;
	4e1c  :   000;
	4e1d  :   000;
	4e1e  :   000;
	4e1f  :   000;
	4e20  :   000;
	4e21  :   000;
	4e22  :   000;
	4e23  :   000;
	4e24  :   000;
	4e25  :   000;
	4e26  :   000;
	4e27  :   000;
	4e28  :   000;
	4e29  :   000;
	4e2a  :   000;
	4e2b  :   000;
	4e2c  :   000;
	4e2d  :   000;
	4e2e  :   000;
	4e2f  :   000;
	4e30  :   000;
	4e31  :   000;
	4e32  :   000;
	4e33  :   000;
	4e34  :   000;
	4e35  :   000;
	4e36  :   000;
	4e37  :   000;
	4e38  :   000;
	4e39  :   000;
	4e3a  :   000;
	4e3b  :   000;
	4e3c  :   000;
	4e3d  :   000;
	4e3e  :   000;
	4e3f  :   000;
	4e40  :   000;
	4e41  :   000;
	4e42  :   000;
	4e43  :   000;
	4e44  :   000;
	4e45  :   000;
	4e46  :   000;
	4e47  :   000;
	4e48  :   000;
	4e49  :   000;
	4e4a  :   000;
	4e4b  :   000;
	4e4c  :   000;
	4e4d  :   000;
	4e4e  :   000;
	4e4f  :   000;
	4e50  :   000;
	4e51  :   000;
	4e52  :   000;
	4e53  :   000;
	4e54  :   000;
	4e55  :   000;
	4e56  :   000;
	4e57  :   000;
	4e58  :   000;
	4e59  :   000;
	4e5a  :   000;
	4e5b  :   000;
	4e5c  :   000;
	4e5d  :   000;
	4e5e  :   000;
	4e5f  :   000;
	4e60  :   000;
	4e61  :   000;
	4e62  :   000;
	4e63  :   000;
	4e64  :   000;
	4e65  :   000;
	4e66  :   000;
	4e67  :   000;
	4e68  :   000;
	4e69  :   000;
	4e6a  :   000;
	4e6b  :   000;
	4e6c  :   000;
	4e6d  :   000;
	4e6e  :   000;
	4e6f  :   000;
	4e70  :   000;
	4e71  :   000;
	4e72  :   000;
	4e73  :   000;
	4e74  :   000;
	4e75  :   000;
	4e76  :   000;
	4e77  :   000;
	4e78  :   000;
	4e79  :   000;
	4e7a  :   000;
	4e7b  :   000;
	4e7c  :   000;
	4e7d  :   000;
	4e7e  :   000;
	4e7f  :   000;
	4e80  :   000;
	4e81  :   000;
	4e82  :   000;
	4e83  :   000;
	4e84  :   000;
	4e85  :   000;
	4e86  :   000;
	4e87  :   000;
	4e88  :   000;
	4e89  :   000;
	4e8a  :   000;
	4e8b  :   000;
	4e8c  :   000;
	4e8d  :   000;
	4e8e  :   000;
	4e8f  :   000;
	4e90  :   000;
	4e91  :   000;
	4e92  :   000;
	4e93  :   000;
	4e94  :   000;
	4e95  :   000;
	4e96  :   000;
	4e97  :   000;
	4e98  :   000;
	4e99  :   000;
	4e9a  :   000;
	4e9b  :   000;
	4e9c  :   000;
	4e9d  :   000;
	4e9e  :   000;
	4e9f  :   000;
	4ea0  :   000;
	4ea1  :   000;
	4ea2  :   000;
	4ea3  :   000;
	4ea4  :   000;
	4ea5  :   000;
	4ea6  :   000;
	4ea7  :   000;
	4ea8  :   000;
	4ea9  :   000;
	4eaa  :   000;
	4eab  :   000;
	4eac  :   000;
	4ead  :   000;
	4eae  :   000;
	4eaf  :   000;
	4eb0  :   000;
	4eb1  :   000;
	4eb2  :   000;
	4eb3  :   000;
	4eb4  :   000;
	4eb5  :   000;
	4eb6  :   000;
	4eb7  :   000;
	4eb8  :   000;
	4eb9  :   000;
	4eba  :   000;
	4ebb  :   000;
	4ebc  :   000;
	4ebd  :   000;
	4ebe  :   000;
	4ebf  :   000;
	4ec0  :   000;
	4ec1  :   000;
	4ec2  :   000;
	4ec3  :   000;
	4ec4  :   000;
	4ec5  :   000;
	4ec6  :   000;
	4ec7  :   000;
	4ec8  :   000;
	4ec9  :   000;
	4eca  :   000;
	4ecb  :   000;
	4ecc  :   000;
	4ecd  :   000;
	4ece  :   000;
	4ecf  :   000;
	4ed0  :   000;
	4ed1  :   000;
	4ed2  :   000;
	4ed3  :   000;
	4ed4  :   000;
	4ed5  :   000;
	4ed6  :   000;
	4ed7  :   000;
	4ed8  :   000;
	4ed9  :   000;
	4eda  :   000;
	4edb  :   000;
	4edc  :   000;
	4edd  :   000;
	4ede  :   000;
	4edf  :   000;
	4ee0  :   000;
	4ee1  :   000;
	4ee2  :   000;
	4ee3  :   000;
	4ee4  :   000;
	4ee5  :   000;
	4ee6  :   000;
	4ee7  :   000;
	4ee8  :   000;
	4ee9  :   000;
	4eea  :   000;
	4eeb  :   000;
	4eec  :   000;
	4eed  :   000;
	4eee  :   000;
	4eef  :   000;
	4ef0  :   000;
	4ef1  :   000;
	4ef2  :   000;
	4ef3  :   000;
	4ef4  :   000;
	4ef5  :   000;
	4ef6  :   000;
	4ef7  :   000;
	4ef8  :   000;
	4ef9  :   000;
	4efa  :   000;
	4efb  :   000;
	4efc  :   000;
	4efd  :   000;
	4efe  :   000;
	4eff  :   000;
	4f00  :   000;
	4f01  :   000;
	4f02  :   000;
	4f03  :   000;
	4f04  :   000;
	4f05  :   000;
	4f06  :   000;
	4f07  :   000;
	4f08  :   000;
	4f09  :   000;
	4f0a  :   000;
	4f0b  :   000;
	4f0c  :   000;
	4f0d  :   000;
	4f0e  :   000;
	4f0f  :   000;
	4f10  :   000;
	4f11  :   000;
	4f12  :   000;
	4f13  :   000;
	4f14  :   000;
	4f15  :   000;
	4f16  :   000;
	4f17  :   000;
	4f18  :   000;
	4f19  :   000;
	4f1a  :   000;
	4f1b  :   000;
	4f1c  :   000;
	4f1d  :   000;
	4f1e  :   000;
	4f1f  :   000;
	4f20  :   000;
	4f21  :   000;
	4f22  :   000;
	4f23  :   000;
	4f24  :   000;
	4f25  :   000;
	4f26  :   000;
	4f27  :   000;
	4f28  :   000;
	4f29  :   000;
	4f2a  :   000;
	4f2b  :   000;
	4f2c  :   000;
	4f2d  :   000;
	4f2e  :   000;
	4f2f  :   000;
	4f30  :   000;
	4f31  :   000;
	4f32  :   000;
	4f33  :   000;
	4f34  :   000;
	4f35  :   000;
	4f36  :   000;
	4f37  :   000;
	4f38  :   000;
	4f39  :   000;
	4f3a  :   000;
	4f3b  :   000;
	4f3c  :   000;
	4f3d  :   000;
	4f3e  :   000;
	4f3f  :   000;
	4f40  :   000;
	4f41  :   000;
	4f42  :   000;
	4f43  :   000;
	4f44  :   000;
	4f45  :   000;
	4f46  :   000;
	4f47  :   000;
	4f48  :   000;
	4f49  :   000;
	4f4a  :   000;
	4f4b  :   000;
	4f4c  :   000;
	4f4d  :   000;
	4f4e  :   000;
	4f4f  :   000;
	4f50  :   000;
	4f51  :   000;
	4f52  :   000;
	4f53  :   000;
	4f54  :   000;
	4f55  :   000;
	4f56  :   000;
	4f57  :   000;
	4f58  :   000;
	4f59  :   000;
	4f5a  :   000;
	4f5b  :   000;
	4f5c  :   000;
	4f5d  :   000;
	4f5e  :   000;
	4f5f  :   000;
	4f60  :   000;
	4f61  :   000;
	4f62  :   000;
	4f63  :   000;
	4f64  :   000;
	4f65  :   000;
	4f66  :   000;
	4f67  :   000;
	4f68  :   000;
	4f69  :   000;
	4f6a  :   000;
	4f6b  :   000;
	4f6c  :   000;
	4f6d  :   000;
	4f6e  :   000;
	4f6f  :   000;
	4f70  :   000;
	4f71  :   000;
	4f72  :   000;
	4f73  :   000;
	4f74  :   000;
	4f75  :   000;
	4f76  :   000;
	4f77  :   000;
	4f78  :   000;
	4f79  :   000;
	4f7a  :   000;
	4f7b  :   000;
	4f7c  :   000;
	4f7d  :   000;
	4f7e  :   000;
	4f7f  :   000;
	4f80  :   000;
	4f81  :   000;
	4f82  :   000;
	4f83  :   000;
	4f84  :   000;
	4f85  :   000;
	4f86  :   000;
	4f87  :   000;
	4f88  :   000;
	4f89  :   000;
	4f8a  :   000;
	4f8b  :   000;
	4f8c  :   000;
	4f8d  :   000;
	4f8e  :   000;
	4f8f  :   000;
	4f90  :   000;
	4f91  :   000;
	4f92  :   000;
	4f93  :   000;
	4f94  :   000;
	4f95  :   000;
	4f96  :   000;
	4f97  :   000;
	4f98  :   000;
	4f99  :   000;
	4f9a  :   000;
	4f9b  :   000;
	4f9c  :   000;
	4f9d  :   000;
	4f9e  :   000;
	4f9f  :   000;
	4fa0  :   000;
	4fa1  :   000;
	4fa2  :   000;
	4fa3  :   000;
	4fa4  :   000;
	4fa5  :   000;
	4fa6  :   000;
	4fa7  :   000;
	4fa8  :   000;
	4fa9  :   000;
	4faa  :   000;
	4fab  :   000;
	4fac  :   000;
	4fad  :   000;
	4fae  :   000;
	4faf  :   000;
	4fb0  :   000;
	4fb1  :   000;
	4fb2  :   000;
	4fb3  :   000;
	4fb4  :   000;
	4fb5  :   000;
	4fb6  :   000;
	4fb7  :   000;
	4fb8  :   000;
	4fb9  :   000;
	4fba  :   000;
	4fbb  :   000;
	4fbc  :   000;
	4fbd  :   000;
	4fbe  :   000;
	4fbf  :   000;
	4fc0  :   000;
	4fc1  :   000;
	4fc2  :   000;
	4fc3  :   000;
	4fc4  :   000;
	4fc5  :   000;
	4fc6  :   000;
	4fc7  :   000;
	4fc8  :   000;
	4fc9  :   000;
	4fca  :   000;
	4fcb  :   000;
	4fcc  :   000;
	4fcd  :   000;
	4fce  :   000;
	4fcf  :   000;
	4fd0  :   000;
	4fd1  :   000;
	4fd2  :   000;
	4fd3  :   000;
	4fd4  :   000;
	4fd5  :   000;
	4fd6  :   000;
	4fd7  :   000;
	4fd8  :   000;
	4fd9  :   000;
	4fda  :   000;
	4fdb  :   000;
	4fdc  :   000;
	4fdd  :   000;
	4fde  :   000;
	4fdf  :   000;
	4fe0  :   000;
	4fe1  :   000;
	4fe2  :   000;
	4fe3  :   000;
	4fe4  :   000;
	4fe5  :   000;
	4fe6  :   000;
	4fe7  :   000;
	4fe8  :   000;
	4fe9  :   000;
	4fea  :   000;
	4feb  :   000;
	4fec  :   000;
	4fed  :   000;
	4fee  :   000;
	4fef  :   000;
	4ff0  :   000;
	4ff1  :   000;
	4ff2  :   000;
	4ff3  :   000;
	4ff4  :   000;
	4ff5  :   000;
	4ff6  :   000;
	4ff7  :   000;
	4ff8  :   000;
	4ff9  :   000;
	4ffa  :   000;
	4ffb  :   000;
	4ffc  :   000;
	4ffd  :   000;
	4ffe  :   000;
	4fff  :   000;
	5000  :   000;
	5001  :   000;
	5002  :   000;
	5003  :   000;
	5004  :   000;
	5005  :   000;
	5006  :   000;
	5007  :   000;
	5008  :   000;
	5009  :   000;
	500a  :   000;
	500b  :   000;
	500c  :   000;
	500d  :   000;
	500e  :   000;
	500f  :   000;
	5010  :   000;
	5011  :   000;
	5012  :   000;
	5013  :   000;
	5014  :   000;
	5015  :   000;
	5016  :   000;
	5017  :   000;
	5018  :   000;
	5019  :   000;
	501a  :   000;
	501b  :   000;
	501c  :   000;
	501d  :   000;
	501e  :   000;
	501f  :   000;
	5020  :   000;
	5021  :   000;
	5022  :   000;
	5023  :   000;
	5024  :   000;
	5025  :   000;
	5026  :   000;
	5027  :   000;
	5028  :   000;
	5029  :   000;
	502a  :   000;
	502b  :   000;
	502c  :   000;
	502d  :   000;
	502e  :   000;
	502f  :   000;
	5030  :   000;
	5031  :   000;
	5032  :   000;
	5033  :   000;
	5034  :   000;
	5035  :   000;
	5036  :   000;
	5037  :   000;
	5038  :   000;
	5039  :   000;
	503a  :   000;
	503b  :   000;
	503c  :   000;
	503d  :   000;
	503e  :   000;
	503f  :   000;
	5040  :   000;
	5041  :   000;
	5042  :   000;
	5043  :   000;
	5044  :   000;
	5045  :   000;
	5046  :   000;
	5047  :   000;
	5048  :   000;
	5049  :   000;
	504a  :   000;
	504b  :   000;
	504c  :   000;
	504d  :   000;
	504e  :   000;
	504f  :   000;
	5050  :   000;
	5051  :   000;
	5052  :   000;
	5053  :   000;
	5054  :   000;
	5055  :   000;
	5056  :   000;
	5057  :   000;
	5058  :   000;
	5059  :   000;
	505a  :   000;
	505b  :   000;
	505c  :   000;
	505d  :   000;
	505e  :   000;
	505f  :   000;
	5060  :   000;
	5061  :   000;
	5062  :   000;
	5063  :   000;
	5064  :   000;
	5065  :   000;
	5066  :   000;
	5067  :   000;
	5068  :   000;
	5069  :   000;
	506a  :   000;
	506b  :   000;
	506c  :   000;
	506d  :   000;
	506e  :   000;
	506f  :   000;
	5070  :   000;
	5071  :   000;
	5072  :   000;
	5073  :   000;
	5074  :   000;
	5075  :   000;
	5076  :   000;
	5077  :   000;
	5078  :   000;
	5079  :   000;
	507a  :   000;
	507b  :   000;
	507c  :   000;
	507d  :   000;
	507e  :   000;
	507f  :   000;
	5080  :   000;
	5081  :   000;
	5082  :   000;
	5083  :   000;
	5084  :   000;
	5085  :   000;
	5086  :   000;
	5087  :   000;
	5088  :   000;
	5089  :   000;
	508a  :   000;
	508b  :   000;
	508c  :   000;
	508d  :   000;
	508e  :   000;
	508f  :   000;
	5090  :   000;
	5091  :   000;
	5092  :   000;
	5093  :   000;
	5094  :   000;
	5095  :   000;
	5096  :   000;
	5097  :   000;
	5098  :   000;
	5099  :   000;
	509a  :   000;
	509b  :   000;
	509c  :   000;
	509d  :   000;
	509e  :   000;
	509f  :   000;
	50a0  :   000;
	50a1  :   000;
	50a2  :   000;
	50a3  :   000;
	50a4  :   000;
	50a5  :   000;
	50a6  :   000;
	50a7  :   000;
	50a8  :   000;
	50a9  :   000;
	50aa  :   000;
	50ab  :   000;
	50ac  :   000;
	50ad  :   000;
	50ae  :   000;
	50af  :   000;
	50b0  :   000;
	50b1  :   000;
	50b2  :   000;
	50b3  :   000;
	50b4  :   000;
	50b5  :   000;
	50b6  :   000;
	50b7  :   000;
	50b8  :   000;
	50b9  :   000;
	50ba  :   000;
	50bb  :   000;
	50bc  :   000;
	50bd  :   000;
	50be  :   000;
	50bf  :   000;
	50c0  :   000;
	50c1  :   000;
	50c2  :   000;
	50c3  :   000;
	50c4  :   000;
	50c5  :   000;
	50c6  :   000;
	50c7  :   000;
	50c8  :   000;
	50c9  :   000;
	50ca  :   000;
	50cb  :   000;
	50cc  :   000;
	50cd  :   000;
	50ce  :   000;
	50cf  :   000;
	50d0  :   000;
	50d1  :   000;
	50d2  :   000;
	50d3  :   000;
	50d4  :   000;
	50d5  :   000;
	50d6  :   000;
	50d7  :   000;
	50d8  :   000;
	50d9  :   000;
	50da  :   000;
	50db  :   000;
	50dc  :   000;
	50dd  :   000;
	50de  :   000;
	50df  :   000;
	50e0  :   000;
	50e1  :   000;
	50e2  :   000;
	50e3  :   000;
	50e4  :   000;
	50e5  :   000;
	50e6  :   000;
	50e7  :   000;
	50e8  :   000;
	50e9  :   000;
	50ea  :   000;
	50eb  :   000;
	50ec  :   000;
	50ed  :   000;
	50ee  :   000;
	50ef  :   000;
	50f0  :   000;
	50f1  :   000;
	50f2  :   000;
	50f3  :   000;
	50f4  :   000;
	50f5  :   000;
	50f6  :   000;
	50f7  :   000;
	50f8  :   000;
	50f9  :   000;
	50fa  :   000;
	50fb  :   000;
	50fc  :   000;
	50fd  :   000;
	50fe  :   000;
	50ff  :   000;
	5100  :   000;
	5101  :   000;
	5102  :   000;
	5103  :   000;
	5104  :   000;
	5105  :   000;
	5106  :   000;
	5107  :   000;
	5108  :   000;
	5109  :   000;
	510a  :   000;
	510b  :   000;
	510c  :   000;
	510d  :   000;
	510e  :   000;
	510f  :   000;
	5110  :   000;
	5111  :   000;
	5112  :   000;
	5113  :   000;
	5114  :   000;
	5115  :   000;
	5116  :   000;
	5117  :   000;
	5118  :   000;
	5119  :   000;
	511a  :   000;
	511b  :   000;
	511c  :   000;
	511d  :   000;
	511e  :   000;
	511f  :   000;
	5120  :   000;
	5121  :   000;
	5122  :   000;
	5123  :   000;
	5124  :   000;
	5125  :   000;
	5126  :   000;
	5127  :   000;
	5128  :   000;
	5129  :   000;
	512a  :   000;
	512b  :   000;
	512c  :   000;
	512d  :   000;
	512e  :   000;
	512f  :   000;
	5130  :   000;
	5131  :   000;
	5132  :   000;
	5133  :   000;
	5134  :   000;
	5135  :   000;
	5136  :   000;
	5137  :   000;
	5138  :   000;
	5139  :   000;
	513a  :   000;
	513b  :   000;
	513c  :   000;
	513d  :   000;
	513e  :   000;
	513f  :   000;
	5140  :   000;
	5141  :   000;
	5142  :   000;
	5143  :   000;
	5144  :   000;
	5145  :   000;
	5146  :   000;
	5147  :   000;
	5148  :   000;
	5149  :   000;
	514a  :   000;
	514b  :   000;
	514c  :   000;
	514d  :   000;
	514e  :   000;
	514f  :   000;
	5150  :   000;
	5151  :   000;
	5152  :   000;
	5153  :   000;
	5154  :   000;
	5155  :   000;
	5156  :   000;
	5157  :   000;
	5158  :   000;
	5159  :   000;
	515a  :   000;
	515b  :   000;
	515c  :   000;
	515d  :   000;
	515e  :   000;
	515f  :   000;
	5160  :   000;
	5161  :   000;
	5162  :   000;
	5163  :   000;
	5164  :   000;
	5165  :   000;
	5166  :   000;
	5167  :   000;
	5168  :   000;
	5169  :   000;
	516a  :   000;
	516b  :   000;
	516c  :   000;
	516d  :   000;
	516e  :   000;
	516f  :   000;
	5170  :   000;
	5171  :   000;
	5172  :   000;
	5173  :   000;
	5174  :   000;
	5175  :   000;
	5176  :   000;
	5177  :   000;
	5178  :   000;
	5179  :   000;
	517a  :   000;
	517b  :   000;
	517c  :   000;
	517d  :   000;
	517e  :   000;
	517f  :   000;
	5180  :   000;
	5181  :   000;
	5182  :   000;
	5183  :   000;
	5184  :   000;
	5185  :   000;
	5186  :   000;
	5187  :   000;
	5188  :   000;
	5189  :   000;
	518a  :   000;
	518b  :   000;
	518c  :   000;
	518d  :   000;
	518e  :   000;
	518f  :   000;
	5190  :   000;
	5191  :   000;
	5192  :   000;
	5193  :   000;
	5194  :   000;
	5195  :   000;
	5196  :   000;
	5197  :   000;
	5198  :   000;
	5199  :   000;
	519a  :   000;
	519b  :   000;
	519c  :   000;
	519d  :   000;
	519e  :   000;
	519f  :   000;
	51a0  :   000;
	51a1  :   000;
	51a2  :   000;
	51a3  :   000;
	51a4  :   000;
	51a5  :   000;
	51a6  :   000;
	51a7  :   000;
	51a8  :   000;
	51a9  :   000;
	51aa  :   000;
	51ab  :   000;
	51ac  :   000;
	51ad  :   000;
	51ae  :   000;
	51af  :   000;
	51b0  :   000;
	51b1  :   000;
	51b2  :   000;
	51b3  :   000;
	51b4  :   000;
	51b5  :   000;
	51b6  :   000;
	51b7  :   000;
	51b8  :   000;
	51b9  :   000;
	51ba  :   000;
	51bb  :   000;
	51bc  :   000;
	51bd  :   000;
	51be  :   000;
	51bf  :   000;
	51c0  :   000;
	51c1  :   000;
	51c2  :   000;
	51c3  :   000;
	51c4  :   000;
	51c5  :   000;
	51c6  :   000;
	51c7  :   000;
	51c8  :   000;
	51c9  :   000;
	51ca  :   000;
	51cb  :   000;
	51cc  :   000;
	51cd  :   000;
	51ce  :   000;
	51cf  :   000;
	51d0  :   000;
	51d1  :   000;
	51d2  :   000;
	51d3  :   000;
	51d4  :   000;
	51d5  :   000;
	51d6  :   000;
	51d7  :   000;
	51d8  :   000;
	51d9  :   000;
	51da  :   000;
	51db  :   000;
	51dc  :   000;
	51dd  :   000;
	51de  :   000;
	51df  :   000;
	51e0  :   000;
	51e1  :   000;
	51e2  :   000;
	51e3  :   000;
	51e4  :   000;
	51e5  :   000;
	51e6  :   000;
	51e7  :   000;
	51e8  :   000;
	51e9  :   000;
	51ea  :   000;
	51eb  :   000;
	51ec  :   000;
	51ed  :   000;
	51ee  :   000;
	51ef  :   000;
	51f0  :   000;
	51f1  :   000;
	51f2  :   000;
	51f3  :   000;
	51f4  :   000;
	51f5  :   000;
	51f6  :   000;
	51f7  :   000;
	51f8  :   000;
	51f9  :   000;
	51fa  :   000;
	51fb  :   000;
	51fc  :   000;
	51fd  :   000;
	51fe  :   000;
	51ff  :   000;
	5200  :   000;
	5201  :   000;
	5202  :   000;
	5203  :   000;
	5204  :   000;
	5205  :   000;
	5206  :   000;
	5207  :   000;
	5208  :   000;
	5209  :   000;
	520a  :   000;
	520b  :   000;
	520c  :   000;
	520d  :   000;
	520e  :   000;
	520f  :   000;
	5210  :   000;
	5211  :   000;
	5212  :   000;
	5213  :   000;
	5214  :   000;
	5215  :   000;
	5216  :   000;
	5217  :   000;
	5218  :   000;
	5219  :   000;
	521a  :   000;
	521b  :   000;
	521c  :   000;
	521d  :   000;
	521e  :   000;
	521f  :   000;
	5220  :   000;
	5221  :   000;
	5222  :   000;
	5223  :   000;
	5224  :   000;
	5225  :   000;
	5226  :   000;
	5227  :   000;
	5228  :   000;
	5229  :   000;
	522a  :   000;
	522b  :   000;
	522c  :   000;
	522d  :   000;
	522e  :   000;
	522f  :   000;
	5230  :   000;
	5231  :   000;
	5232  :   000;
	5233  :   000;
	5234  :   000;
	5235  :   000;
	5236  :   000;
	5237  :   000;
	5238  :   000;
	5239  :   000;
	523a  :   000;
	523b  :   000;
	523c  :   000;
	523d  :   000;
	523e  :   000;
	523f  :   000;
	5240  :   000;
	5241  :   000;
	5242  :   000;
	5243  :   000;
	5244  :   000;
	5245  :   000;
	5246  :   000;
	5247  :   000;
	5248  :   000;
	5249  :   000;
	524a  :   000;
	524b  :   000;
	524c  :   000;
	524d  :   000;
	524e  :   000;
	524f  :   000;
	5250  :   000;
	5251  :   000;
	5252  :   000;
	5253  :   000;
	5254  :   000;
	5255  :   000;
	5256  :   000;
	5257  :   000;
	5258  :   000;
	5259  :   000;
	525a  :   000;
	525b  :   000;
	525c  :   000;
	525d  :   000;
	525e  :   000;
	525f  :   000;
	5260  :   000;
	5261  :   000;
	5262  :   000;
	5263  :   000;
	5264  :   000;
	5265  :   000;
	5266  :   000;
	5267  :   000;
	5268  :   000;
	5269  :   000;
	526a  :   000;
	526b  :   000;
	526c  :   000;
	526d  :   000;
	526e  :   000;
	526f  :   000;
	5270  :   000;
	5271  :   000;
	5272  :   000;
	5273  :   000;
	5274  :   000;
	5275  :   000;
	5276  :   000;
	5277  :   000;
	5278  :   000;
	5279  :   000;
	527a  :   000;
	527b  :   000;
	527c  :   000;
	527d  :   000;
	527e  :   000;
	527f  :   000;
	5280  :   000;
	5281  :   000;
	5282  :   000;
	5283  :   000;
	5284  :   000;
	5285  :   000;
	5286  :   000;
	5287  :   000;
	5288  :   000;
	5289  :   000;
	528a  :   000;
	528b  :   000;
	528c  :   000;
	528d  :   000;
	528e  :   000;
	528f  :   000;
	5290  :   000;
	5291  :   000;
	5292  :   000;
	5293  :   000;
	5294  :   000;
	5295  :   000;
	5296  :   111;
	5297  :   111;
	5298  :   111;
	5299  :   111;
	529a  :   111;
	529b  :   111;
	529c  :   111;
	529d  :   111;
	529e  :   111;
	529f  :   111;
	52a0  :   000;
	52a1  :   000;
	52a2  :   000;
	52a3  :   000;
	52a4  :   111;
	52a5  :   111;
	52a6  :   111;
	52a7  :   111;
	52a8  :   111;
	52a9  :   111;
	52aa  :   111;
	52ab  :   111;
	52ac  :   111;
	52ad  :   000;
	52ae  :   000;
	52af  :   000;
	52b0  :   000;
	52b1  :   111;
	52b2  :   111;
	52b3  :   111;
	52b4  :   111;
	52b5  :   000;
	52b6  :   000;
	52b7  :   000;
	52b8  :   000;
	52b9  :   000;
	52ba  :   111;
	52bb  :   111;
	52bc  :   111;
	52bd  :   000;
	52be  :   000;
	52bf  :   000;
	52c0  :   000;
	52c1  :   000;
	52c2  :   000;
	52c3  :   000;
	52c4  :   000;
	52c5  :   000;
	52c6  :   000;
	52c7  :   000;
	52c8  :   000;
	52c9  :   000;
	52ca  :   000;
	52cb  :   000;
	52cc  :   000;
	52cd  :   000;
	52ce  :   000;
	52cf  :   000;
	52d0  :   000;
	52d1  :   000;
	52d2  :   000;
	52d3  :   000;
	52d4  :   000;
	52d5  :   000;
	52d6  :   000;
	52d7  :   000;
	52d8  :   000;
	52d9  :   000;
	52da  :   000;
	52db  :   000;
	52dc  :   000;
	52dd  :   000;
	52de  :   000;
	52df  :   000;
	52e0  :   000;
	52e1  :   000;
	52e2  :   000;
	52e3  :   000;
	52e4  :   000;
	52e5  :   000;
	52e6  :   000;
	52e7  :   000;
	52e8  :   000;
	52e9  :   000;
	52ea  :   000;
	52eb  :   000;
	52ec  :   000;
	52ed  :   000;
	52ee  :   000;
	52ef  :   000;
	52f0  :   000;
	52f1  :   000;
	52f2  :   000;
	52f3  :   000;
	52f4  :   000;
	52f5  :   000;
	52f6  :   000;
	52f7  :   000;
	52f8  :   000;
	52f9  :   000;
	52fa  :   000;
	52fb  :   000;
	52fc  :   000;
	52fd  :   000;
	52fe  :   000;
	52ff  :   000;
	5300  :   000;
	5301  :   000;
	5302  :   000;
	5303  :   000;
	5304  :   000;
	5305  :   000;
	5306  :   000;
	5307  :   000;
	5308  :   000;
	5309  :   000;
	530a  :   000;
	530b  :   000;
	530c  :   000;
	530d  :   000;
	530e  :   000;
	530f  :   000;
	5310  :   000;
	5311  :   000;
	5312  :   000;
	5313  :   000;
	5314  :   000;
	5315  :   000;
	5316  :   000;
	5317  :   000;
	5318  :   000;
	5319  :   000;
	531a  :   000;
	531b  :   000;
	531c  :   000;
	531d  :   000;
	531e  :   000;
	531f  :   000;
	5320  :   000;
	5321  :   000;
	5322  :   000;
	5323  :   000;
	5324  :   000;
	5325  :   000;
	5326  :   000;
	5327  :   000;
	5328  :   000;
	5329  :   000;
	532a  :   000;
	532b  :   000;
	532c  :   000;
	532d  :   000;
	532e  :   000;
	532f  :   000;
	5330  :   000;
	5331  :   000;
	5332  :   000;
	5333  :   000;
	5334  :   000;
	5335  :   000;
	5336  :   000;
	5337  :   000;
	5338  :   000;
	5339  :   000;
	533a  :   000;
	533b  :   000;
	533c  :   000;
	533d  :   000;
	533e  :   000;
	533f  :   000;
	5340  :   000;
	5341  :   000;
	5342  :   000;
	5343  :   000;
	5344  :   000;
	5345  :   000;
	5346  :   000;
	5347  :   000;
	5348  :   000;
	5349  :   000;
	534a  :   000;
	534b  :   000;
	534c  :   000;
	534d  :   000;
	534e  :   000;
	534f  :   000;
	5350  :   000;
	5351  :   000;
	5352  :   000;
	5353  :   000;
	5354  :   000;
	5355  :   000;
	5356  :   000;
	5357  :   000;
	5358  :   000;
	5359  :   000;
	535a  :   000;
	535b  :   000;
	535c  :   000;
	535d  :   000;
	535e  :   000;
	535f  :   000;
	5360  :   000;
	5361  :   000;
	5362  :   000;
	5363  :   000;
	5364  :   000;
	5365  :   000;
	5366  :   000;
	5367  :   000;
	5368  :   000;
	5369  :   000;
	536a  :   000;
	536b  :   000;
	536c  :   000;
	536d  :   000;
	536e  :   000;
	536f  :   000;
	5370  :   000;
	5371  :   000;
	5372  :   000;
	5373  :   000;
	5374  :   000;
	5375  :   000;
	5376  :   111;
	5377  :   111;
	5378  :   111;
	5379  :   111;
	537a  :   111;
	537b  :   111;
	537c  :   111;
	537d  :   111;
	537e  :   111;
	537f  :   111;
	5380  :   111;
	5381  :   000;
	5382  :   000;
	5383  :   000;
	5384  :   111;
	5385  :   111;
	5386  :   111;
	5387  :   111;
	5388  :   111;
	5389  :   111;
	538a  :   111;
	538b  :   111;
	538c  :   111;
	538d  :   111;
	538e  :   000;
	538f  :   000;
	5390  :   000;
	5391  :   111;
	5392  :   111;
	5393  :   111;
	5394  :   111;
	5395  :   000;
	5396  :   000;
	5397  :   000;
	5398  :   000;
	5399  :   000;
	539a  :   111;
	539b  :   111;
	539c  :   111;
	539d  :   111;
	539e  :   000;
	539f  :   000;
	53a0  :   000;
	53a1  :   000;
	53a2  :   000;
	53a3  :   000;
	53a4  :   000;
	53a5  :   000;
	53a6  :   000;
	53a7  :   000;
	53a8  :   000;
	53a9  :   000;
	53aa  :   000;
	53ab  :   000;
	53ac  :   000;
	53ad  :   000;
	53ae  :   000;
	53af  :   000;
	53b0  :   000;
	53b1  :   000;
	53b2  :   000;
	53b3  :   000;
	53b4  :   000;
	53b5  :   000;
	53b6  :   000;
	53b7  :   000;
	53b8  :   000;
	53b9  :   000;
	53ba  :   000;
	53bb  :   000;
	53bc  :   000;
	53bd  :   000;
	53be  :   000;
	53bf  :   000;
	53c0  :   000;
	53c1  :   000;
	53c2  :   000;
	53c3  :   000;
	53c4  :   000;
	53c5  :   000;
	53c6  :   000;
	53c7  :   000;
	53c8  :   000;
	53c9  :   000;
	53ca  :   000;
	53cb  :   000;
	53cc  :   000;
	53cd  :   000;
	53ce  :   000;
	53cf  :   000;
	53d0  :   000;
	53d1  :   000;
	53d2  :   000;
	53d3  :   000;
	53d4  :   000;
	53d5  :   000;
	53d6  :   000;
	53d7  :   000;
	53d8  :   000;
	53d9  :   000;
	53da  :   000;
	53db  :   000;
	53dc  :   000;
	53dd  :   000;
	53de  :   000;
	53df  :   000;
	53e0  :   000;
	53e1  :   000;
	53e2  :   000;
	53e3  :   000;
	53e4  :   000;
	53e5  :   000;
	53e6  :   000;
	53e7  :   000;
	53e8  :   000;
	53e9  :   000;
	53ea  :   000;
	53eb  :   000;
	53ec  :   000;
	53ed  :   000;
	53ee  :   000;
	53ef  :   000;
	53f0  :   000;
	53f1  :   000;
	53f2  :   000;
	53f3  :   000;
	53f4  :   000;
	53f5  :   000;
	53f6  :   000;
	53f7  :   000;
	53f8  :   000;
	53f9  :   000;
	53fa  :   000;
	53fb  :   000;
	53fc  :   000;
	53fd  :   000;
	53fe  :   000;
	53ff  :   000;
	5400  :   000;
	5401  :   000;
	5402  :   000;
	5403  :   000;
	5404  :   000;
	5405  :   000;
	5406  :   000;
	5407  :   000;
	5408  :   000;
	5409  :   000;
	540a  :   000;
	540b  :   000;
	540c  :   000;
	540d  :   000;
	540e  :   000;
	540f  :   000;
	5410  :   000;
	5411  :   000;
	5412  :   000;
	5413  :   000;
	5414  :   000;
	5415  :   000;
	5416  :   000;
	5417  :   000;
	5418  :   000;
	5419  :   000;
	541a  :   000;
	541b  :   000;
	541c  :   000;
	541d  :   000;
	541e  :   000;
	541f  :   000;
	5420  :   000;
	5421  :   000;
	5422  :   000;
	5423  :   000;
	5424  :   000;
	5425  :   000;
	5426  :   000;
	5427  :   000;
	5428  :   000;
	5429  :   000;
	542a  :   000;
	542b  :   000;
	542c  :   000;
	542d  :   000;
	542e  :   000;
	542f  :   000;
	5430  :   000;
	5431  :   000;
	5432  :   000;
	5433  :   000;
	5434  :   000;
	5435  :   000;
	5436  :   000;
	5437  :   000;
	5438  :   000;
	5439  :   000;
	543a  :   000;
	543b  :   000;
	543c  :   000;
	543d  :   000;
	543e  :   000;
	543f  :   000;
	5440  :   000;
	5441  :   000;
	5442  :   000;
	5443  :   000;
	5444  :   000;
	5445  :   000;
	5446  :   000;
	5447  :   000;
	5448  :   000;
	5449  :   000;
	544a  :   000;
	544b  :   000;
	544c  :   000;
	544d  :   000;
	544e  :   000;
	544f  :   000;
	5450  :   000;
	5451  :   000;
	5452  :   000;
	5453  :   000;
	5454  :   000;
	5455  :   000;
	5456  :   111;
	5457  :   111;
	5458  :   111;
	5459  :   111;
	545a  :   111;
	545b  :   111;
	545c  :   111;
	545d  :   111;
	545e  :   111;
	545f  :   111;
	5460  :   111;
	5461  :   000;
	5462  :   000;
	5463  :   000;
	5464  :   111;
	5465  :   111;
	5466  :   111;
	5467  :   111;
	5468  :   111;
	5469  :   111;
	546a  :   111;
	546b  :   111;
	546c  :   111;
	546d  :   111;
	546e  :   000;
	546f  :   000;
	5470  :   000;
	5471  :   111;
	5472  :   111;
	5473  :   111;
	5474  :   111;
	5475  :   111;
	5476  :   000;
	5477  :   000;
	5478  :   000;
	5479  :   000;
	547a  :   111;
	547b  :   111;
	547c  :   111;
	547d  :   111;
	547e  :   000;
	547f  :   000;
	5480  :   000;
	5481  :   000;
	5482  :   000;
	5483  :   000;
	5484  :   000;
	5485  :   000;
	5486  :   000;
	5487  :   000;
	5488  :   000;
	5489  :   000;
	548a  :   000;
	548b  :   000;
	548c  :   000;
	548d  :   000;
	548e  :   000;
	548f  :   000;
	5490  :   000;
	5491  :   000;
	5492  :   000;
	5493  :   000;
	5494  :   000;
	5495  :   000;
	5496  :   000;
	5497  :   000;
	5498  :   000;
	5499  :   000;
	549a  :   000;
	549b  :   000;
	549c  :   000;
	549d  :   000;
	549e  :   000;
	549f  :   000;
	54a0  :   000;
	54a1  :   000;
	54a2  :   000;
	54a3  :   000;
	54a4  :   000;
	54a5  :   000;
	54a6  :   000;
	54a7  :   000;
	54a8  :   000;
	54a9  :   000;
	54aa  :   000;
	54ab  :   000;
	54ac  :   000;
	54ad  :   000;
	54ae  :   000;
	54af  :   000;
	54b0  :   000;
	54b1  :   000;
	54b2  :   000;
	54b3  :   000;
	54b4  :   000;
	54b5  :   000;
	54b6  :   000;
	54b7  :   000;
	54b8  :   000;
	54b9  :   000;
	54ba  :   000;
	54bb  :   000;
	54bc  :   000;
	54bd  :   000;
	54be  :   000;
	54bf  :   000;
	54c0  :   000;
	54c1  :   000;
	54c2  :   000;
	54c3  :   000;
	54c4  :   000;
	54c5  :   000;
	54c6  :   000;
	54c7  :   000;
	54c8  :   000;
	54c9  :   000;
	54ca  :   000;
	54cb  :   000;
	54cc  :   000;
	54cd  :   000;
	54ce  :   000;
	54cf  :   000;
	54d0  :   000;
	54d1  :   000;
	54d2  :   000;
	54d3  :   000;
	54d4  :   000;
	54d5  :   000;
	54d6  :   000;
	54d7  :   000;
	54d8  :   000;
	54d9  :   000;
	54da  :   000;
	54db  :   000;
	54dc  :   000;
	54dd  :   000;
	54de  :   000;
	54df  :   000;
	54e0  :   000;
	54e1  :   000;
	54e2  :   000;
	54e3  :   000;
	54e4  :   000;
	54e5  :   000;
	54e6  :   000;
	54e7  :   000;
	54e8  :   000;
	54e9  :   000;
	54ea  :   000;
	54eb  :   000;
	54ec  :   000;
	54ed  :   000;
	54ee  :   000;
	54ef  :   000;
	54f0  :   000;
	54f1  :   000;
	54f2  :   000;
	54f3  :   000;
	54f4  :   000;
	54f5  :   000;
	54f6  :   000;
	54f7  :   000;
	54f8  :   000;
	54f9  :   000;
	54fa  :   000;
	54fb  :   000;
	54fc  :   000;
	54fd  :   000;
	54fe  :   000;
	54ff  :   000;
	5500  :   000;
	5501  :   000;
	5502  :   000;
	5503  :   000;
	5504  :   000;
	5505  :   000;
	5506  :   000;
	5507  :   000;
	5508  :   000;
	5509  :   000;
	550a  :   000;
	550b  :   000;
	550c  :   000;
	550d  :   000;
	550e  :   000;
	550f  :   000;
	5510  :   000;
	5511  :   000;
	5512  :   000;
	5513  :   000;
	5514  :   000;
	5515  :   000;
	5516  :   000;
	5517  :   000;
	5518  :   000;
	5519  :   000;
	551a  :   000;
	551b  :   000;
	551c  :   000;
	551d  :   000;
	551e  :   000;
	551f  :   000;
	5520  :   000;
	5521  :   000;
	5522  :   000;
	5523  :   000;
	5524  :   000;
	5525  :   000;
	5526  :   000;
	5527  :   000;
	5528  :   000;
	5529  :   000;
	552a  :   000;
	552b  :   000;
	552c  :   000;
	552d  :   000;
	552e  :   000;
	552f  :   000;
	5530  :   000;
	5531  :   000;
	5532  :   000;
	5533  :   000;
	5534  :   000;
	5535  :   000;
	5536  :   111;
	5537  :   111;
	5538  :   111;
	5539  :   111;
	553a  :   111;
	553b  :   111;
	553c  :   111;
	553d  :   111;
	553e  :   111;
	553f  :   111;
	5540  :   000;
	5541  :   000;
	5542  :   000;
	5543  :   000;
	5544  :   111;
	5545  :   111;
	5546  :   111;
	5547  :   111;
	5548  :   111;
	5549  :   111;
	554a  :   111;
	554b  :   111;
	554c  :   111;
	554d  :   000;
	554e  :   000;
	554f  :   000;
	5550  :   000;
	5551  :   111;
	5552  :   111;
	5553  :   111;
	5554  :   111;
	5555  :   111;
	5556  :   111;
	5557  :   000;
	5558  :   000;
	5559  :   000;
	555a  :   111;
	555b  :   111;
	555c  :   111;
	555d  :   111;
	555e  :   000;
	555f  :   000;
	5560  :   000;
	5561  :   000;
	5562  :   000;
	5563  :   000;
	5564  :   000;
	5565  :   000;
	5566  :   000;
	5567  :   000;
	5568  :   000;
	5569  :   000;
	556a  :   000;
	556b  :   000;
	556c  :   000;
	556d  :   000;
	556e  :   000;
	556f  :   000;
	5570  :   000;
	5571  :   000;
	5572  :   000;
	5573  :   000;
	5574  :   000;
	5575  :   000;
	5576  :   000;
	5577  :   000;
	5578  :   000;
	5579  :   000;
	557a  :   000;
	557b  :   000;
	557c  :   000;
	557d  :   000;
	557e  :   000;
	557f  :   000;
	5580  :   000;
	5581  :   000;
	5582  :   000;
	5583  :   000;
	5584  :   000;
	5585  :   000;
	5586  :   000;
	5587  :   000;
	5588  :   000;
	5589  :   000;
	558a  :   000;
	558b  :   000;
	558c  :   000;
	558d  :   000;
	558e  :   000;
	558f  :   000;
	5590  :   000;
	5591  :   000;
	5592  :   000;
	5593  :   000;
	5594  :   000;
	5595  :   000;
	5596  :   000;
	5597  :   000;
	5598  :   000;
	5599  :   000;
	559a  :   000;
	559b  :   000;
	559c  :   000;
	559d  :   000;
	559e  :   000;
	559f  :   000;
	55a0  :   000;
	55a1  :   000;
	55a2  :   000;
	55a3  :   000;
	55a4  :   000;
	55a5  :   000;
	55a6  :   000;
	55a7  :   000;
	55a8  :   000;
	55a9  :   000;
	55aa  :   000;
	55ab  :   000;
	55ac  :   000;
	55ad  :   000;
	55ae  :   000;
	55af  :   000;
	55b0  :   000;
	55b1  :   000;
	55b2  :   000;
	55b3  :   000;
	55b4  :   000;
	55b5  :   000;
	55b6  :   000;
	55b7  :   000;
	55b8  :   000;
	55b9  :   000;
	55ba  :   000;
	55bb  :   000;
	55bc  :   000;
	55bd  :   000;
	55be  :   000;
	55bf  :   000;
	55c0  :   000;
	55c1  :   000;
	55c2  :   000;
	55c3  :   000;
	55c4  :   000;
	55c5  :   000;
	55c6  :   000;
	55c7  :   000;
	55c8  :   000;
	55c9  :   000;
	55ca  :   000;
	55cb  :   000;
	55cc  :   000;
	55cd  :   000;
	55ce  :   000;
	55cf  :   000;
	55d0  :   000;
	55d1  :   000;
	55d2  :   000;
	55d3  :   000;
	55d4  :   000;
	55d5  :   000;
	55d6  :   000;
	55d7  :   000;
	55d8  :   000;
	55d9  :   000;
	55da  :   000;
	55db  :   000;
	55dc  :   000;
	55dd  :   000;
	55de  :   000;
	55df  :   000;
	55e0  :   000;
	55e1  :   000;
	55e2  :   000;
	55e3  :   000;
	55e4  :   000;
	55e5  :   000;
	55e6  :   000;
	55e7  :   000;
	55e8  :   000;
	55e9  :   000;
	55ea  :   000;
	55eb  :   000;
	55ec  :   000;
	55ed  :   000;
	55ee  :   000;
	55ef  :   000;
	55f0  :   000;
	55f1  :   000;
	55f2  :   000;
	55f3  :   000;
	55f4  :   000;
	55f5  :   000;
	55f6  :   000;
	55f7  :   000;
	55f8  :   000;
	55f9  :   000;
	55fa  :   000;
	55fb  :   000;
	55fc  :   000;
	55fd  :   000;
	55fe  :   000;
	55ff  :   000;
	5600  :   000;
	5601  :   000;
	5602  :   000;
	5603  :   000;
	5604  :   000;
	5605  :   000;
	5606  :   000;
	5607  :   000;
	5608  :   000;
	5609  :   000;
	560a  :   000;
	560b  :   000;
	560c  :   000;
	560d  :   000;
	560e  :   000;
	560f  :   000;
	5610  :   000;
	5611  :   000;
	5612  :   000;
	5613  :   000;
	5614  :   000;
	5615  :   000;
	5616  :   000;
	5617  :   000;
	5618  :   000;
	5619  :   000;
	561a  :   000;
	561b  :   111;
	561c  :   111;
	561d  :   111;
	561e  :   111;
	561f  :   111;
	5620  :   000;
	5621  :   000;
	5622  :   000;
	5623  :   000;
	5624  :   111;
	5625  :   111;
	5626  :   111;
	5627  :   111;
	5628  :   000;
	5629  :   000;
	562a  :   000;
	562b  :   000;
	562c  :   000;
	562d  :   000;
	562e  :   000;
	562f  :   000;
	5630  :   000;
	5631  :   111;
	5632  :   111;
	5633  :   111;
	5634  :   111;
	5635  :   111;
	5636  :   111;
	5637  :   000;
	5638  :   000;
	5639  :   000;
	563a  :   111;
	563b  :   111;
	563c  :   111;
	563d  :   111;
	563e  :   000;
	563f  :   000;
	5640  :   000;
	5641  :   000;
	5642  :   000;
	5643  :   000;
	5644  :   000;
	5645  :   000;
	5646  :   000;
	5647  :   000;
	5648  :   000;
	5649  :   000;
	564a  :   000;
	564b  :   000;
	564c  :   000;
	564d  :   000;
	564e  :   000;
	564f  :   000;
	5650  :   000;
	5651  :   000;
	5652  :   000;
	5653  :   000;
	5654  :   000;
	5655  :   000;
	5656  :   000;
	5657  :   000;
	5658  :   000;
	5659  :   000;
	565a  :   000;
	565b  :   000;
	565c  :   000;
	565d  :   000;
	565e  :   000;
	565f  :   000;
	5660  :   000;
	5661  :   000;
	5662  :   000;
	5663  :   000;
	5664  :   000;
	5665  :   000;
	5666  :   000;
	5667  :   000;
	5668  :   000;
	5669  :   000;
	566a  :   000;
	566b  :   000;
	566c  :   000;
	566d  :   000;
	566e  :   000;
	566f  :   000;
	5670  :   000;
	5671  :   000;
	5672  :   000;
	5673  :   000;
	5674  :   000;
	5675  :   000;
	5676  :   000;
	5677  :   000;
	5678  :   000;
	5679  :   000;
	567a  :   000;
	567b  :   000;
	567c  :   000;
	567d  :   000;
	567e  :   000;
	567f  :   000;
	5680  :   000;
	5681  :   000;
	5682  :   000;
	5683  :   000;
	5684  :   000;
	5685  :   000;
	5686  :   000;
	5687  :   000;
	5688  :   000;
	5689  :   000;
	568a  :   000;
	568b  :   000;
	568c  :   000;
	568d  :   000;
	568e  :   000;
	568f  :   000;
	5690  :   000;
	5691  :   000;
	5692  :   000;
	5693  :   000;
	5694  :   000;
	5695  :   000;
	5696  :   000;
	5697  :   000;
	5698  :   000;
	5699  :   000;
	569a  :   000;
	569b  :   000;
	569c  :   000;
	569d  :   000;
	569e  :   000;
	569f  :   000;
	56a0  :   000;
	56a1  :   000;
	56a2  :   000;
	56a3  :   000;
	56a4  :   000;
	56a5  :   000;
	56a6  :   000;
	56a7  :   000;
	56a8  :   000;
	56a9  :   000;
	56aa  :   000;
	56ab  :   000;
	56ac  :   000;
	56ad  :   000;
	56ae  :   000;
	56af  :   000;
	56b0  :   000;
	56b1  :   000;
	56b2  :   000;
	56b3  :   000;
	56b4  :   000;
	56b5  :   000;
	56b6  :   000;
	56b7  :   000;
	56b8  :   000;
	56b9  :   000;
	56ba  :   000;
	56bb  :   000;
	56bc  :   000;
	56bd  :   000;
	56be  :   000;
	56bf  :   000;
	56c0  :   000;
	56c1  :   000;
	56c2  :   000;
	56c3  :   000;
	56c4  :   000;
	56c5  :   000;
	56c6  :   000;
	56c7  :   000;
	56c8  :   000;
	56c9  :   000;
	56ca  :   000;
	56cb  :   000;
	56cc  :   000;
	56cd  :   000;
	56ce  :   000;
	56cf  :   000;
	56d0  :   000;
	56d1  :   000;
	56d2  :   000;
	56d3  :   000;
	56d4  :   000;
	56d5  :   000;
	56d6  :   000;
	56d7  :   000;
	56d8  :   000;
	56d9  :   000;
	56da  :   000;
	56db  :   000;
	56dc  :   000;
	56dd  :   000;
	56de  :   000;
	56df  :   000;
	56e0  :   000;
	56e1  :   000;
	56e2  :   000;
	56e3  :   000;
	56e4  :   000;
	56e5  :   000;
	56e6  :   000;
	56e7  :   000;
	56e8  :   000;
	56e9  :   000;
	56ea  :   000;
	56eb  :   000;
	56ec  :   000;
	56ed  :   000;
	56ee  :   000;
	56ef  :   000;
	56f0  :   000;
	56f1  :   000;
	56f2  :   000;
	56f3  :   000;
	56f4  :   000;
	56f5  :   000;
	56f6  :   000;
	56f7  :   000;
	56f8  :   000;
	56f9  :   000;
	56fa  :   000;
	56fb  :   111;
	56fc  :   111;
	56fd  :   111;
	56fe  :   111;
	56ff  :   000;
	5700  :   000;
	5701  :   000;
	5702  :   000;
	5703  :   000;
	5704  :   111;
	5705  :   111;
	5706  :   111;
	5707  :   111;
	5708  :   000;
	5709  :   000;
	570a  :   000;
	570b  :   000;
	570c  :   000;
	570d  :   000;
	570e  :   000;
	570f  :   000;
	5710  :   000;
	5711  :   111;
	5712  :   111;
	5713  :   111;
	5714  :   111;
	5715  :   111;
	5716  :   111;
	5717  :   111;
	5718  :   000;
	5719  :   000;
	571a  :   111;
	571b  :   111;
	571c  :   111;
	571d  :   111;
	571e  :   000;
	571f  :   000;
	5720  :   000;
	5721  :   000;
	5722  :   000;
	5723  :   000;
	5724  :   000;
	5725  :   000;
	5726  :   000;
	5727  :   000;
	5728  :   000;
	5729  :   000;
	572a  :   000;
	572b  :   000;
	572c  :   000;
	572d  :   000;
	572e  :   000;
	572f  :   000;
	5730  :   000;
	5731  :   000;
	5732  :   000;
	5733  :   000;
	5734  :   000;
	5735  :   000;
	5736  :   000;
	5737  :   000;
	5738  :   000;
	5739  :   000;
	573a  :   000;
	573b  :   000;
	573c  :   000;
	573d  :   000;
	573e  :   000;
	573f  :   000;
	5740  :   000;
	5741  :   000;
	5742  :   000;
	5743  :   000;
	5744  :   000;
	5745  :   000;
	5746  :   000;
	5747  :   000;
	5748  :   000;
	5749  :   000;
	574a  :   000;
	574b  :   000;
	574c  :   000;
	574d  :   000;
	574e  :   000;
	574f  :   000;
	5750  :   000;
	5751  :   000;
	5752  :   000;
	5753  :   000;
	5754  :   000;
	5755  :   000;
	5756  :   000;
	5757  :   000;
	5758  :   000;
	5759  :   000;
	575a  :   000;
	575b  :   000;
	575c  :   000;
	575d  :   000;
	575e  :   000;
	575f  :   000;
	5760  :   000;
	5761  :   000;
	5762  :   000;
	5763  :   000;
	5764  :   000;
	5765  :   000;
	5766  :   000;
	5767  :   000;
	5768  :   000;
	5769  :   000;
	576a  :   000;
	576b  :   000;
	576c  :   000;
	576d  :   000;
	576e  :   000;
	576f  :   000;
	5770  :   000;
	5771  :   000;
	5772  :   000;
	5773  :   000;
	5774  :   000;
	5775  :   000;
	5776  :   000;
	5777  :   000;
	5778  :   000;
	5779  :   000;
	577a  :   000;
	577b  :   000;
	577c  :   000;
	577d  :   000;
	577e  :   000;
	577f  :   000;
	5780  :   000;
	5781  :   000;
	5782  :   000;
	5783  :   000;
	5784  :   000;
	5785  :   000;
	5786  :   000;
	5787  :   000;
	5788  :   000;
	5789  :   000;
	578a  :   000;
	578b  :   000;
	578c  :   000;
	578d  :   000;
	578e  :   000;
	578f  :   000;
	5790  :   000;
	5791  :   000;
	5792  :   000;
	5793  :   000;
	5794  :   000;
	5795  :   000;
	5796  :   000;
	5797  :   000;
	5798  :   000;
	5799  :   000;
	579a  :   000;
	579b  :   000;
	579c  :   000;
	579d  :   000;
	579e  :   000;
	579f  :   000;
	57a0  :   000;
	57a1  :   000;
	57a2  :   000;
	57a3  :   000;
	57a4  :   000;
	57a5  :   000;
	57a6  :   000;
	57a7  :   000;
	57a8  :   000;
	57a9  :   000;
	57aa  :   000;
	57ab  :   000;
	57ac  :   000;
	57ad  :   000;
	57ae  :   000;
	57af  :   000;
	57b0  :   000;
	57b1  :   000;
	57b2  :   000;
	57b3  :   000;
	57b4  :   000;
	57b5  :   000;
	57b6  :   000;
	57b7  :   000;
	57b8  :   000;
	57b9  :   000;
	57ba  :   000;
	57bb  :   000;
	57bc  :   000;
	57bd  :   000;
	57be  :   000;
	57bf  :   000;
	57c0  :   000;
	57c1  :   000;
	57c2  :   000;
	57c3  :   000;
	57c4  :   000;
	57c5  :   000;
	57c6  :   000;
	57c7  :   000;
	57c8  :   000;
	57c9  :   000;
	57ca  :   000;
	57cb  :   000;
	57cc  :   000;
	57cd  :   000;
	57ce  :   000;
	57cf  :   000;
	57d0  :   000;
	57d1  :   000;
	57d2  :   000;
	57d3  :   000;
	57d4  :   000;
	57d5  :   000;
	57d6  :   000;
	57d7  :   000;
	57d8  :   000;
	57d9  :   000;
	57da  :   111;
	57db  :   111;
	57dc  :   111;
	57dd  :   111;
	57de  :   111;
	57df  :   000;
	57e0  :   000;
	57e1  :   000;
	57e2  :   000;
	57e3  :   000;
	57e4  :   111;
	57e5  :   111;
	57e6  :   111;
	57e7  :   111;
	57e8  :   111;
	57e9  :   111;
	57ea  :   111;
	57eb  :   111;
	57ec  :   000;
	57ed  :   000;
	57ee  :   000;
	57ef  :   000;
	57f0  :   000;
	57f1  :   111;
	57f2  :   111;
	57f3  :   111;
	57f4  :   111;
	57f5  :   111;
	57f6  :   111;
	57f7  :   111;
	57f8  :   000;
	57f9  :   000;
	57fa  :   111;
	57fb  :   111;
	57fc  :   111;
	57fd  :   111;
	57fe  :   000;
	57ff  :   000;
	5800  :   000;
	5801  :   000;
	5802  :   000;
	5803  :   000;
	5804  :   000;
	5805  :   000;
	5806  :   000;
	5807  :   000;
	5808  :   000;
	5809  :   000;
	580a  :   000;
	580b  :   000;
	580c  :   000;
	580d  :   000;
	580e  :   000;
	580f  :   000;
	5810  :   000;
	5811  :   000;
	5812  :   000;
	5813  :   000;
	5814  :   000;
	5815  :   000;
	5816  :   000;
	5817  :   000;
	5818  :   000;
	5819  :   000;
	581a  :   000;
	581b  :   000;
	581c  :   000;
	581d  :   000;
	581e  :   000;
	581f  :   000;
	5820  :   000;
	5821  :   000;
	5822  :   000;
	5823  :   000;
	5824  :   000;
	5825  :   000;
	5826  :   000;
	5827  :   000;
	5828  :   000;
	5829  :   000;
	582a  :   000;
	582b  :   000;
	582c  :   000;
	582d  :   000;
	582e  :   000;
	582f  :   000;
	5830  :   000;
	5831  :   000;
	5832  :   000;
	5833  :   000;
	5834  :   000;
	5835  :   000;
	5836  :   000;
	5837  :   000;
	5838  :   000;
	5839  :   000;
	583a  :   000;
	583b  :   000;
	583c  :   000;
	583d  :   000;
	583e  :   000;
	583f  :   000;
	5840  :   000;
	5841  :   000;
	5842  :   000;
	5843  :   000;
	5844  :   000;
	5845  :   000;
	5846  :   000;
	5847  :   000;
	5848  :   000;
	5849  :   000;
	584a  :   000;
	584b  :   000;
	584c  :   000;
	584d  :   000;
	584e  :   000;
	584f  :   000;
	5850  :   000;
	5851  :   000;
	5852  :   000;
	5853  :   000;
	5854  :   000;
	5855  :   000;
	5856  :   000;
	5857  :   000;
	5858  :   000;
	5859  :   000;
	585a  :   000;
	585b  :   000;
	585c  :   000;
	585d  :   000;
	585e  :   000;
	585f  :   000;
	5860  :   000;
	5861  :   000;
	5862  :   000;
	5863  :   000;
	5864  :   000;
	5865  :   000;
	5866  :   000;
	5867  :   000;
	5868  :   000;
	5869  :   000;
	586a  :   000;
	586b  :   000;
	586c  :   000;
	586d  :   000;
	586e  :   000;
	586f  :   000;
	5870  :   000;
	5871  :   000;
	5872  :   000;
	5873  :   000;
	5874  :   000;
	5875  :   000;
	5876  :   000;
	5877  :   000;
	5878  :   000;
	5879  :   000;
	587a  :   000;
	587b  :   000;
	587c  :   000;
	587d  :   000;
	587e  :   000;
	587f  :   000;
	5880  :   000;
	5881  :   000;
	5882  :   000;
	5883  :   000;
	5884  :   000;
	5885  :   000;
	5886  :   000;
	5887  :   000;
	5888  :   000;
	5889  :   000;
	588a  :   000;
	588b  :   000;
	588c  :   000;
	588d  :   000;
	588e  :   000;
	588f  :   000;
	5890  :   000;
	5891  :   000;
	5892  :   000;
	5893  :   000;
	5894  :   000;
	5895  :   000;
	5896  :   000;
	5897  :   000;
	5898  :   000;
	5899  :   000;
	589a  :   000;
	589b  :   000;
	589c  :   000;
	589d  :   000;
	589e  :   000;
	589f  :   000;
	58a0  :   000;
	58a1  :   000;
	58a2  :   000;
	58a3  :   000;
	58a4  :   000;
	58a5  :   000;
	58a6  :   000;
	58a7  :   000;
	58a8  :   000;
	58a9  :   000;
	58aa  :   000;
	58ab  :   000;
	58ac  :   000;
	58ad  :   000;
	58ae  :   000;
	58af  :   000;
	58b0  :   000;
	58b1  :   000;
	58b2  :   000;
	58b3  :   000;
	58b4  :   000;
	58b5  :   000;
	58b6  :   000;
	58b7  :   000;
	58b8  :   000;
	58b9  :   000;
	58ba  :   111;
	58bb  :   111;
	58bc  :   111;
	58bd  :   111;
	58be  :   000;
	58bf  :   000;
	58c0  :   000;
	58c1  :   000;
	58c2  :   000;
	58c3  :   000;
	58c4  :   111;
	58c5  :   111;
	58c6  :   111;
	58c7  :   111;
	58c8  :   111;
	58c9  :   111;
	58ca  :   111;
	58cb  :   111;
	58cc  :   000;
	58cd  :   000;
	58ce  :   000;
	58cf  :   000;
	58d0  :   000;
	58d1  :   111;
	58d2  :   111;
	58d3  :   111;
	58d4  :   111;
	58d5  :   111;
	58d6  :   111;
	58d7  :   111;
	58d8  :   111;
	58d9  :   000;
	58da  :   111;
	58db  :   111;
	58dc  :   111;
	58dd  :   111;
	58de  :   000;
	58df  :   000;
	58e0  :   000;
	58e1  :   000;
	58e2  :   000;
	58e3  :   000;
	58e4  :   000;
	58e5  :   000;
	58e6  :   000;
	58e7  :   000;
	58e8  :   000;
	58e9  :   000;
	58ea  :   000;
	58eb  :   000;
	58ec  :   000;
	58ed  :   000;
	58ee  :   000;
	58ef  :   000;
	58f0  :   000;
	58f1  :   000;
	58f2  :   000;
	58f3  :   000;
	58f4  :   000;
	58f5  :   000;
	58f6  :   000;
	58f7  :   000;
	58f8  :   000;
	58f9  :   000;
	58fa  :   000;
	58fb  :   000;
	58fc  :   000;
	58fd  :   000;
	58fe  :   000;
	58ff  :   000;
	5900  :   000;
	5901  :   000;
	5902  :   000;
	5903  :   000;
	5904  :   000;
	5905  :   000;
	5906  :   000;
	5907  :   000;
	5908  :   000;
	5909  :   000;
	590a  :   000;
	590b  :   000;
	590c  :   000;
	590d  :   000;
	590e  :   000;
	590f  :   000;
	5910  :   000;
	5911  :   000;
	5912  :   000;
	5913  :   000;
	5914  :   000;
	5915  :   000;
	5916  :   000;
	5917  :   000;
	5918  :   000;
	5919  :   000;
	591a  :   000;
	591b  :   000;
	591c  :   000;
	591d  :   000;
	591e  :   000;
	591f  :   000;
	5920  :   000;
	5921  :   000;
	5922  :   000;
	5923  :   000;
	5924  :   000;
	5925  :   000;
	5926  :   000;
	5927  :   000;
	5928  :   000;
	5929  :   000;
	592a  :   000;
	592b  :   000;
	592c  :   000;
	592d  :   000;
	592e  :   000;
	592f  :   000;
	5930  :   000;
	5931  :   000;
	5932  :   000;
	5933  :   000;
	5934  :   000;
	5935  :   000;
	5936  :   000;
	5937  :   000;
	5938  :   000;
	5939  :   000;
	593a  :   000;
	593b  :   000;
	593c  :   000;
	593d  :   000;
	593e  :   000;
	593f  :   000;
	5940  :   000;
	5941  :   000;
	5942  :   000;
	5943  :   000;
	5944  :   000;
	5945  :   000;
	5946  :   000;
	5947  :   000;
	5948  :   000;
	5949  :   000;
	594a  :   000;
	594b  :   000;
	594c  :   000;
	594d  :   000;
	594e  :   000;
	594f  :   000;
	5950  :   000;
	5951  :   000;
	5952  :   000;
	5953  :   000;
	5954  :   000;
	5955  :   000;
	5956  :   000;
	5957  :   000;
	5958  :   000;
	5959  :   000;
	595a  :   000;
	595b  :   000;
	595c  :   000;
	595d  :   000;
	595e  :   000;
	595f  :   000;
	5960  :   000;
	5961  :   000;
	5962  :   000;
	5963  :   000;
	5964  :   000;
	5965  :   000;
	5966  :   000;
	5967  :   000;
	5968  :   000;
	5969  :   000;
	596a  :   000;
	596b  :   000;
	596c  :   000;
	596d  :   000;
	596e  :   000;
	596f  :   000;
	5970  :   000;
	5971  :   000;
	5972  :   000;
	5973  :   000;
	5974  :   000;
	5975  :   000;
	5976  :   000;
	5977  :   000;
	5978  :   000;
	5979  :   000;
	597a  :   000;
	597b  :   000;
	597c  :   000;
	597d  :   000;
	597e  :   000;
	597f  :   000;
	5980  :   000;
	5981  :   000;
	5982  :   000;
	5983  :   000;
	5984  :   000;
	5985  :   000;
	5986  :   000;
	5987  :   000;
	5988  :   000;
	5989  :   000;
	598a  :   000;
	598b  :   000;
	598c  :   000;
	598d  :   000;
	598e  :   000;
	598f  :   000;
	5990  :   000;
	5991  :   000;
	5992  :   000;
	5993  :   000;
	5994  :   000;
	5995  :   000;
	5996  :   000;
	5997  :   000;
	5998  :   000;
	5999  :   111;
	599a  :   111;
	599b  :   111;
	599c  :   111;
	599d  :   000;
	599e  :   000;
	599f  :   000;
	59a0  :   000;
	59a1  :   000;
	59a2  :   000;
	59a3  :   000;
	59a4  :   111;
	59a5  :   111;
	59a6  :   111;
	59a7  :   111;
	59a8  :   111;
	59a9  :   111;
	59aa  :   111;
	59ab  :   111;
	59ac  :   000;
	59ad  :   000;
	59ae  :   000;
	59af  :   000;
	59b0  :   000;
	59b1  :   111;
	59b2  :   111;
	59b3  :   111;
	59b4  :   111;
	59b5  :   111;
	59b6  :   111;
	59b7  :   111;
	59b8  :   111;
	59b9  :   000;
	59ba  :   111;
	59bb  :   111;
	59bc  :   111;
	59bd  :   111;
	59be  :   000;
	59bf  :   000;
	59c0  :   000;
	59c1  :   000;
	59c2  :   000;
	59c3  :   000;
	59c4  :   000;
	59c5  :   000;
	59c6  :   000;
	59c7  :   000;
	59c8  :   000;
	59c9  :   000;
	59ca  :   000;
	59cb  :   000;
	59cc  :   000;
	59cd  :   000;
	59ce  :   000;
	59cf  :   000;
	59d0  :   000;
	59d1  :   000;
	59d2  :   000;
	59d3  :   000;
	59d4  :   000;
	59d5  :   000;
	59d6  :   000;
	59d7  :   000;
	59d8  :   000;
	59d9  :   000;
	59da  :   000;
	59db  :   000;
	59dc  :   000;
	59dd  :   000;
	59de  :   000;
	59df  :   000;
	59e0  :   000;
	59e1  :   000;
	59e2  :   000;
	59e3  :   000;
	59e4  :   000;
	59e5  :   000;
	59e6  :   000;
	59e7  :   000;
	59e8  :   000;
	59e9  :   000;
	59ea  :   000;
	59eb  :   000;
	59ec  :   000;
	59ed  :   000;
	59ee  :   000;
	59ef  :   000;
	59f0  :   000;
	59f1  :   000;
	59f2  :   000;
	59f3  :   000;
	59f4  :   000;
	59f5  :   000;
	59f6  :   000;
	59f7  :   000;
	59f8  :   000;
	59f9  :   000;
	59fa  :   000;
	59fb  :   000;
	59fc  :   000;
	59fd  :   000;
	59fe  :   000;
	59ff  :   000;
	5a00  :   000;
	5a01  :   000;
	5a02  :   000;
	5a03  :   000;
	5a04  :   000;
	5a05  :   000;
	5a06  :   000;
	5a07  :   000;
	5a08  :   000;
	5a09  :   000;
	5a0a  :   000;
	5a0b  :   000;
	5a0c  :   000;
	5a0d  :   000;
	5a0e  :   000;
	5a0f  :   000;
	5a10  :   000;
	5a11  :   000;
	5a12  :   000;
	5a13  :   000;
	5a14  :   000;
	5a15  :   000;
	5a16  :   000;
	5a17  :   000;
	5a18  :   000;
	5a19  :   000;
	5a1a  :   000;
	5a1b  :   000;
	5a1c  :   000;
	5a1d  :   000;
	5a1e  :   000;
	5a1f  :   000;
	5a20  :   000;
	5a21  :   000;
	5a22  :   000;
	5a23  :   000;
	5a24  :   000;
	5a25  :   000;
	5a26  :   000;
	5a27  :   000;
	5a28  :   000;
	5a29  :   000;
	5a2a  :   000;
	5a2b  :   000;
	5a2c  :   000;
	5a2d  :   000;
	5a2e  :   000;
	5a2f  :   000;
	5a30  :   000;
	5a31  :   000;
	5a32  :   000;
	5a33  :   000;
	5a34  :   000;
	5a35  :   000;
	5a36  :   000;
	5a37  :   000;
	5a38  :   000;
	5a39  :   000;
	5a3a  :   000;
	5a3b  :   000;
	5a3c  :   000;
	5a3d  :   000;
	5a3e  :   000;
	5a3f  :   000;
	5a40  :   000;
	5a41  :   000;
	5a42  :   000;
	5a43  :   000;
	5a44  :   000;
	5a45  :   000;
	5a46  :   000;
	5a47  :   000;
	5a48  :   000;
	5a49  :   000;
	5a4a  :   000;
	5a4b  :   000;
	5a4c  :   000;
	5a4d  :   000;
	5a4e  :   000;
	5a4f  :   000;
	5a50  :   000;
	5a51  :   000;
	5a52  :   000;
	5a53  :   000;
	5a54  :   000;
	5a55  :   000;
	5a56  :   000;
	5a57  :   000;
	5a58  :   000;
	5a59  :   000;
	5a5a  :   000;
	5a5b  :   000;
	5a5c  :   000;
	5a5d  :   000;
	5a5e  :   000;
	5a5f  :   000;
	5a60  :   000;
	5a61  :   000;
	5a62  :   000;
	5a63  :   000;
	5a64  :   000;
	5a65  :   000;
	5a66  :   000;
	5a67  :   000;
	5a68  :   000;
	5a69  :   000;
	5a6a  :   000;
	5a6b  :   000;
	5a6c  :   000;
	5a6d  :   000;
	5a6e  :   000;
	5a6f  :   000;
	5a70  :   000;
	5a71  :   000;
	5a72  :   000;
	5a73  :   000;
	5a74  :   000;
	5a75  :   000;
	5a76  :   000;
	5a77  :   000;
	5a78  :   111;
	5a79  :   111;
	5a7a  :   111;
	5a7b  :   111;
	5a7c  :   111;
	5a7d  :   000;
	5a7e  :   000;
	5a7f  :   000;
	5a80  :   000;
	5a81  :   000;
	5a82  :   000;
	5a83  :   000;
	5a84  :   111;
	5a85  :   111;
	5a86  :   111;
	5a87  :   111;
	5a88  :   111;
	5a89  :   111;
	5a8a  :   111;
	5a8b  :   111;
	5a8c  :   000;
	5a8d  :   000;
	5a8e  :   000;
	5a8f  :   000;
	5a90  :   000;
	5a91  :   111;
	5a92  :   111;
	5a93  :   111;
	5a94  :   111;
	5a95  :   000;
	5a96  :   111;
	5a97  :   111;
	5a98  :   111;
	5a99  :   111;
	5a9a  :   111;
	5a9b  :   111;
	5a9c  :   111;
	5a9d  :   111;
	5a9e  :   000;
	5a9f  :   000;
	5aa0  :   000;
	5aa1  :   000;
	5aa2  :   000;
	5aa3  :   000;
	5aa4  :   000;
	5aa5  :   000;
	5aa6  :   000;
	5aa7  :   000;
	5aa8  :   000;
	5aa9  :   000;
	5aaa  :   000;
	5aab  :   000;
	5aac  :   000;
	5aad  :   000;
	5aae  :   000;
	5aaf  :   000;
	5ab0  :   000;
	5ab1  :   000;
	5ab2  :   000;
	5ab3  :   000;
	5ab4  :   000;
	5ab5  :   000;
	5ab6  :   000;
	5ab7  :   000;
	5ab8  :   000;
	5ab9  :   000;
	5aba  :   000;
	5abb  :   000;
	5abc  :   000;
	5abd  :   000;
	5abe  :   000;
	5abf  :   000;
	5ac0  :   000;
	5ac1  :   000;
	5ac2  :   000;
	5ac3  :   000;
	5ac4  :   000;
	5ac5  :   000;
	5ac6  :   000;
	5ac7  :   000;
	5ac8  :   000;
	5ac9  :   000;
	5aca  :   000;
	5acb  :   000;
	5acc  :   000;
	5acd  :   000;
	5ace  :   000;
	5acf  :   000;
	5ad0  :   000;
	5ad1  :   000;
	5ad2  :   000;
	5ad3  :   000;
	5ad4  :   000;
	5ad5  :   000;
	5ad6  :   000;
	5ad7  :   000;
	5ad8  :   000;
	5ad9  :   000;
	5ada  :   000;
	5adb  :   000;
	5adc  :   000;
	5add  :   000;
	5ade  :   000;
	5adf  :   000;
	5ae0  :   000;
	5ae1  :   000;
	5ae2  :   000;
	5ae3  :   000;
	5ae4  :   000;
	5ae5  :   000;
	5ae6  :   000;
	5ae7  :   000;
	5ae8  :   000;
	5ae9  :   000;
	5aea  :   000;
	5aeb  :   000;
	5aec  :   000;
	5aed  :   000;
	5aee  :   000;
	5aef  :   000;
	5af0  :   000;
	5af1  :   000;
	5af2  :   000;
	5af3  :   000;
	5af4  :   000;
	5af5  :   000;
	5af6  :   000;
	5af7  :   000;
	5af8  :   000;
	5af9  :   000;
	5afa  :   000;
	5afb  :   000;
	5afc  :   000;
	5afd  :   000;
	5afe  :   000;
	5aff  :   000;
	5b00  :   000;
	5b01  :   000;
	5b02  :   000;
	5b03  :   000;
	5b04  :   000;
	5b05  :   000;
	5b06  :   000;
	5b07  :   000;
	5b08  :   000;
	5b09  :   000;
	5b0a  :   000;
	5b0b  :   000;
	5b0c  :   000;
	5b0d  :   000;
	5b0e  :   000;
	5b0f  :   000;
	5b10  :   000;
	5b11  :   000;
	5b12  :   000;
	5b13  :   000;
	5b14  :   000;
	5b15  :   000;
	5b16  :   000;
	5b17  :   000;
	5b18  :   000;
	5b19  :   000;
	5b1a  :   000;
	5b1b  :   000;
	5b1c  :   000;
	5b1d  :   000;
	5b1e  :   000;
	5b1f  :   000;
	5b20  :   000;
	5b21  :   000;
	5b22  :   000;
	5b23  :   000;
	5b24  :   000;
	5b25  :   000;
	5b26  :   000;
	5b27  :   000;
	5b28  :   000;
	5b29  :   000;
	5b2a  :   000;
	5b2b  :   000;
	5b2c  :   000;
	5b2d  :   000;
	5b2e  :   000;
	5b2f  :   000;
	5b30  :   000;
	5b31  :   000;
	5b32  :   000;
	5b33  :   000;
	5b34  :   000;
	5b35  :   000;
	5b36  :   000;
	5b37  :   000;
	5b38  :   000;
	5b39  :   000;
	5b3a  :   000;
	5b3b  :   000;
	5b3c  :   000;
	5b3d  :   000;
	5b3e  :   000;
	5b3f  :   000;
	5b40  :   000;
	5b41  :   000;
	5b42  :   000;
	5b43  :   000;
	5b44  :   000;
	5b45  :   000;
	5b46  :   000;
	5b47  :   000;
	5b48  :   000;
	5b49  :   000;
	5b4a  :   000;
	5b4b  :   000;
	5b4c  :   000;
	5b4d  :   000;
	5b4e  :   000;
	5b4f  :   000;
	5b50  :   000;
	5b51  :   000;
	5b52  :   000;
	5b53  :   000;
	5b54  :   000;
	5b55  :   000;
	5b56  :   000;
	5b57  :   000;
	5b58  :   111;
	5b59  :   111;
	5b5a  :   111;
	5b5b  :   111;
	5b5c  :   000;
	5b5d  :   000;
	5b5e  :   000;
	5b5f  :   000;
	5b60  :   000;
	5b61  :   000;
	5b62  :   000;
	5b63  :   000;
	5b64  :   111;
	5b65  :   111;
	5b66  :   111;
	5b67  :   111;
	5b68  :   000;
	5b69  :   000;
	5b6a  :   000;
	5b6b  :   000;
	5b6c  :   000;
	5b6d  :   000;
	5b6e  :   000;
	5b6f  :   000;
	5b70  :   000;
	5b71  :   111;
	5b72  :   111;
	5b73  :   111;
	5b74  :   111;
	5b75  :   000;
	5b76  :   111;
	5b77  :   111;
	5b78  :   111;
	5b79  :   111;
	5b7a  :   111;
	5b7b  :   111;
	5b7c  :   111;
	5b7d  :   111;
	5b7e  :   000;
	5b7f  :   000;
	5b80  :   000;
	5b81  :   000;
	5b82  :   000;
	5b83  :   000;
	5b84  :   000;
	5b85  :   000;
	5b86  :   000;
	5b87  :   000;
	5b88  :   000;
	5b89  :   000;
	5b8a  :   000;
	5b8b  :   000;
	5b8c  :   000;
	5b8d  :   000;
	5b8e  :   000;
	5b8f  :   000;
	5b90  :   000;
	5b91  :   000;
	5b92  :   000;
	5b93  :   000;
	5b94  :   000;
	5b95  :   000;
	5b96  :   000;
	5b97  :   000;
	5b98  :   000;
	5b99  :   000;
	5b9a  :   000;
	5b9b  :   000;
	5b9c  :   000;
	5b9d  :   000;
	5b9e  :   000;
	5b9f  :   000;
	5ba0  :   000;
	5ba1  :   000;
	5ba2  :   000;
	5ba3  :   000;
	5ba4  :   000;
	5ba5  :   000;
	5ba6  :   000;
	5ba7  :   000;
	5ba8  :   000;
	5ba9  :   000;
	5baa  :   000;
	5bab  :   000;
	5bac  :   000;
	5bad  :   000;
	5bae  :   000;
	5baf  :   000;
	5bb0  :   000;
	5bb1  :   000;
	5bb2  :   000;
	5bb3  :   000;
	5bb4  :   000;
	5bb5  :   000;
	5bb6  :   000;
	5bb7  :   000;
	5bb8  :   000;
	5bb9  :   000;
	5bba  :   000;
	5bbb  :   000;
	5bbc  :   000;
	5bbd  :   000;
	5bbe  :   000;
	5bbf  :   000;
	5bc0  :   000;
	5bc1  :   000;
	5bc2  :   000;
	5bc3  :   000;
	5bc4  :   000;
	5bc5  :   000;
	5bc6  :   000;
	5bc7  :   000;
	5bc8  :   000;
	5bc9  :   000;
	5bca  :   000;
	5bcb  :   000;
	5bcc  :   000;
	5bcd  :   000;
	5bce  :   000;
	5bcf  :   000;
	5bd0  :   000;
	5bd1  :   000;
	5bd2  :   000;
	5bd3  :   000;
	5bd4  :   000;
	5bd5  :   000;
	5bd6  :   000;
	5bd7  :   000;
	5bd8  :   000;
	5bd9  :   000;
	5bda  :   000;
	5bdb  :   000;
	5bdc  :   000;
	5bdd  :   000;
	5bde  :   000;
	5bdf  :   000;
	5be0  :   000;
	5be1  :   000;
	5be2  :   000;
	5be3  :   000;
	5be4  :   000;
	5be5  :   000;
	5be6  :   000;
	5be7  :   000;
	5be8  :   000;
	5be9  :   000;
	5bea  :   000;
	5beb  :   000;
	5bec  :   000;
	5bed  :   000;
	5bee  :   000;
	5bef  :   000;
	5bf0  :   000;
	5bf1  :   000;
	5bf2  :   000;
	5bf3  :   000;
	5bf4  :   000;
	5bf5  :   000;
	5bf6  :   000;
	5bf7  :   000;
	5bf8  :   000;
	5bf9  :   000;
	5bfa  :   000;
	5bfb  :   000;
	5bfc  :   000;
	5bfd  :   000;
	5bfe  :   000;
	5bff  :   000;
	5c00  :   000;
	5c01  :   000;
	5c02  :   000;
	5c03  :   000;
	5c04  :   000;
	5c05  :   000;
	5c06  :   000;
	5c07  :   000;
	5c08  :   000;
	5c09  :   000;
	5c0a  :   000;
	5c0b  :   000;
	5c0c  :   000;
	5c0d  :   000;
	5c0e  :   000;
	5c0f  :   000;
	5c10  :   000;
	5c11  :   000;
	5c12  :   000;
	5c13  :   000;
	5c14  :   000;
	5c15  :   000;
	5c16  :   000;
	5c17  :   000;
	5c18  :   000;
	5c19  :   000;
	5c1a  :   000;
	5c1b  :   000;
	5c1c  :   000;
	5c1d  :   000;
	5c1e  :   000;
	5c1f  :   000;
	5c20  :   000;
	5c21  :   000;
	5c22  :   000;
	5c23  :   000;
	5c24  :   000;
	5c25  :   000;
	5c26  :   000;
	5c27  :   000;
	5c28  :   000;
	5c29  :   000;
	5c2a  :   000;
	5c2b  :   000;
	5c2c  :   000;
	5c2d  :   000;
	5c2e  :   000;
	5c2f  :   000;
	5c30  :   000;
	5c31  :   000;
	5c32  :   000;
	5c33  :   000;
	5c34  :   000;
	5c35  :   000;
	5c36  :   000;
	5c37  :   111;
	5c38  :   111;
	5c39  :   111;
	5c3a  :   111;
	5c3b  :   111;
	5c3c  :   000;
	5c3d  :   000;
	5c3e  :   000;
	5c3f  :   000;
	5c40  :   000;
	5c41  :   000;
	5c42  :   000;
	5c43  :   000;
	5c44  :   111;
	5c45  :   111;
	5c46  :   111;
	5c47  :   111;
	5c48  :   000;
	5c49  :   000;
	5c4a  :   000;
	5c4b  :   000;
	5c4c  :   000;
	5c4d  :   000;
	5c4e  :   000;
	5c4f  :   000;
	5c50  :   000;
	5c51  :   111;
	5c52  :   111;
	5c53  :   111;
	5c54  :   111;
	5c55  :   000;
	5c56  :   000;
	5c57  :   111;
	5c58  :   111;
	5c59  :   111;
	5c5a  :   111;
	5c5b  :   111;
	5c5c  :   111;
	5c5d  :   111;
	5c5e  :   000;
	5c5f  :   000;
	5c60  :   000;
	5c61  :   000;
	5c62  :   000;
	5c63  :   000;
	5c64  :   000;
	5c65  :   000;
	5c66  :   000;
	5c67  :   000;
	5c68  :   000;
	5c69  :   000;
	5c6a  :   000;
	5c6b  :   000;
	5c6c  :   000;
	5c6d  :   000;
	5c6e  :   000;
	5c6f  :   000;
	5c70  :   000;
	5c71  :   000;
	5c72  :   000;
	5c73  :   000;
	5c74  :   000;
	5c75  :   000;
	5c76  :   000;
	5c77  :   000;
	5c78  :   000;
	5c79  :   000;
	5c7a  :   000;
	5c7b  :   000;
	5c7c  :   000;
	5c7d  :   000;
	5c7e  :   000;
	5c7f  :   000;
	5c80  :   000;
	5c81  :   000;
	5c82  :   000;
	5c83  :   000;
	5c84  :   000;
	5c85  :   000;
	5c86  :   000;
	5c87  :   000;
	5c88  :   000;
	5c89  :   000;
	5c8a  :   000;
	5c8b  :   000;
	5c8c  :   000;
	5c8d  :   000;
	5c8e  :   000;
	5c8f  :   000;
	5c90  :   000;
	5c91  :   000;
	5c92  :   000;
	5c93  :   000;
	5c94  :   000;
	5c95  :   000;
	5c96  :   000;
	5c97  :   000;
	5c98  :   000;
	5c99  :   000;
	5c9a  :   000;
	5c9b  :   000;
	5c9c  :   000;
	5c9d  :   000;
	5c9e  :   000;
	5c9f  :   000;
	5ca0  :   000;
	5ca1  :   000;
	5ca2  :   000;
	5ca3  :   000;
	5ca4  :   000;
	5ca5  :   000;
	5ca6  :   000;
	5ca7  :   000;
	5ca8  :   000;
	5ca9  :   000;
	5caa  :   000;
	5cab  :   000;
	5cac  :   000;
	5cad  :   000;
	5cae  :   000;
	5caf  :   000;
	5cb0  :   000;
	5cb1  :   000;
	5cb2  :   000;
	5cb3  :   000;
	5cb4  :   000;
	5cb5  :   000;
	5cb6  :   000;
	5cb7  :   000;
	5cb8  :   000;
	5cb9  :   000;
	5cba  :   000;
	5cbb  :   000;
	5cbc  :   000;
	5cbd  :   000;
	5cbe  :   000;
	5cbf  :   000;
	5cc0  :   000;
	5cc1  :   000;
	5cc2  :   000;
	5cc3  :   000;
	5cc4  :   000;
	5cc5  :   000;
	5cc6  :   000;
	5cc7  :   000;
	5cc8  :   000;
	5cc9  :   000;
	5cca  :   000;
	5ccb  :   000;
	5ccc  :   000;
	5ccd  :   000;
	5cce  :   000;
	5ccf  :   000;
	5cd0  :   000;
	5cd1  :   000;
	5cd2  :   000;
	5cd3  :   000;
	5cd4  :   000;
	5cd5  :   000;
	5cd6  :   000;
	5cd7  :   000;
	5cd8  :   000;
	5cd9  :   000;
	5cda  :   000;
	5cdb  :   000;
	5cdc  :   000;
	5cdd  :   000;
	5cde  :   000;
	5cdf  :   000;
	5ce0  :   000;
	5ce1  :   000;
	5ce2  :   000;
	5ce3  :   000;
	5ce4  :   000;
	5ce5  :   000;
	5ce6  :   000;
	5ce7  :   000;
	5ce8  :   000;
	5ce9  :   000;
	5cea  :   000;
	5ceb  :   000;
	5cec  :   000;
	5ced  :   000;
	5cee  :   000;
	5cef  :   000;
	5cf0  :   000;
	5cf1  :   000;
	5cf2  :   000;
	5cf3  :   000;
	5cf4  :   000;
	5cf5  :   000;
	5cf6  :   000;
	5cf7  :   000;
	5cf8  :   000;
	5cf9  :   000;
	5cfa  :   000;
	5cfb  :   000;
	5cfc  :   000;
	5cfd  :   000;
	5cfe  :   000;
	5cff  :   000;
	5d00  :   000;
	5d01  :   000;
	5d02  :   000;
	5d03  :   000;
	5d04  :   000;
	5d05  :   000;
	5d06  :   000;
	5d07  :   000;
	5d08  :   000;
	5d09  :   000;
	5d0a  :   000;
	5d0b  :   000;
	5d0c  :   000;
	5d0d  :   000;
	5d0e  :   000;
	5d0f  :   000;
	5d10  :   000;
	5d11  :   000;
	5d12  :   000;
	5d13  :   000;
	5d14  :   000;
	5d15  :   000;
	5d16  :   000;
	5d17  :   111;
	5d18  :   111;
	5d19  :   111;
	5d1a  :   111;
	5d1b  :   000;
	5d1c  :   000;
	5d1d  :   000;
	5d1e  :   000;
	5d1f  :   000;
	5d20  :   000;
	5d21  :   000;
	5d22  :   000;
	5d23  :   000;
	5d24  :   111;
	5d25  :   111;
	5d26  :   111;
	5d27  :   111;
	5d28  :   000;
	5d29  :   000;
	5d2a  :   000;
	5d2b  :   000;
	5d2c  :   000;
	5d2d  :   000;
	5d2e  :   000;
	5d2f  :   000;
	5d30  :   000;
	5d31  :   111;
	5d32  :   111;
	5d33  :   111;
	5d34  :   111;
	5d35  :   000;
	5d36  :   000;
	5d37  :   111;
	5d38  :   111;
	5d39  :   111;
	5d3a  :   111;
	5d3b  :   111;
	5d3c  :   111;
	5d3d  :   111;
	5d3e  :   000;
	5d3f  :   000;
	5d40  :   000;
	5d41  :   000;
	5d42  :   000;
	5d43  :   000;
	5d44  :   000;
	5d45  :   000;
	5d46  :   000;
	5d47  :   000;
	5d48  :   000;
	5d49  :   000;
	5d4a  :   000;
	5d4b  :   000;
	5d4c  :   000;
	5d4d  :   000;
	5d4e  :   000;
	5d4f  :   000;
	5d50  :   000;
	5d51  :   000;
	5d52  :   000;
	5d53  :   000;
	5d54  :   000;
	5d55  :   000;
	5d56  :   000;
	5d57  :   000;
	5d58  :   000;
	5d59  :   000;
	5d5a  :   000;
	5d5b  :   000;
	5d5c  :   000;
	5d5d  :   000;
	5d5e  :   000;
	5d5f  :   000;
	5d60  :   000;
	5d61  :   000;
	5d62  :   000;
	5d63  :   000;
	5d64  :   000;
	5d65  :   000;
	5d66  :   000;
	5d67  :   000;
	5d68  :   000;
	5d69  :   000;
	5d6a  :   000;
	5d6b  :   000;
	5d6c  :   000;
	5d6d  :   000;
	5d6e  :   000;
	5d6f  :   000;
	5d70  :   000;
	5d71  :   000;
	5d72  :   000;
	5d73  :   000;
	5d74  :   000;
	5d75  :   000;
	5d76  :   000;
	5d77  :   000;
	5d78  :   000;
	5d79  :   000;
	5d7a  :   000;
	5d7b  :   000;
	5d7c  :   000;
	5d7d  :   000;
	5d7e  :   000;
	5d7f  :   000;
	5d80  :   000;
	5d81  :   000;
	5d82  :   000;
	5d83  :   000;
	5d84  :   000;
	5d85  :   000;
	5d86  :   000;
	5d87  :   000;
	5d88  :   000;
	5d89  :   000;
	5d8a  :   000;
	5d8b  :   000;
	5d8c  :   000;
	5d8d  :   000;
	5d8e  :   000;
	5d8f  :   000;
	5d90  :   000;
	5d91  :   000;
	5d92  :   000;
	5d93  :   000;
	5d94  :   000;
	5d95  :   000;
	5d96  :   000;
	5d97  :   000;
	5d98  :   000;
	5d99  :   000;
	5d9a  :   000;
	5d9b  :   000;
	5d9c  :   000;
	5d9d  :   000;
	5d9e  :   000;
	5d9f  :   000;
	5da0  :   000;
	5da1  :   000;
	5da2  :   000;
	5da3  :   000;
	5da4  :   000;
	5da5  :   000;
	5da6  :   000;
	5da7  :   000;
	5da8  :   000;
	5da9  :   000;
	5daa  :   000;
	5dab  :   000;
	5dac  :   000;
	5dad  :   000;
	5dae  :   000;
	5daf  :   000;
	5db0  :   000;
	5db1  :   000;
	5db2  :   000;
	5db3  :   000;
	5db4  :   000;
	5db5  :   000;
	5db6  :   000;
	5db7  :   000;
	5db8  :   000;
	5db9  :   000;
	5dba  :   000;
	5dbb  :   000;
	5dbc  :   000;
	5dbd  :   000;
	5dbe  :   000;
	5dbf  :   000;
	5dc0  :   000;
	5dc1  :   000;
	5dc2  :   000;
	5dc3  :   000;
	5dc4  :   000;
	5dc5  :   000;
	5dc6  :   000;
	5dc7  :   000;
	5dc8  :   000;
	5dc9  :   000;
	5dca  :   000;
	5dcb  :   000;
	5dcc  :   000;
	5dcd  :   000;
	5dce  :   000;
	5dcf  :   000;
	5dd0  :   000;
	5dd1  :   000;
	5dd2  :   000;
	5dd3  :   000;
	5dd4  :   000;
	5dd5  :   000;
	5dd6  :   000;
	5dd7  :   000;
	5dd8  :   000;
	5dd9  :   000;
	5dda  :   000;
	5ddb  :   000;
	5ddc  :   000;
	5ddd  :   000;
	5dde  :   000;
	5ddf  :   000;
	5de0  :   000;
	5de1  :   000;
	5de2  :   000;
	5de3  :   000;
	5de4  :   000;
	5de5  :   000;
	5de6  :   000;
	5de7  :   000;
	5de8  :   000;
	5de9  :   000;
	5dea  :   000;
	5deb  :   000;
	5dec  :   000;
	5ded  :   000;
	5dee  :   000;
	5def  :   000;
	5df0  :   000;
	5df1  :   000;
	5df2  :   000;
	5df3  :   000;
	5df4  :   000;
	5df5  :   000;
	5df6  :   111;
	5df7  :   111;
	5df8  :   111;
	5df9  :   111;
	5dfa  :   111;
	5dfb  :   111;
	5dfc  :   111;
	5dfd  :   111;
	5dfe  :   111;
	5dff  :   111;
	5e00  :   000;
	5e01  :   000;
	5e02  :   000;
	5e03  :   000;
	5e04  :   111;
	5e05  :   111;
	5e06  :   111;
	5e07  :   111;
	5e08  :   111;
	5e09  :   111;
	5e0a  :   111;
	5e0b  :   111;
	5e0c  :   111;
	5e0d  :   000;
	5e0e  :   000;
	5e0f  :   000;
	5e10  :   000;
	5e11  :   111;
	5e12  :   111;
	5e13  :   111;
	5e14  :   111;
	5e15  :   000;
	5e16  :   000;
	5e17  :   000;
	5e18  :   111;
	5e19  :   111;
	5e1a  :   111;
	5e1b  :   111;
	5e1c  :   111;
	5e1d  :   111;
	5e1e  :   000;
	5e1f  :   000;
	5e20  :   000;
	5e21  :   000;
	5e22  :   000;
	5e23  :   000;
	5e24  :   000;
	5e25  :   000;
	5e26  :   000;
	5e27  :   000;
	5e28  :   000;
	5e29  :   000;
	5e2a  :   000;
	5e2b  :   000;
	5e2c  :   000;
	5e2d  :   000;
	5e2e  :   000;
	5e2f  :   000;
	5e30  :   000;
	5e31  :   000;
	5e32  :   000;
	5e33  :   000;
	5e34  :   000;
	5e35  :   000;
	5e36  :   000;
	5e37  :   000;
	5e38  :   000;
	5e39  :   000;
	5e3a  :   000;
	5e3b  :   000;
	5e3c  :   000;
	5e3d  :   000;
	5e3e  :   000;
	5e3f  :   000;
	5e40  :   000;
	5e41  :   000;
	5e42  :   000;
	5e43  :   000;
	5e44  :   000;
	5e45  :   000;
	5e46  :   000;
	5e47  :   000;
	5e48  :   000;
	5e49  :   000;
	5e4a  :   000;
	5e4b  :   000;
	5e4c  :   000;
	5e4d  :   000;
	5e4e  :   000;
	5e4f  :   000;
	5e50  :   000;
	5e51  :   000;
	5e52  :   000;
	5e53  :   000;
	5e54  :   000;
	5e55  :   000;
	5e56  :   000;
	5e57  :   000;
	5e58  :   000;
	5e59  :   000;
	5e5a  :   000;
	5e5b  :   000;
	5e5c  :   000;
	5e5d  :   000;
	5e5e  :   000;
	5e5f  :   000;
	5e60  :   000;
	5e61  :   000;
	5e62  :   000;
	5e63  :   000;
	5e64  :   000;
	5e65  :   000;
	5e66  :   000;
	5e67  :   000;
	5e68  :   000;
	5e69  :   000;
	5e6a  :   000;
	5e6b  :   000;
	5e6c  :   000;
	5e6d  :   000;
	5e6e  :   000;
	5e6f  :   000;
	5e70  :   000;
	5e71  :   000;
	5e72  :   000;
	5e73  :   000;
	5e74  :   000;
	5e75  :   000;
	5e76  :   000;
	5e77  :   000;
	5e78  :   000;
	5e79  :   000;
	5e7a  :   000;
	5e7b  :   000;
	5e7c  :   000;
	5e7d  :   000;
	5e7e  :   000;
	5e7f  :   000;
	5e80  :   000;
	5e81  :   000;
	5e82  :   000;
	5e83  :   000;
	5e84  :   000;
	5e85  :   000;
	5e86  :   000;
	5e87  :   000;
	5e88  :   000;
	5e89  :   000;
	5e8a  :   000;
	5e8b  :   000;
	5e8c  :   000;
	5e8d  :   000;
	5e8e  :   000;
	5e8f  :   000;
	5e90  :   000;
	5e91  :   000;
	5e92  :   000;
	5e93  :   000;
	5e94  :   000;
	5e95  :   000;
	5e96  :   000;
	5e97  :   000;
	5e98  :   000;
	5e99  :   000;
	5e9a  :   000;
	5e9b  :   000;
	5e9c  :   000;
	5e9d  :   000;
	5e9e  :   000;
	5e9f  :   000;
	5ea0  :   000;
	5ea1  :   000;
	5ea2  :   000;
	5ea3  :   000;
	5ea4  :   000;
	5ea5  :   000;
	5ea6  :   000;
	5ea7  :   000;
	5ea8  :   000;
	5ea9  :   000;
	5eaa  :   000;
	5eab  :   000;
	5eac  :   000;
	5ead  :   000;
	5eae  :   000;
	5eaf  :   000;
	5eb0  :   000;
	5eb1  :   000;
	5eb2  :   000;
	5eb3  :   000;
	5eb4  :   000;
	5eb5  :   000;
	5eb6  :   000;
	5eb7  :   000;
	5eb8  :   000;
	5eb9  :   000;
	5eba  :   000;
	5ebb  :   000;
	5ebc  :   000;
	5ebd  :   000;
	5ebe  :   000;
	5ebf  :   000;
	5ec0  :   000;
	5ec1  :   000;
	5ec2  :   000;
	5ec3  :   000;
	5ec4  :   000;
	5ec5  :   000;
	5ec6  :   000;
	5ec7  :   000;
	5ec8  :   000;
	5ec9  :   000;
	5eca  :   000;
	5ecb  :   000;
	5ecc  :   000;
	5ecd  :   000;
	5ece  :   000;
	5ecf  :   000;
	5ed0  :   000;
	5ed1  :   000;
	5ed2  :   000;
	5ed3  :   000;
	5ed4  :   000;
	5ed5  :   000;
	5ed6  :   111;
	5ed7  :   111;
	5ed8  :   111;
	5ed9  :   111;
	5eda  :   111;
	5edb  :   111;
	5edc  :   111;
	5edd  :   111;
	5ede  :   111;
	5edf  :   111;
	5ee0  :   111;
	5ee1  :   000;
	5ee2  :   000;
	5ee3  :   000;
	5ee4  :   111;
	5ee5  :   111;
	5ee6  :   111;
	5ee7  :   111;
	5ee8  :   111;
	5ee9  :   111;
	5eea  :   111;
	5eeb  :   111;
	5eec  :   111;
	5eed  :   111;
	5eee  :   000;
	5eef  :   000;
	5ef0  :   000;
	5ef1  :   111;
	5ef2  :   111;
	5ef3  :   111;
	5ef4  :   111;
	5ef5  :   000;
	5ef6  :   000;
	5ef7  :   000;
	5ef8  :   111;
	5ef9  :   111;
	5efa  :   111;
	5efb  :   111;
	5efc  :   111;
	5efd  :   111;
	5efe  :   000;
	5eff  :   000;
	5f00  :   000;
	5f01  :   000;
	5f02  :   000;
	5f03  :   000;
	5f04  :   000;
	5f05  :   000;
	5f06  :   000;
	5f07  :   000;
	5f08  :   000;
	5f09  :   000;
	5f0a  :   000;
	5f0b  :   000;
	5f0c  :   000;
	5f0d  :   000;
	5f0e  :   000;
	5f0f  :   000;
	5f10  :   000;
	5f11  :   000;
	5f12  :   000;
	5f13  :   000;
	5f14  :   000;
	5f15  :   000;
	5f16  :   000;
	5f17  :   000;
	5f18  :   000;
	5f19  :   000;
	5f1a  :   000;
	5f1b  :   000;
	5f1c  :   000;
	5f1d  :   000;
	5f1e  :   000;
	5f1f  :   000;
	5f20  :   000;
	5f21  :   000;
	5f22  :   000;
	5f23  :   000;
	5f24  :   000;
	5f25  :   000;
	5f26  :   000;
	5f27  :   000;
	5f28  :   000;
	5f29  :   000;
	5f2a  :   000;
	5f2b  :   000;
	5f2c  :   000;
	5f2d  :   000;
	5f2e  :   000;
	5f2f  :   000;
	5f30  :   000;
	5f31  :   000;
	5f32  :   000;
	5f33  :   000;
	5f34  :   000;
	5f35  :   000;
	5f36  :   000;
	5f37  :   000;
	5f38  :   000;
	5f39  :   000;
	5f3a  :   000;
	5f3b  :   000;
	5f3c  :   000;
	5f3d  :   000;
	5f3e  :   000;
	5f3f  :   000;
	5f40  :   000;
	5f41  :   000;
	5f42  :   000;
	5f43  :   000;
	5f44  :   000;
	5f45  :   000;
	5f46  :   000;
	5f47  :   000;
	5f48  :   000;
	5f49  :   000;
	5f4a  :   000;
	5f4b  :   000;
	5f4c  :   000;
	5f4d  :   000;
	5f4e  :   000;
	5f4f  :   000;
	5f50  :   000;
	5f51  :   000;
	5f52  :   000;
	5f53  :   000;
	5f54  :   000;
	5f55  :   000;
	5f56  :   000;
	5f57  :   000;
	5f58  :   000;
	5f59  :   000;
	5f5a  :   000;
	5f5b  :   000;
	5f5c  :   000;
	5f5d  :   000;
	5f5e  :   000;
	5f5f  :   000;
	5f60  :   000;
	5f61  :   000;
	5f62  :   000;
	5f63  :   000;
	5f64  :   000;
	5f65  :   000;
	5f66  :   000;
	5f67  :   000;
	5f68  :   000;
	5f69  :   000;
	5f6a  :   000;
	5f6b  :   000;
	5f6c  :   000;
	5f6d  :   000;
	5f6e  :   000;
	5f6f  :   000;
	5f70  :   000;
	5f71  :   000;
	5f72  :   000;
	5f73  :   000;
	5f74  :   000;
	5f75  :   000;
	5f76  :   000;
	5f77  :   000;
	5f78  :   000;
	5f79  :   000;
	5f7a  :   000;
	5f7b  :   000;
	5f7c  :   000;
	5f7d  :   000;
	5f7e  :   000;
	5f7f  :   000;
	5f80  :   000;
	5f81  :   000;
	5f82  :   000;
	5f83  :   000;
	5f84  :   000;
	5f85  :   000;
	5f86  :   000;
	5f87  :   000;
	5f88  :   000;
	5f89  :   000;
	5f8a  :   000;
	5f8b  :   000;
	5f8c  :   000;
	5f8d  :   000;
	5f8e  :   000;
	5f8f  :   000;
	5f90  :   000;
	5f91  :   000;
	5f92  :   000;
	5f93  :   000;
	5f94  :   000;
	5f95  :   000;
	5f96  :   000;
	5f97  :   000;
	5f98  :   000;
	5f99  :   000;
	5f9a  :   000;
	5f9b  :   000;
	5f9c  :   000;
	5f9d  :   000;
	5f9e  :   000;
	5f9f  :   000;
	5fa0  :   000;
	5fa1  :   000;
	5fa2  :   000;
	5fa3  :   000;
	5fa4  :   000;
	5fa5  :   000;
	5fa6  :   000;
	5fa7  :   000;
	5fa8  :   000;
	5fa9  :   000;
	5faa  :   000;
	5fab  :   000;
	5fac  :   000;
	5fad  :   000;
	5fae  :   000;
	5faf  :   000;
	5fb0  :   000;
	5fb1  :   000;
	5fb2  :   000;
	5fb3  :   000;
	5fb4  :   000;
	5fb5  :   000;
	5fb6  :   111;
	5fb7  :   111;
	5fb8  :   111;
	5fb9  :   111;
	5fba  :   111;
	5fbb  :   111;
	5fbc  :   111;
	5fbd  :   111;
	5fbe  :   111;
	5fbf  :   111;
	5fc0  :   111;
	5fc1  :   000;
	5fc2  :   000;
	5fc3  :   000;
	5fc4  :   111;
	5fc5  :   111;
	5fc6  :   111;
	5fc7  :   111;
	5fc8  :   111;
	5fc9  :   111;
	5fca  :   111;
	5fcb  :   111;
	5fcc  :   111;
	5fcd  :   111;
	5fce  :   000;
	5fcf  :   000;
	5fd0  :   000;
	5fd1  :   111;
	5fd2  :   111;
	5fd3  :   111;
	5fd4  :   111;
	5fd5  :   000;
	5fd6  :   000;
	5fd7  :   000;
	5fd8  :   000;
	5fd9  :   111;
	5fda  :   111;
	5fdb  :   111;
	5fdc  :   111;
	5fdd  :   111;
	5fde  :   000;
	5fdf  :   000;
	5fe0  :   000;
	5fe1  :   000;
	5fe2  :   000;
	5fe3  :   000;
	5fe4  :   000;
	5fe5  :   000;
	5fe6  :   000;
	5fe7  :   000;
	5fe8  :   000;
	5fe9  :   000;
	5fea  :   000;
	5feb  :   000;
	5fec  :   000;
	5fed  :   000;
	5fee  :   000;
	5fef  :   000;
	5ff0  :   000;
	5ff1  :   000;
	5ff2  :   000;
	5ff3  :   000;
	5ff4  :   000;
	5ff5  :   000;
	5ff6  :   000;
	5ff7  :   000;
	5ff8  :   000;
	5ff9  :   000;
	5ffa  :   000;
	5ffb  :   000;
	5ffc  :   000;
	5ffd  :   000;
	5ffe  :   000;
	5fff  :   000;
	6000  :   000;
	6001  :   000;
	6002  :   000;
	6003  :   000;
	6004  :   000;
	6005  :   000;
	6006  :   000;
	6007  :   000;
	6008  :   000;
	6009  :   000;
	600a  :   000;
	600b  :   000;
	600c  :   000;
	600d  :   000;
	600e  :   000;
	600f  :   000;
	6010  :   000;
	6011  :   000;
	6012  :   000;
	6013  :   000;
	6014  :   000;
	6015  :   000;
	6016  :   000;
	6017  :   000;
	6018  :   000;
	6019  :   000;
	601a  :   000;
	601b  :   000;
	601c  :   000;
	601d  :   000;
	601e  :   000;
	601f  :   000;
	6020  :   000;
	6021  :   000;
	6022  :   000;
	6023  :   000;
	6024  :   000;
	6025  :   000;
	6026  :   000;
	6027  :   000;
	6028  :   000;
	6029  :   000;
	602a  :   000;
	602b  :   000;
	602c  :   000;
	602d  :   000;
	602e  :   000;
	602f  :   000;
	6030  :   000;
	6031  :   000;
	6032  :   000;
	6033  :   000;
	6034  :   000;
	6035  :   000;
	6036  :   000;
	6037  :   000;
	6038  :   000;
	6039  :   000;
	603a  :   000;
	603b  :   000;
	603c  :   000;
	603d  :   000;
	603e  :   000;
	603f  :   000;
	6040  :   000;
	6041  :   000;
	6042  :   000;
	6043  :   000;
	6044  :   000;
	6045  :   000;
	6046  :   000;
	6047  :   000;
	6048  :   000;
	6049  :   000;
	604a  :   000;
	604b  :   000;
	604c  :   000;
	604d  :   000;
	604e  :   000;
	604f  :   000;
	6050  :   000;
	6051  :   000;
	6052  :   000;
	6053  :   000;
	6054  :   000;
	6055  :   000;
	6056  :   000;
	6057  :   000;
	6058  :   000;
	6059  :   000;
	605a  :   000;
	605b  :   000;
	605c  :   000;
	605d  :   000;
	605e  :   000;
	605f  :   000;
	6060  :   000;
	6061  :   000;
	6062  :   000;
	6063  :   000;
	6064  :   000;
	6065  :   000;
	6066  :   000;
	6067  :   000;
	6068  :   000;
	6069  :   000;
	606a  :   000;
	606b  :   000;
	606c  :   000;
	606d  :   000;
	606e  :   000;
	606f  :   000;
	6070  :   000;
	6071  :   000;
	6072  :   000;
	6073  :   000;
	6074  :   000;
	6075  :   000;
	6076  :   000;
	6077  :   000;
	6078  :   000;
	6079  :   000;
	607a  :   000;
	607b  :   000;
	607c  :   000;
	607d  :   000;
	607e  :   000;
	607f  :   000;
	6080  :   000;
	6081  :   000;
	6082  :   000;
	6083  :   000;
	6084  :   000;
	6085  :   000;
	6086  :   000;
	6087  :   000;
	6088  :   000;
	6089  :   000;
	608a  :   000;
	608b  :   000;
	608c  :   000;
	608d  :   000;
	608e  :   000;
	608f  :   000;
	6090  :   000;
	6091  :   000;
	6092  :   000;
	6093  :   000;
	6094  :   000;
	6095  :   000;
	6096  :   111;
	6097  :   111;
	6098  :   111;
	6099  :   111;
	609a  :   111;
	609b  :   111;
	609c  :   111;
	609d  :   111;
	609e  :   111;
	609f  :   111;
	60a0  :   111;
	60a1  :   000;
	60a2  :   000;
	60a3  :   000;
	60a4  :   111;
	60a5  :   111;
	60a6  :   111;
	60a7  :   111;
	60a8  :   111;
	60a9  :   111;
	60aa  :   111;
	60ab  :   111;
	60ac  :   111;
	60ad  :   000;
	60ae  :   000;
	60af  :   000;
	60b0  :   000;
	60b1  :   111;
	60b2  :   111;
	60b3  :   111;
	60b4  :   000;
	60b5  :   000;
	60b6  :   000;
	60b7  :   000;
	60b8  :   000;
	60b9  :   111;
	60ba  :   111;
	60bb  :   111;
	60bc  :   111;
	60bd  :   000;
	60be  :   000;
	60bf  :   000;
	60c0  :   000;
	60c1  :   000;
	60c2  :   000;
	60c3  :   000;
	60c4  :   000;
	60c5  :   000;
	60c6  :   000;
	60c7  :   000;
	60c8  :   000;
	60c9  :   000;
	60ca  :   000;
	60cb  :   000;
	60cc  :   000;
	60cd  :   000;
	60ce  :   000;
	60cf  :   000;
	60d0  :   000;
	60d1  :   000;
	60d2  :   000;
	60d3  :   000;
	60d4  :   000;
	60d5  :   000;
	60d6  :   000;
	60d7  :   000;
	60d8  :   000;
	60d9  :   000;
	60da  :   000;
	60db  :   000;
	60dc  :   000;
	60dd  :   000;
	60de  :   000;
	60df  :   000;
	60e0  :   000;
	60e1  :   000;
	60e2  :   000;
	60e3  :   000;
	60e4  :   000;
	60e5  :   000;
	60e6  :   000;
	60e7  :   000;
	60e8  :   000;
	60e9  :   000;
	60ea  :   000;
	60eb  :   000;
	60ec  :   000;
	60ed  :   000;
	60ee  :   000;
	60ef  :   000;
	60f0  :   000;
	60f1  :   000;
	60f2  :   000;
	60f3  :   000;
	60f4  :   000;
	60f5  :   000;
	60f6  :   000;
	60f7  :   000;
	60f8  :   000;
	60f9  :   000;
	60fa  :   000;
	60fb  :   000;
	60fc  :   000;
	60fd  :   000;
	60fe  :   000;
	60ff  :   000;
	6100  :   000;
	6101  :   000;
	6102  :   000;
	6103  :   000;
	6104  :   000;
	6105  :   000;
	6106  :   000;
	6107  :   000;
	6108  :   000;
	6109  :   000;
	610a  :   000;
	610b  :   000;
	610c  :   000;
	610d  :   000;
	610e  :   000;
	610f  :   000;
	6110  :   000;
	6111  :   000;
	6112  :   000;
	6113  :   000;
	6114  :   000;
	6115  :   000;
	6116  :   000;
	6117  :   000;
	6118  :   000;
	6119  :   000;
	611a  :   000;
	611b  :   000;
	611c  :   000;
	611d  :   000;
	611e  :   000;
	611f  :   000;
	6120  :   000;
	6121  :   000;
	6122  :   000;
	6123  :   000;
	6124  :   000;
	6125  :   000;
	6126  :   000;
	6127  :   000;
	6128  :   000;
	6129  :   000;
	612a  :   000;
	612b  :   000;
	612c  :   000;
	612d  :   000;
	612e  :   000;
	612f  :   000;
	6130  :   000;
	6131  :   000;
	6132  :   000;
	6133  :   000;
	6134  :   000;
	6135  :   000;
	6136  :   000;
	6137  :   000;
	6138  :   000;
	6139  :   000;
	613a  :   000;
	613b  :   000;
	613c  :   000;
	613d  :   000;
	613e  :   000;
	613f  :   000;
	6140  :   000;
	6141  :   000;
	6142  :   000;
	6143  :   000;
	6144  :   000;
	6145  :   000;
	6146  :   000;
	6147  :   000;
	6148  :   000;
	6149  :   000;
	614a  :   000;
	614b  :   000;
	614c  :   000;
	614d  :   000;
	614e  :   000;
	614f  :   000;
	6150  :   000;
	6151  :   000;
	6152  :   000;
	6153  :   000;
	6154  :   000;
	6155  :   000;
	6156  :   000;
	6157  :   000;
	6158  :   000;
	6159  :   000;
	615a  :   000;
	615b  :   000;
	615c  :   000;
	615d  :   000;
	615e  :   000;
	615f  :   000;
	6160  :   000;
	6161  :   000;
	6162  :   000;
	6163  :   000;
	6164  :   000;
	6165  :   000;
	6166  :   000;
	6167  :   000;
	6168  :   000;
	6169  :   000;
	616a  :   000;
	616b  :   000;
	616c  :   000;
	616d  :   000;
	616e  :   000;
	616f  :   000;
	6170  :   000;
	6171  :   000;
	6172  :   000;
	6173  :   000;
	6174  :   000;
	6175  :   000;
	6176  :   000;
	6177  :   000;
	6178  :   000;
	6179  :   000;
	617a  :   000;
	617b  :   000;
	617c  :   000;
	617d  :   000;
	617e  :   000;
	617f  :   000;
	6180  :   000;
	6181  :   000;
	6182  :   000;
	6183  :   000;
	6184  :   000;
	6185  :   000;
	6186  :   000;
	6187  :   000;
	6188  :   000;
	6189  :   000;
	618a  :   000;
	618b  :   000;
	618c  :   000;
	618d  :   000;
	618e  :   000;
	618f  :   000;
	6190  :   000;
	6191  :   000;
	6192  :   000;
	6193  :   000;
	6194  :   000;
	6195  :   000;
	6196  :   000;
	6197  :   000;
	6198  :   000;
	6199  :   000;
	619a  :   000;
	619b  :   000;
	619c  :   000;
	619d  :   000;
	619e  :   000;
	619f  :   000;
	61a0  :   000;
	61a1  :   000;
	61a2  :   000;
	61a3  :   000;
	61a4  :   000;
	61a5  :   000;
	61a6  :   000;
	61a7  :   000;
	61a8  :   000;
	61a9  :   000;
	61aa  :   000;
	61ab  :   000;
	61ac  :   000;
	61ad  :   000;
	61ae  :   000;
	61af  :   000;
	61b0  :   000;
	61b1  :   000;
	61b2  :   000;
	61b3  :   000;
	61b4  :   000;
	61b5  :   000;
	61b6  :   000;
	61b7  :   000;
	61b8  :   000;
	61b9  :   000;
	61ba  :   000;
	61bb  :   000;
	61bc  :   000;
	61bd  :   000;
	61be  :   000;
	61bf  :   000;
	61c0  :   000;
	61c1  :   000;
	61c2  :   000;
	61c3  :   000;
	61c4  :   000;
	61c5  :   000;
	61c6  :   000;
	61c7  :   000;
	61c8  :   000;
	61c9  :   000;
	61ca  :   000;
	61cb  :   000;
	61cc  :   000;
	61cd  :   000;
	61ce  :   000;
	61cf  :   000;
	61d0  :   000;
	61d1  :   000;
	61d2  :   000;
	61d3  :   000;
	61d4  :   000;
	61d5  :   000;
	61d6  :   000;
	61d7  :   000;
	61d8  :   000;
	61d9  :   000;
	61da  :   000;
	61db  :   000;
	61dc  :   000;
	61dd  :   000;
	61de  :   000;
	61df  :   000;
	61e0  :   000;
	61e1  :   000;
	61e2  :   000;
	61e3  :   000;
	61e4  :   000;
	61e5  :   000;
	61e6  :   000;
	61e7  :   000;
	61e8  :   000;
	61e9  :   000;
	61ea  :   000;
	61eb  :   000;
	61ec  :   000;
	61ed  :   000;
	61ee  :   000;
	61ef  :   000;
	61f0  :   000;
	61f1  :   000;
	61f2  :   000;
	61f3  :   000;
	61f4  :   000;
	61f5  :   000;
	61f6  :   000;
	61f7  :   000;
	61f8  :   000;
	61f9  :   000;
	61fa  :   000;
	61fb  :   000;
	61fc  :   000;
	61fd  :   000;
	61fe  :   000;
	61ff  :   000;
	6200  :   000;
	6201  :   000;
	6202  :   000;
	6203  :   000;
	6204  :   000;
	6205  :   000;
	6206  :   000;
	6207  :   000;
	6208  :   000;
	6209  :   000;
	620a  :   000;
	620b  :   000;
	620c  :   000;
	620d  :   000;
	620e  :   000;
	620f  :   000;
	6210  :   000;
	6211  :   000;
	6212  :   000;
	6213  :   000;
	6214  :   000;
	6215  :   000;
	6216  :   000;
	6217  :   000;
	6218  :   000;
	6219  :   000;
	621a  :   000;
	621b  :   000;
	621c  :   000;
	621d  :   000;
	621e  :   000;
	621f  :   000;
	6220  :   000;
	6221  :   000;
	6222  :   000;
	6223  :   000;
	6224  :   000;
	6225  :   000;
	6226  :   000;
	6227  :   000;
	6228  :   000;
	6229  :   000;
	622a  :   000;
	622b  :   000;
	622c  :   000;
	622d  :   000;
	622e  :   000;
	622f  :   000;
	6230  :   000;
	6231  :   000;
	6232  :   000;
	6233  :   000;
	6234  :   000;
	6235  :   000;
	6236  :   000;
	6237  :   000;
	6238  :   000;
	6239  :   000;
	623a  :   000;
	623b  :   000;
	623c  :   000;
	623d  :   000;
	623e  :   000;
	623f  :   000;
	6240  :   000;
	6241  :   000;
	6242  :   000;
	6243  :   000;
	6244  :   000;
	6245  :   000;
	6246  :   000;
	6247  :   000;
	6248  :   000;
	6249  :   000;
	624a  :   000;
	624b  :   000;
	624c  :   000;
	624d  :   000;
	624e  :   000;
	624f  :   000;
	6250  :   000;
	6251  :   000;
	6252  :   000;
	6253  :   000;
	6254  :   000;
	6255  :   000;
	6256  :   000;
	6257  :   000;
	6258  :   000;
	6259  :   000;
	625a  :   000;
	625b  :   000;
	625c  :   000;
	625d  :   000;
	625e  :   000;
	625f  :   000;
	6260  :   000;
	6261  :   000;
	6262  :   000;
	6263  :   000;
	6264  :   000;
	6265  :   000;
	6266  :   000;
	6267  :   000;
	6268  :   000;
	6269  :   000;
	626a  :   000;
	626b  :   000;
	626c  :   000;
	626d  :   000;
	626e  :   000;
	626f  :   000;
	6270  :   000;
	6271  :   000;
	6272  :   000;
	6273  :   000;
	6274  :   000;
	6275  :   000;
	6276  :   000;
	6277  :   000;
	6278  :   000;
	6279  :   000;
	627a  :   000;
	627b  :   000;
	627c  :   000;
	627d  :   000;
	627e  :   000;
	627f  :   000;
	6280  :   000;
	6281  :   000;
	6282  :   000;
	6283  :   000;
	6284  :   000;
	6285  :   000;
	6286  :   000;
	6287  :   000;
	6288  :   000;
	6289  :   000;
	628a  :   000;
	628b  :   000;
	628c  :   000;
	628d  :   000;
	628e  :   000;
	628f  :   000;
	6290  :   000;
	6291  :   000;
	6292  :   000;
	6293  :   000;
	6294  :   000;
	6295  :   000;
	6296  :   000;
	6297  :   000;
	6298  :   000;
	6299  :   000;
	629a  :   000;
	629b  :   000;
	629c  :   000;
	629d  :   000;
	629e  :   000;
	629f  :   000;
	62a0  :   000;
	62a1  :   000;
	62a2  :   000;
	62a3  :   000;
	62a4  :   000;
	62a5  :   000;
	62a6  :   000;
	62a7  :   000;
	62a8  :   000;
	62a9  :   000;
	62aa  :   000;
	62ab  :   000;
	62ac  :   000;
	62ad  :   000;
	62ae  :   000;
	62af  :   000;
	62b0  :   000;
	62b1  :   000;
	62b2  :   000;
	62b3  :   000;
	62b4  :   000;
	62b5  :   000;
	62b6  :   000;
	62b7  :   000;
	62b8  :   000;
	62b9  :   000;
	62ba  :   000;
	62bb  :   000;
	62bc  :   000;
	62bd  :   000;
	62be  :   000;
	62bf  :   000;
	62c0  :   000;
	62c1  :   000;
	62c2  :   000;
	62c3  :   000;
	62c4  :   000;
	62c5  :   000;
	62c6  :   000;
	62c7  :   000;
	62c8  :   000;
	62c9  :   000;
	62ca  :   000;
	62cb  :   000;
	62cc  :   000;
	62cd  :   000;
	62ce  :   000;
	62cf  :   000;
	62d0  :   000;
	62d1  :   000;
	62d2  :   000;
	62d3  :   000;
	62d4  :   000;
	62d5  :   000;
	62d6  :   000;
	62d7  :   000;
	62d8  :   000;
	62d9  :   000;
	62da  :   000;
	62db  :   000;
	62dc  :   000;
	62dd  :   000;
	62de  :   000;
	62df  :   000;
	62e0  :   000;
	62e1  :   000;
	62e2  :   000;
	62e3  :   000;
	62e4  :   000;
	62e5  :   000;
	62e6  :   000;
	62e7  :   000;
	62e8  :   000;
	62e9  :   000;
	62ea  :   000;
	62eb  :   000;
	62ec  :   000;
	62ed  :   000;
	62ee  :   000;
	62ef  :   000;
	62f0  :   000;
	62f1  :   000;
	62f2  :   000;
	62f3  :   000;
	62f4  :   000;
	62f5  :   000;
	62f6  :   000;
	62f7  :   000;
	62f8  :   000;
	62f9  :   000;
	62fa  :   000;
	62fb  :   000;
	62fc  :   000;
	62fd  :   000;
	62fe  :   000;
	62ff  :   000;
	6300  :   000;
	6301  :   000;
	6302  :   000;
	6303  :   000;
	6304  :   000;
	6305  :   000;
	6306  :   000;
	6307  :   000;
	6308  :   000;
	6309  :   000;
	630a  :   000;
	630b  :   000;
	630c  :   000;
	630d  :   000;
	630e  :   000;
	630f  :   000;
	6310  :   000;
	6311  :   000;
	6312  :   000;
	6313  :   000;
	6314  :   000;
	6315  :   000;
	6316  :   000;
	6317  :   000;
	6318  :   000;
	6319  :   000;
	631a  :   000;
	631b  :   000;
	631c  :   000;
	631d  :   000;
	631e  :   000;
	631f  :   000;
	6320  :   000;
	6321  :   000;
	6322  :   000;
	6323  :   000;
	6324  :   000;
	6325  :   000;
	6326  :   000;
	6327  :   000;
	6328  :   000;
	6329  :   000;
	632a  :   000;
	632b  :   000;
	632c  :   000;
	632d  :   000;
	632e  :   000;
	632f  :   000;
	6330  :   000;
	6331  :   000;
	6332  :   000;
	6333  :   000;
	6334  :   000;
	6335  :   000;
	6336  :   000;
	6337  :   000;
	6338  :   000;
	6339  :   000;
	633a  :   000;
	633b  :   000;
	633c  :   000;
	633d  :   000;
	633e  :   000;
	633f  :   000;
	6340  :   000;
	6341  :   000;
	6342  :   000;
	6343  :   000;
	6344  :   000;
	6345  :   000;
	6346  :   000;
	6347  :   000;
	6348  :   000;
	6349  :   000;
	634a  :   000;
	634b  :   000;
	634c  :   000;
	634d  :   000;
	634e  :   000;
	634f  :   000;
	6350  :   000;
	6351  :   000;
	6352  :   000;
	6353  :   000;
	6354  :   000;
	6355  :   000;
	6356  :   000;
	6357  :   000;
	6358  :   000;
	6359  :   000;
	635a  :   000;
	635b  :   000;
	635c  :   000;
	635d  :   000;
	635e  :   000;
	635f  :   000;
	6360  :   000;
	6361  :   000;
	6362  :   000;
	6363  :   000;
	6364  :   000;
	6365  :   000;
	6366  :   000;
	6367  :   000;
	6368  :   000;
	6369  :   000;
	636a  :   000;
	636b  :   000;
	636c  :   000;
	636d  :   000;
	636e  :   000;
	636f  :   000;
	6370  :   000;
	6371  :   000;
	6372  :   000;
	6373  :   000;
	6374  :   000;
	6375  :   000;
	6376  :   000;
	6377  :   000;
	6378  :   000;
	6379  :   000;
	637a  :   000;
	637b  :   000;
	637c  :   000;
	637d  :   000;
	637e  :   000;
	637f  :   000;
	6380  :   000;
	6381  :   000;
	6382  :   000;
	6383  :   000;
	6384  :   000;
	6385  :   000;
	6386  :   000;
	6387  :   000;
	6388  :   000;
	6389  :   000;
	638a  :   000;
	638b  :   000;
	638c  :   000;
	638d  :   000;
	638e  :   000;
	638f  :   000;
	6390  :   000;
	6391  :   000;
	6392  :   000;
	6393  :   000;
	6394  :   000;
	6395  :   000;
	6396  :   000;
	6397  :   000;
	6398  :   000;
	6399  :   000;
	639a  :   000;
	639b  :   000;
	639c  :   000;
	639d  :   000;
	639e  :   000;
	639f  :   000;
	63a0  :   000;
	63a1  :   000;
	63a2  :   000;
	63a3  :   000;
	63a4  :   000;
	63a5  :   000;
	63a6  :   000;
	63a7  :   000;
	63a8  :   000;
	63a9  :   000;
	63aa  :   000;
	63ab  :   000;
	63ac  :   000;
	63ad  :   000;
	63ae  :   000;
	63af  :   000;
	63b0  :   000;
	63b1  :   000;
	63b2  :   000;
	63b3  :   000;
	63b4  :   000;
	63b5  :   000;
	63b6  :   000;
	63b7  :   000;
	63b8  :   000;
	63b9  :   000;
	63ba  :   000;
	63bb  :   000;
	63bc  :   000;
	63bd  :   000;
	63be  :   000;
	63bf  :   000;
	63c0  :   000;
	63c1  :   000;
	63c2  :   000;
	63c3  :   000;
	63c4  :   000;
	63c5  :   000;
	63c6  :   000;
	63c7  :   000;
	63c8  :   000;
	63c9  :   000;
	63ca  :   000;
	63cb  :   000;
	63cc  :   000;
	63cd  :   000;
	63ce  :   000;
	63cf  :   000;
	63d0  :   000;
	63d1  :   000;
	63d2  :   000;
	63d3  :   000;
	63d4  :   000;
	63d5  :   000;
	63d6  :   000;
	63d7  :   000;
	63d8  :   000;
	63d9  :   000;
	63da  :   000;
	63db  :   000;
	63dc  :   000;
	63dd  :   000;
	63de  :   000;
	63df  :   000;
	63e0  :   000;
	63e1  :   000;
	63e2  :   000;
	63e3  :   000;
	63e4  :   000;
	63e5  :   000;
	63e6  :   000;
	63e7  :   000;
	63e8  :   000;
	63e9  :   000;
	63ea  :   000;
	63eb  :   000;
	63ec  :   000;
	63ed  :   000;
	63ee  :   000;
	63ef  :   000;
	63f0  :   000;
	63f1  :   000;
	63f2  :   000;
	63f3  :   000;
	63f4  :   000;
	63f5  :   000;
	63f6  :   000;
	63f7  :   000;
	63f8  :   000;
	63f9  :   000;
	63fa  :   000;
	63fb  :   000;
	63fc  :   000;
	63fd  :   000;
	63fe  :   000;
	63ff  :   000;
	6400  :   000;
	6401  :   000;
	6402  :   000;
	6403  :   000;
	6404  :   000;
	6405  :   000;
	6406  :   000;
	6407  :   000;
	6408  :   000;
	6409  :   000;
	640a  :   000;
	640b  :   000;
	640c  :   000;
	640d  :   000;
	640e  :   000;
	640f  :   000;
	6410  :   000;
	6411  :   000;
	6412  :   000;
	6413  :   000;
	6414  :   000;
	6415  :   000;
	6416  :   000;
	6417  :   000;
	6418  :   000;
	6419  :   000;
	641a  :   000;
	641b  :   000;
	641c  :   000;
	641d  :   000;
	641e  :   000;
	641f  :   000;
	6420  :   000;
	6421  :   000;
	6422  :   000;
	6423  :   000;
	6424  :   000;
	6425  :   000;
	6426  :   000;
	6427  :   000;
	6428  :   000;
	6429  :   000;
	642a  :   000;
	642b  :   000;
	642c  :   000;
	642d  :   000;
	642e  :   000;
	642f  :   000;
	6430  :   000;
	6431  :   000;
	6432  :   000;
	6433  :   000;
	6434  :   000;
	6435  :   000;
	6436  :   000;
	6437  :   000;
	6438  :   000;
	6439  :   000;
	643a  :   000;
	643b  :   000;
	643c  :   000;
	643d  :   000;
	643e  :   000;
	643f  :   000;
	6440  :   000;
	6441  :   000;
	6442  :   000;
	6443  :   000;
	6444  :   000;
	6445  :   000;
	6446  :   000;
	6447  :   000;
	6448  :   000;
	6449  :   000;
	644a  :   000;
	644b  :   000;
	644c  :   000;
	644d  :   000;
	644e  :   000;
	644f  :   000;
	6450  :   000;
	6451  :   000;
	6452  :   000;
	6453  :   000;
	6454  :   000;
	6455  :   000;
	6456  :   000;
	6457  :   000;
	6458  :   000;
	6459  :   000;
	645a  :   000;
	645b  :   000;
	645c  :   000;
	645d  :   000;
	645e  :   000;
	645f  :   000;
	6460  :   000;
	6461  :   000;
	6462  :   000;
	6463  :   000;
	6464  :   000;
	6465  :   000;
	6466  :   000;
	6467  :   000;
	6468  :   000;
	6469  :   000;
	646a  :   000;
	646b  :   000;
	646c  :   000;
	646d  :   000;
	646e  :   000;
	646f  :   000;
	6470  :   000;
	6471  :   000;
	6472  :   000;
	6473  :   000;
	6474  :   000;
	6475  :   000;
	6476  :   000;
	6477  :   000;
	6478  :   000;
	6479  :   000;
	647a  :   000;
	647b  :   000;
	647c  :   000;
	647d  :   000;
	647e  :   000;
	647f  :   000;
	6480  :   000;
	6481  :   000;
	6482  :   000;
	6483  :   000;
	6484  :   000;
	6485  :   000;
	6486  :   000;
	6487  :   000;
	6488  :   000;
	6489  :   000;
	648a  :   000;
	648b  :   000;
	648c  :   000;
	648d  :   000;
	648e  :   000;
	648f  :   000;
	6490  :   000;
	6491  :   000;
	6492  :   000;
	6493  :   000;
	6494  :   000;
	6495  :   000;
	6496  :   000;
	6497  :   000;
	6498  :   000;
	6499  :   000;
	649a  :   000;
	649b  :   000;
	649c  :   000;
	649d  :   000;
	649e  :   000;
	649f  :   000;
	64a0  :   000;
	64a1  :   000;
	64a2  :   000;
	64a3  :   000;
	64a4  :   000;
	64a5  :   000;
	64a6  :   000;
	64a7  :   000;
	64a8  :   000;
	64a9  :   000;
	64aa  :   000;
	64ab  :   000;
	64ac  :   000;
	64ad  :   000;
	64ae  :   000;
	64af  :   000;
	64b0  :   000;
	64b1  :   000;
	64b2  :   000;
	64b3  :   000;
	64b4  :   000;
	64b5  :   000;
	64b6  :   000;
	64b7  :   000;
	64b8  :   000;
	64b9  :   000;
	64ba  :   000;
	64bb  :   000;
	64bc  :   000;
	64bd  :   000;
	64be  :   000;
	64bf  :   000;
	64c0  :   000;
	64c1  :   000;
	64c2  :   000;
	64c3  :   000;
	64c4  :   000;
	64c5  :   000;
	64c6  :   000;
	64c7  :   000;
	64c8  :   000;
	64c9  :   000;
	64ca  :   000;
	64cb  :   000;
	64cc  :   000;
	64cd  :   000;
	64ce  :   000;
	64cf  :   000;
	64d0  :   000;
	64d1  :   000;
	64d2  :   000;
	64d3  :   000;
	64d4  :   000;
	64d5  :   000;
	64d6  :   000;
	64d7  :   000;
	64d8  :   000;
	64d9  :   000;
	64da  :   000;
	64db  :   000;
	64dc  :   000;
	64dd  :   000;
	64de  :   000;
	64df  :   000;
	64e0  :   000;
	64e1  :   000;
	64e2  :   000;
	64e3  :   000;
	64e4  :   000;
	64e5  :   000;
	64e6  :   000;
	64e7  :   000;
	64e8  :   000;
	64e9  :   000;
	64ea  :   000;
	64eb  :   000;
	64ec  :   000;
	64ed  :   000;
	64ee  :   000;
	64ef  :   000;
	64f0  :   000;
	64f1  :   000;
	64f2  :   000;
	64f3  :   000;
	64f4  :   000;
	64f5  :   000;
	64f6  :   000;
	64f7  :   000;
	64f8  :   000;
	64f9  :   000;
	64fa  :   000;
	64fb  :   000;
	64fc  :   000;
	64fd  :   000;
	64fe  :   000;
	64ff  :   000;
	6500  :   000;
	6501  :   000;
	6502  :   000;
	6503  :   000;
	6504  :   000;
	6505  :   000;
	6506  :   000;
	6507  :   000;
	6508  :   000;
	6509  :   000;
	650a  :   000;
	650b  :   000;
	650c  :   000;
	650d  :   000;
	650e  :   000;
	650f  :   000;
	6510  :   000;
	6511  :   000;
	6512  :   000;
	6513  :   000;
	6514  :   000;
	6515  :   000;
	6516  :   000;
	6517  :   000;
	6518  :   000;
	6519  :   000;
	651a  :   000;
	651b  :   000;
	651c  :   000;
	651d  :   000;
	651e  :   000;
	651f  :   000;
	6520  :   000;
	6521  :   000;
	6522  :   000;
	6523  :   000;
	6524  :   000;
	6525  :   000;
	6526  :   000;
	6527  :   000;
	6528  :   000;
	6529  :   000;
	652a  :   000;
	652b  :   000;
	652c  :   000;
	652d  :   000;
	652e  :   000;
	652f  :   000;
	6530  :   000;
	6531  :   000;
	6532  :   000;
	6533  :   000;
	6534  :   000;
	6535  :   000;
	6536  :   000;
	6537  :   000;
	6538  :   000;
	6539  :   000;
	653a  :   000;
	653b  :   000;
	653c  :   000;
	653d  :   000;
	653e  :   000;
	653f  :   000;
	6540  :   000;
	6541  :   000;
	6542  :   000;
	6543  :   000;
	6544  :   000;
	6545  :   000;
	6546  :   000;
	6547  :   000;
	6548  :   000;
	6549  :   000;
	654a  :   000;
	654b  :   000;
	654c  :   000;
	654d  :   000;
	654e  :   000;
	654f  :   000;
	6550  :   000;
	6551  :   000;
	6552  :   000;
	6553  :   000;
	6554  :   000;
	6555  :   000;
	6556  :   000;
	6557  :   000;
	6558  :   000;
	6559  :   000;
	655a  :   000;
	655b  :   000;
	655c  :   000;
	655d  :   000;
	655e  :   000;
	655f  :   000;
	6560  :   000;
	6561  :   000;
	6562  :   000;
	6563  :   000;
	6564  :   000;
	6565  :   000;
	6566  :   000;
	6567  :   000;
	6568  :   000;
	6569  :   000;
	656a  :   000;
	656b  :   000;
	656c  :   000;
	656d  :   000;
	656e  :   000;
	656f  :   000;
	6570  :   000;
	6571  :   000;
	6572  :   000;
	6573  :   000;
	6574  :   000;
	6575  :   000;
	6576  :   000;
	6577  :   000;
	6578  :   000;
	6579  :   000;
	657a  :   000;
	657b  :   000;
	657c  :   000;
	657d  :   000;
	657e  :   000;
	657f  :   000;
	6580  :   000;
	6581  :   000;
	6582  :   000;
	6583  :   000;
	6584  :   000;
	6585  :   000;
	6586  :   000;
	6587  :   000;
	6588  :   000;
	6589  :   000;
	658a  :   000;
	658b  :   000;
	658c  :   000;
	658d  :   000;
	658e  :   000;
	658f  :   000;
	6590  :   000;
	6591  :   000;
	6592  :   000;
	6593  :   000;
	6594  :   000;
	6595  :   000;
	6596  :   000;
	6597  :   000;
	6598  :   000;
	6599  :   000;
	659a  :   000;
	659b  :   000;
	659c  :   000;
	659d  :   000;
	659e  :   000;
	659f  :   000;
	65a0  :   000;
	65a1  :   000;
	65a2  :   000;
	65a3  :   000;
	65a4  :   000;
	65a5  :   000;
	65a6  :   000;
	65a7  :   000;
	65a8  :   000;
	65a9  :   000;
	65aa  :   000;
	65ab  :   000;
	65ac  :   000;
	65ad  :   000;
	65ae  :   000;
	65af  :   000;
	65b0  :   000;
	65b1  :   000;
	65b2  :   000;
	65b3  :   000;
	65b4  :   000;
	65b5  :   000;
	65b6  :   000;
	65b7  :   000;
	65b8  :   000;
	65b9  :   000;
	65ba  :   000;
	65bb  :   000;
	65bc  :   000;
	65bd  :   000;
	65be  :   000;
	65bf  :   000;
	65c0  :   000;
	65c1  :   000;
	65c2  :   000;
	65c3  :   000;
	65c4  :   000;
	65c5  :   000;
	65c6  :   000;
	65c7  :   000;
	65c8  :   000;
	65c9  :   000;
	65ca  :   000;
	65cb  :   000;
	65cc  :   000;
	65cd  :   000;
	65ce  :   000;
	65cf  :   000;
	65d0  :   000;
	65d1  :   000;
	65d2  :   000;
	65d3  :   000;
	65d4  :   000;
	65d5  :   000;
	65d6  :   000;
	65d7  :   000;
	65d8  :   000;
	65d9  :   000;
	65da  :   000;
	65db  :   000;
	65dc  :   000;
	65dd  :   000;
	65de  :   000;
	65df  :   000;
	65e0  :   000;
	65e1  :   000;
	65e2  :   000;
	65e3  :   000;
	65e4  :   000;
	65e5  :   000;
	65e6  :   000;
	65e7  :   000;
	65e8  :   000;
	65e9  :   000;
	65ea  :   000;
	65eb  :   000;
	65ec  :   000;
	65ed  :   000;
	65ee  :   000;
	65ef  :   000;
	65f0  :   000;
	65f1  :   000;
	65f2  :   000;
	65f3  :   000;
	65f4  :   000;
	65f5  :   000;
	65f6  :   000;
	65f7  :   000;
	65f8  :   000;
	65f9  :   000;
	65fa  :   000;
	65fb  :   000;
	65fc  :   000;
	65fd  :   000;
	65fe  :   000;
	65ff  :   000;
	6600  :   000;
	6601  :   000;
	6602  :   000;
	6603  :   000;
	6604  :   000;
	6605  :   000;
	6606  :   000;
	6607  :   000;
	6608  :   000;
	6609  :   000;
	660a  :   000;
	660b  :   000;
	660c  :   000;
	660d  :   000;
	660e  :   000;
	660f  :   000;
	6610  :   000;
	6611  :   000;
	6612  :   000;
	6613  :   000;
	6614  :   000;
	6615  :   000;
	6616  :   000;
	6617  :   000;
	6618  :   000;
	6619  :   000;
	661a  :   000;
	661b  :   000;
	661c  :   000;
	661d  :   000;
	661e  :   000;
	661f  :   000;
	6620  :   000;
	6621  :   000;
	6622  :   000;
	6623  :   000;
	6624  :   000;
	6625  :   000;
	6626  :   000;
	6627  :   000;
	6628  :   000;
	6629  :   000;
	662a  :   000;
	662b  :   000;
	662c  :   000;
	662d  :   000;
	662e  :   000;
	662f  :   000;
	6630  :   000;
	6631  :   000;
	6632  :   000;
	6633  :   000;
	6634  :   000;
	6635  :   000;
	6636  :   000;
	6637  :   000;
	6638  :   000;
	6639  :   000;
	663a  :   000;
	663b  :   000;
	663c  :   000;
	663d  :   000;
	663e  :   000;
	663f  :   000;
	6640  :   000;
	6641  :   000;
	6642  :   000;
	6643  :   000;
	6644  :   000;
	6645  :   000;
	6646  :   000;
	6647  :   000;
	6648  :   000;
	6649  :   000;
	664a  :   000;
	664b  :   000;
	664c  :   000;
	664d  :   000;
	664e  :   000;
	664f  :   000;
	6650  :   000;
	6651  :   000;
	6652  :   000;
	6653  :   000;
	6654  :   000;
	6655  :   000;
	6656  :   000;
	6657  :   000;
	6658  :   000;
	6659  :   000;
	665a  :   000;
	665b  :   000;
	665c  :   000;
	665d  :   000;
	665e  :   000;
	665f  :   000;
	6660  :   000;
	6661  :   000;
	6662  :   000;
	6663  :   000;
	6664  :   000;
	6665  :   000;
	6666  :   000;
	6667  :   000;
	6668  :   000;
	6669  :   000;
	666a  :   000;
	666b  :   000;
	666c  :   000;
	666d  :   000;
	666e  :   000;
	666f  :   000;
	6670  :   000;
	6671  :   000;
	6672  :   000;
	6673  :   000;
	6674  :   000;
	6675  :   000;
	6676  :   000;
	6677  :   000;
	6678  :   000;
	6679  :   000;
	667a  :   000;
	667b  :   000;
	667c  :   000;
	667d  :   000;
	667e  :   000;
	667f  :   000;
	6680  :   000;
	6681  :   000;
	6682  :   000;
	6683  :   000;
	6684  :   000;
	6685  :   000;
	6686  :   000;
	6687  :   000;
	6688  :   000;
	6689  :   000;
	668a  :   000;
	668b  :   000;
	668c  :   000;
	668d  :   000;
	668e  :   000;
	668f  :   000;
	6690  :   000;
	6691  :   000;
	6692  :   000;
	6693  :   000;
	6694  :   000;
	6695  :   000;
	6696  :   000;
	6697  :   000;
	6698  :   000;
	6699  :   000;
	669a  :   000;
	669b  :   000;
	669c  :   000;
	669d  :   000;
	669e  :   000;
	669f  :   000;
	66a0  :   000;
	66a1  :   000;
	66a2  :   000;
	66a3  :   000;
	66a4  :   000;
	66a5  :   000;
	66a6  :   000;
	66a7  :   000;
	66a8  :   000;
	66a9  :   000;
	66aa  :   000;
	66ab  :   000;
	66ac  :   000;
	66ad  :   000;
	66ae  :   000;
	66af  :   000;
	66b0  :   000;
	66b1  :   000;
	66b2  :   000;
	66b3  :   000;
	66b4  :   000;
	66b5  :   000;
	66b6  :   000;
	66b7  :   000;
	66b8  :   000;
	66b9  :   000;
	66ba  :   000;
	66bb  :   000;
	66bc  :   000;
	66bd  :   000;
	66be  :   000;
	66bf  :   000;
	66c0  :   000;
	66c1  :   000;
	66c2  :   000;
	66c3  :   000;
	66c4  :   000;
	66c5  :   000;
	66c6  :   000;
	66c7  :   000;
	66c8  :   000;
	66c9  :   000;
	66ca  :   000;
	66cb  :   000;
	66cc  :   000;
	66cd  :   000;
	66ce  :   000;
	66cf  :   000;
	66d0  :   000;
	66d1  :   000;
	66d2  :   000;
	66d3  :   000;
	66d4  :   000;
	66d5  :   000;
	66d6  :   000;
	66d7  :   000;
	66d8  :   000;
	66d9  :   000;
	66da  :   000;
	66db  :   000;
	66dc  :   000;
	66dd  :   000;
	66de  :   000;
	66df  :   000;
	66e0  :   000;
	66e1  :   000;
	66e2  :   000;
	66e3  :   000;
	66e4  :   000;
	66e5  :   000;
	66e6  :   000;
	66e7  :   000;
	66e8  :   000;
	66e9  :   000;
	66ea  :   000;
	66eb  :   000;
	66ec  :   000;
	66ed  :   000;
	66ee  :   000;
	66ef  :   000;
	66f0  :   000;
	66f1  :   000;
	66f2  :   000;
	66f3  :   000;
	66f4  :   000;
	66f5  :   000;
	66f6  :   000;
	66f7  :   000;
	66f8  :   000;
	66f9  :   000;
	66fa  :   000;
	66fb  :   000;
	66fc  :   000;
	66fd  :   000;
	66fe  :   000;
	66ff  :   000;
	6700  :   000;
	6701  :   000;
	6702  :   000;
	6703  :   000;
	6704  :   000;
	6705  :   000;
	6706  :   000;
	6707  :   000;
	6708  :   000;
	6709  :   000;
	670a  :   000;
	670b  :   000;
	670c  :   000;
	670d  :   000;
	670e  :   000;
	670f  :   000;
	6710  :   000;
	6711  :   000;
	6712  :   000;
	6713  :   000;
	6714  :   000;
	6715  :   000;
	6716  :   000;
	6717  :   000;
	6718  :   000;
	6719  :   000;
	671a  :   000;
	671b  :   000;
	671c  :   000;
	671d  :   000;
	671e  :   000;
	671f  :   000;
	6720  :   000;
	6721  :   000;
	6722  :   000;
	6723  :   000;
	6724  :   000;
	6725  :   000;
	6726  :   000;
	6727  :   000;
	6728  :   000;
	6729  :   000;
	672a  :   000;
	672b  :   000;
	672c  :   000;
	672d  :   000;
	672e  :   000;
	672f  :   000;
	6730  :   000;
	6731  :   000;
	6732  :   000;
	6733  :   000;
	6734  :   000;
	6735  :   000;
	6736  :   000;
	6737  :   000;
	6738  :   000;
	6739  :   000;
	673a  :   000;
	673b  :   000;
	673c  :   000;
	673d  :   000;
	673e  :   000;
	673f  :   000;
	6740  :   000;
	6741  :   000;
	6742  :   000;
	6743  :   000;
	6744  :   000;
	6745  :   000;
	6746  :   000;
	6747  :   000;
	6748  :   000;
	6749  :   000;
	674a  :   000;
	674b  :   000;
	674c  :   000;
	674d  :   000;
	674e  :   000;
	674f  :   000;
	6750  :   000;
	6751  :   000;
	6752  :   000;
	6753  :   000;
	6754  :   000;
	6755  :   000;
	6756  :   000;
	6757  :   000;
	6758  :   000;
	6759  :   000;
	675a  :   000;
	675b  :   000;
	675c  :   000;
	675d  :   000;
	675e  :   000;
	675f  :   000;
	6760  :   000;
	6761  :   000;
	6762  :   000;
	6763  :   000;
	6764  :   000;
	6765  :   000;
	6766  :   000;
	6767  :   000;
	6768  :   000;
	6769  :   000;
	676a  :   000;
	676b  :   000;
	676c  :   000;
	676d  :   000;
	676e  :   000;
	676f  :   000;
	6770  :   000;
	6771  :   000;
	6772  :   000;
	6773  :   000;
	6774  :   000;
	6775  :   000;
	6776  :   000;
	6777  :   000;
	6778  :   000;
	6779  :   000;
	677a  :   000;
	677b  :   000;
	677c  :   000;
	677d  :   000;
	677e  :   000;
	677f  :   000;
	6780  :   000;
	6781  :   000;
	6782  :   000;
	6783  :   000;
	6784  :   000;
	6785  :   000;
	6786  :   000;
	6787  :   000;
	6788  :   000;
	6789  :   000;
	678a  :   000;
	678b  :   000;
	678c  :   000;
	678d  :   000;
	678e  :   000;
	678f  :   000;
	6790  :   000;
	6791  :   000;
	6792  :   000;
	6793  :   000;
	6794  :   000;
	6795  :   000;
	6796  :   000;
	6797  :   000;
	6798  :   000;
	6799  :   000;
	679a  :   000;
	679b  :   000;
	679c  :   000;
	679d  :   000;
	679e  :   000;
	679f  :   000;
	67a0  :   000;
	67a1  :   000;
	67a2  :   000;
	67a3  :   000;
	67a4  :   000;
	67a5  :   000;
	67a6  :   000;
	67a7  :   000;
	67a8  :   000;
	67a9  :   000;
	67aa  :   000;
	67ab  :   000;
	67ac  :   000;
	67ad  :   000;
	67ae  :   000;
	67af  :   000;
	67b0  :   000;
	67b1  :   000;
	67b2  :   000;
	67b3  :   000;
	67b4  :   000;
	67b5  :   000;
	67b6  :   000;
	67b7  :   000;
	67b8  :   000;
	67b9  :   000;
	67ba  :   000;
	67bb  :   000;
	67bc  :   000;
	67bd  :   000;
	67be  :   000;
	67bf  :   000;
	67c0  :   000;
	67c1  :   000;
	67c2  :   000;
	67c3  :   000;
	67c4  :   000;
	67c5  :   000;
	67c6  :   000;
	67c7  :   000;
	67c8  :   000;
	67c9  :   000;
	67ca  :   000;
	67cb  :   000;
	67cc  :   000;
	67cd  :   000;
	67ce  :   000;
	67cf  :   000;
	67d0  :   000;
	67d1  :   000;
	67d2  :   000;
	67d3  :   000;
	67d4  :   000;
	67d5  :   000;
	67d6  :   000;
	67d7  :   000;
	67d8  :   000;
	67d9  :   000;
	67da  :   000;
	67db  :   000;
	67dc  :   000;
	67dd  :   000;
	67de  :   000;
	67df  :   000;
	67e0  :   000;
	67e1  :   000;
	67e2  :   000;
	67e3  :   000;
	67e4  :   000;
	67e5  :   000;
	67e6  :   000;
	67e7  :   000;
	67e8  :   000;
	67e9  :   000;
	67ea  :   000;
	67eb  :   000;
	67ec  :   000;
	67ed  :   000;
	67ee  :   000;
	67ef  :   000;
	67f0  :   000;
	67f1  :   000;
	67f2  :   000;
	67f3  :   000;
	67f4  :   000;
	67f5  :   000;
	67f6  :   000;
	67f7  :   000;
	67f8  :   000;
	67f9  :   000;
	67fa  :   000;
	67fb  :   000;
	67fc  :   000;
	67fd  :   000;
	67fe  :   000;
	67ff  :   000;
	6800  :   000;
	6801  :   000;
	6802  :   000;
	6803  :   000;
	6804  :   000;
	6805  :   000;
	6806  :   000;
	6807  :   000;
	6808  :   000;
	6809  :   000;
	680a  :   000;
	680b  :   000;
	680c  :   000;
	680d  :   000;
	680e  :   000;
	680f  :   000;
	6810  :   000;
	6811  :   000;
	6812  :   000;
	6813  :   000;
	6814  :   000;
	6815  :   000;
	6816  :   000;
	6817  :   000;
	6818  :   000;
	6819  :   000;
	681a  :   000;
	681b  :   000;
	681c  :   000;
	681d  :   000;
	681e  :   000;
	681f  :   000;
	6820  :   000;
	6821  :   000;
	6822  :   000;
	6823  :   000;
	6824  :   000;
	6825  :   000;
	6826  :   000;
	6827  :   000;
	6828  :   000;
	6829  :   000;
	682a  :   000;
	682b  :   000;
	682c  :   000;
	682d  :   000;
	682e  :   000;
	682f  :   000;
	6830  :   000;
	6831  :   000;
	6832  :   000;
	6833  :   000;
	6834  :   000;
	6835  :   000;
	6836  :   000;
	6837  :   000;
	6838  :   000;
	6839  :   000;
	683a  :   000;
	683b  :   000;
	683c  :   000;
	683d  :   000;
	683e  :   000;
	683f  :   000;
	6840  :   000;
	6841  :   000;
	6842  :   000;
	6843  :   000;
	6844  :   000;
	6845  :   000;
	6846  :   000;
	6847  :   000;
	6848  :   000;
	6849  :   000;
	684a  :   000;
	684b  :   000;
	684c  :   000;
	684d  :   000;
	684e  :   000;
	684f  :   000;
	6850  :   000;
	6851  :   000;
	6852  :   000;
	6853  :   000;
	6854  :   000;
	6855  :   000;
	6856  :   000;
	6857  :   000;
	6858  :   000;
	6859  :   000;
	685a  :   000;
	685b  :   000;
	685c  :   000;
	685d  :   000;
	685e  :   000;
	685f  :   000;
	6860  :   000;
	6861  :   000;
	6862  :   000;
	6863  :   000;
	6864  :   000;
	6865  :   000;
	6866  :   000;
	6867  :   000;
	6868  :   000;
	6869  :   000;
	686a  :   000;
	686b  :   000;
	686c  :   000;
	686d  :   000;
	686e  :   000;
	686f  :   000;
	6870  :   000;
	6871  :   000;
	6872  :   000;
	6873  :   000;
	6874  :   000;
	6875  :   000;
	6876  :   000;
	6877  :   000;
	6878  :   000;
	6879  :   000;
	687a  :   000;
	687b  :   000;
	687c  :   000;
	687d  :   000;
	687e  :   000;
	687f  :   000;
	6880  :   000;
	6881  :   000;
	6882  :   000;
	6883  :   000;
	6884  :   000;
	6885  :   000;
	6886  :   000;
	6887  :   000;
	6888  :   000;
	6889  :   000;
	688a  :   000;
	688b  :   000;
	688c  :   000;
	688d  :   000;
	688e  :   000;
	688f  :   000;
	6890  :   000;
	6891  :   000;
	6892  :   000;
	6893  :   000;
	6894  :   000;
	6895  :   000;
	6896  :   000;
	6897  :   000;
	6898  :   000;
	6899  :   000;
	689a  :   000;
	689b  :   000;
	689c  :   000;
	689d  :   000;
	689e  :   000;
	689f  :   000;
	68a0  :   000;
	68a1  :   000;
	68a2  :   000;
	68a3  :   000;
	68a4  :   000;
	68a5  :   000;
	68a6  :   000;
	68a7  :   000;
	68a8  :   000;
	68a9  :   000;
	68aa  :   000;
	68ab  :   000;
	68ac  :   000;
	68ad  :   000;
	68ae  :   000;
	68af  :   000;
	68b0  :   000;
	68b1  :   000;
	68b2  :   000;
	68b3  :   000;
	68b4  :   000;
	68b5  :   000;
	68b6  :   000;
	68b7  :   000;
	68b8  :   000;
	68b9  :   000;
	68ba  :   000;
	68bb  :   000;
	68bc  :   000;
	68bd  :   000;
	68be  :   000;
	68bf  :   000;
	68c0  :   000;
	68c1  :   000;
	68c2  :   000;
	68c3  :   000;
	68c4  :   000;
	68c5  :   000;
	68c6  :   000;
	68c7  :   000;
	68c8  :   000;
	68c9  :   000;
	68ca  :   000;
	68cb  :   000;
	68cc  :   000;
	68cd  :   000;
	68ce  :   000;
	68cf  :   000;
	68d0  :   000;
	68d1  :   000;
	68d2  :   000;
	68d3  :   000;
	68d4  :   000;
	68d5  :   000;
	68d6  :   000;
	68d7  :   000;
	68d8  :   000;
	68d9  :   000;
	68da  :   000;
	68db  :   000;
	68dc  :   000;
	68dd  :   000;
	68de  :   000;
	68df  :   000;
	68e0  :   000;
	68e1  :   000;
	68e2  :   000;
	68e3  :   000;
	68e4  :   000;
	68e5  :   000;
	68e6  :   000;
	68e7  :   000;
	68e8  :   000;
	68e9  :   000;
	68ea  :   000;
	68eb  :   000;
	68ec  :   000;
	68ed  :   000;
	68ee  :   000;
	68ef  :   000;
	68f0  :   000;
	68f1  :   000;
	68f2  :   000;
	68f3  :   000;
	68f4  :   000;
	68f5  :   000;
	68f6  :   000;
	68f7  :   000;
	68f8  :   000;
	68f9  :   000;
	68fa  :   000;
	68fb  :   000;
	68fc  :   000;
	68fd  :   000;
	68fe  :   000;
	68ff  :   000;
	6900  :   000;
	6901  :   000;
	6902  :   000;
	6903  :   000;
	6904  :   000;
	6905  :   000;
	6906  :   000;
	6907  :   000;
	6908  :   000;
	6909  :   000;
	690a  :   000;
	690b  :   000;
	690c  :   000;
	690d  :   000;
	690e  :   000;
	690f  :   000;
	6910  :   000;
	6911  :   000;
	6912  :   000;
	6913  :   000;
	6914  :   000;
	6915  :   000;
	6916  :   000;
	6917  :   000;
	6918  :   000;
	6919  :   000;
	691a  :   000;
	691b  :   000;
	691c  :   000;
	691d  :   000;
	691e  :   000;
	691f  :   000;
	6920  :   000;
	6921  :   000;
	6922  :   000;
	6923  :   000;
	6924  :   000;
	6925  :   000;
	6926  :   000;
	6927  :   000;
	6928  :   000;
	6929  :   000;
	692a  :   000;
	692b  :   000;
	692c  :   000;
	692d  :   000;
	692e  :   000;
	692f  :   000;
	6930  :   000;
	6931  :   000;
	6932  :   000;
	6933  :   000;
	6934  :   000;
	6935  :   000;
	6936  :   000;
	6937  :   000;
	6938  :   000;
	6939  :   000;
	693a  :   000;
	693b  :   000;
	693c  :   000;
	693d  :   000;
	693e  :   000;
	693f  :   000;
	6940  :   000;
	6941  :   000;
	6942  :   000;
	6943  :   000;
	6944  :   000;
	6945  :   000;
	6946  :   000;
	6947  :   000;
	6948  :   000;
	6949  :   000;
	694a  :   000;
	694b  :   000;
	694c  :   000;
	694d  :   000;
	694e  :   000;
	694f  :   000;
	6950  :   000;
	6951  :   000;
	6952  :   000;
	6953  :   000;
	6954  :   000;
	6955  :   000;
	6956  :   000;
	6957  :   000;
	6958  :   000;
	6959  :   000;
	695a  :   000;
	695b  :   000;
	695c  :   000;
	695d  :   000;
	695e  :   000;
	695f  :   000;
	6960  :   000;
	6961  :   000;
	6962  :   000;
	6963  :   000;
	6964  :   000;
	6965  :   000;
	6966  :   000;
	6967  :   000;
	6968  :   000;
	6969  :   000;
	696a  :   000;
	696b  :   000;
	696c  :   000;
	696d  :   000;
	696e  :   000;
	696f  :   000;
	6970  :   000;
	6971  :   000;
	6972  :   000;
	6973  :   000;
	6974  :   000;
	6975  :   000;
	6976  :   000;
	6977  :   000;
	6978  :   000;
	6979  :   000;
	697a  :   000;
	697b  :   000;
	697c  :   000;
	697d  :   000;
	697e  :   000;
	697f  :   000;
	6980  :   000;
	6981  :   000;
	6982  :   000;
	6983  :   000;
	6984  :   000;
	6985  :   000;
	6986  :   000;
	6987  :   000;
	6988  :   000;
	6989  :   000;
	698a  :   000;
	698b  :   000;
	698c  :   000;
	698d  :   000;
	698e  :   000;
	698f  :   000;
	6990  :   000;
	6991  :   000;
	6992  :   000;
	6993  :   000;
	6994  :   000;
	6995  :   000;
	6996  :   000;
	6997  :   000;
	6998  :   000;
	6999  :   000;
	699a  :   000;
	699b  :   000;
	699c  :   000;
	699d  :   000;
	699e  :   000;
	699f  :   000;
	69a0  :   000;
	69a1  :   000;
	69a2  :   000;
	69a3  :   000;
	69a4  :   000;
	69a5  :   000;
	69a6  :   000;
	69a7  :   000;
	69a8  :   000;
	69a9  :   000;
	69aa  :   000;
	69ab  :   000;
	69ac  :   000;
	69ad  :   000;
	69ae  :   000;
	69af  :   000;
	69b0  :   000;
	69b1  :   000;
	69b2  :   000;
	69b3  :   000;
	69b4  :   000;
	69b5  :   000;
	69b6  :   000;
	69b7  :   000;
	69b8  :   000;
	69b9  :   000;
	69ba  :   000;
	69bb  :   000;
	69bc  :   000;
	69bd  :   000;
	69be  :   000;
	69bf  :   000;
	69c0  :   000;
	69c1  :   000;
	69c2  :   000;
	69c3  :   000;
	69c4  :   000;
	69c5  :   000;
	69c6  :   000;
	69c7  :   000;
	69c8  :   000;
	69c9  :   000;
	69ca  :   000;
	69cb  :   000;
	69cc  :   000;
	69cd  :   000;
	69ce  :   000;
	69cf  :   000;
	69d0  :   000;
	69d1  :   000;
	69d2  :   000;
	69d3  :   000;
	69d4  :   000;
	69d5  :   000;
	69d6  :   000;
	69d7  :   000;
	69d8  :   000;
	69d9  :   000;
	69da  :   000;
	69db  :   000;
	69dc  :   000;
	69dd  :   000;
	69de  :   000;
	69df  :   000;
	69e0  :   000;
	69e1  :   000;
	69e2  :   000;
	69e3  :   000;
	69e4  :   000;
	69e5  :   000;
	69e6  :   000;
	69e7  :   000;
	69e8  :   000;
	69e9  :   000;
	69ea  :   000;
	69eb  :   000;
	69ec  :   000;
	69ed  :   000;
	69ee  :   000;
	69ef  :   000;
	69f0  :   000;
	69f1  :   000;
	69f2  :   000;
	69f3  :   000;
	69f4  :   000;
	69f5  :   000;
	69f6  :   000;
	69f7  :   000;
	69f8  :   000;
	69f9  :   000;
	69fa  :   000;
	69fb  :   000;
	69fc  :   000;
	69fd  :   000;
	69fe  :   000;
	69ff  :   000;
	6a00  :   000;
	6a01  :   000;
	6a02  :   000;
	6a03  :   000;
	6a04  :   000;
	6a05  :   000;
	6a06  :   000;
	6a07  :   000;
	6a08  :   000;
	6a09  :   000;
	6a0a  :   000;
	6a0b  :   000;
	6a0c  :   000;
	6a0d  :   000;
	6a0e  :   000;
	6a0f  :   000;
	6a10  :   000;
	6a11  :   000;
	6a12  :   000;
	6a13  :   000;
	6a14  :   000;
	6a15  :   000;
	6a16  :   000;
	6a17  :   000;
	6a18  :   000;
	6a19  :   000;
	6a1a  :   000;
	6a1b  :   000;
	6a1c  :   000;
	6a1d  :   000;
	6a1e  :   000;
	6a1f  :   000;
	6a20  :   000;
	6a21  :   000;
	6a22  :   000;
	6a23  :   000;
	6a24  :   000;
	6a25  :   000;
	6a26  :   000;
	6a27  :   000;
	6a28  :   000;
	6a29  :   000;
	6a2a  :   000;
	6a2b  :   000;
	6a2c  :   000;
	6a2d  :   000;
	6a2e  :   000;
	6a2f  :   000;
	6a30  :   000;
	6a31  :   000;
	6a32  :   000;
	6a33  :   000;
	6a34  :   000;
	6a35  :   000;
	6a36  :   000;
	6a37  :   000;
	6a38  :   000;
	6a39  :   000;
	6a3a  :   000;
	6a3b  :   000;
	6a3c  :   000;
	6a3d  :   000;
	6a3e  :   000;
	6a3f  :   000;
	6a40  :   000;
	6a41  :   000;
	6a42  :   000;
	6a43  :   000;
	6a44  :   000;
	6a45  :   000;
	6a46  :   000;
	6a47  :   000;
	6a48  :   000;
	6a49  :   000;
	6a4a  :   000;
	6a4b  :   000;
	6a4c  :   000;
	6a4d  :   000;
	6a4e  :   000;
	6a4f  :   000;
	6a50  :   000;
	6a51  :   000;
	6a52  :   000;
	6a53  :   000;
	6a54  :   000;
	6a55  :   000;
	6a56  :   000;
	6a57  :   000;
	6a58  :   000;
	6a59  :   000;
	6a5a  :   000;
	6a5b  :   000;
	6a5c  :   000;
	6a5d  :   000;
	6a5e  :   000;
	6a5f  :   000;
	6a60  :   000;
	6a61  :   000;
	6a62  :   000;
	6a63  :   000;
	6a64  :   000;
	6a65  :   000;
	6a66  :   000;
	6a67  :   000;
	6a68  :   000;
	6a69  :   000;
	6a6a  :   000;
	6a6b  :   000;
	6a6c  :   000;
	6a6d  :   000;
	6a6e  :   000;
	6a6f  :   000;
	6a70  :   000;
	6a71  :   000;
	6a72  :   000;
	6a73  :   000;
	6a74  :   000;
	6a75  :   000;
	6a76  :   000;
	6a77  :   000;
	6a78  :   000;
	6a79  :   000;
	6a7a  :   000;
	6a7b  :   000;
	6a7c  :   000;
	6a7d  :   000;
	6a7e  :   000;
	6a7f  :   000;
	6a80  :   000;
	6a81  :   000;
	6a82  :   000;
	6a83  :   000;
	6a84  :   000;
	6a85  :   000;
	6a86  :   000;
	6a87  :   000;
	6a88  :   000;
	6a89  :   000;
	6a8a  :   000;
	6a8b  :   000;
	6a8c  :   000;
	6a8d  :   000;
	6a8e  :   000;
	6a8f  :   000;
	6a90  :   000;
	6a91  :   000;
	6a92  :   000;
	6a93  :   000;
	6a94  :   000;
	6a95  :   000;
	6a96  :   000;
	6a97  :   000;
	6a98  :   000;
	6a99  :   000;
	6a9a  :   000;
	6a9b  :   000;
	6a9c  :   000;
	6a9d  :   000;
	6a9e  :   000;
	6a9f  :   000;
	6aa0  :   000;
	6aa1  :   000;
	6aa2  :   000;
	6aa3  :   000;
	6aa4  :   000;
	6aa5  :   000;
	6aa6  :   000;
	6aa7  :   000;
	6aa8  :   000;
	6aa9  :   000;
	6aaa  :   000;
	6aab  :   000;
	6aac  :   000;
	6aad  :   000;
	6aae  :   000;
	6aaf  :   000;
	6ab0  :   000;
	6ab1  :   000;
	6ab2  :   000;
	6ab3  :   000;
	6ab4  :   000;
	6ab5  :   000;
	6ab6  :   000;
	6ab7  :   000;
	6ab8  :   000;
	6ab9  :   000;
	6aba  :   000;
	6abb  :   000;
	6abc  :   000;
	6abd  :   000;
	6abe  :   000;
	6abf  :   000;
	6ac0  :   000;
	6ac1  :   000;
	6ac2  :   000;
	6ac3  :   000;
	6ac4  :   000;
	6ac5  :   000;
	6ac6  :   000;
	6ac7  :   000;
	6ac8  :   000;
	6ac9  :   000;
	6aca  :   000;
	6acb  :   000;
	6acc  :   000;
	6acd  :   000;
	6ace  :   000;
	6acf  :   000;
	6ad0  :   000;
	6ad1  :   000;
	6ad2  :   000;
	6ad3  :   000;
	6ad4  :   000;
	6ad5  :   000;
	6ad6  :   000;
	6ad7  :   000;
	6ad8  :   000;
	6ad9  :   000;
	6ada  :   000;
	6adb  :   000;
	6adc  :   000;
	6add  :   000;
	6ade  :   000;
	6adf  :   000;
	6ae0  :   000;
	6ae1  :   000;
	6ae2  :   000;
	6ae3  :   000;
	6ae4  :   000;
	6ae5  :   000;
	6ae6  :   000;
	6ae7  :   000;
	6ae8  :   000;
	6ae9  :   000;
	6aea  :   000;
	6aeb  :   000;
	6aec  :   000;
	6aed  :   000;
	6aee  :   000;
	6aef  :   000;
	6af0  :   000;
	6af1  :   000;
	6af2  :   000;
	6af3  :   000;
	6af4  :   000;
	6af5  :   000;
	6af6  :   000;
	6af7  :   000;
	6af8  :   000;
	6af9  :   000;
	6afa  :   000;
	6afb  :   000;
	6afc  :   000;
	6afd  :   000;
	6afe  :   000;
	6aff  :   000;
	6b00  :   000;
	6b01  :   000;
	6b02  :   000;
	6b03  :   000;
	6b04  :   000;
	6b05  :   000;
	6b06  :   000;
	6b07  :   000;
	6b08  :   000;
	6b09  :   000;
	6b0a  :   000;
	6b0b  :   000;
	6b0c  :   000;
	6b0d  :   000;
	6b0e  :   000;
	6b0f  :   000;
	6b10  :   000;
	6b11  :   000;
	6b12  :   000;
	6b13  :   000;
	6b14  :   000;
	6b15  :   000;
	6b16  :   000;
	6b17  :   000;
	6b18  :   000;
	6b19  :   000;
	6b1a  :   000;
	6b1b  :   000;
	6b1c  :   000;
	6b1d  :   000;
	6b1e  :   000;
	6b1f  :   000;
	6b20  :   000;
	6b21  :   000;
	6b22  :   000;
	6b23  :   000;
	6b24  :   000;
	6b25  :   000;
	6b26  :   000;
	6b27  :   000;
	6b28  :   000;
	6b29  :   000;
	6b2a  :   000;
	6b2b  :   000;
	6b2c  :   000;
	6b2d  :   000;
	6b2e  :   000;
	6b2f  :   000;
	6b30  :   000;
	6b31  :   000;
	6b32  :   000;
	6b33  :   000;
	6b34  :   000;
	6b35  :   000;
	6b36  :   000;
	6b37  :   000;
	6b38  :   000;
	6b39  :   000;
	6b3a  :   000;
	6b3b  :   000;
	6b3c  :   000;
	6b3d  :   000;
	6b3e  :   000;
	6b3f  :   000;
	6b40  :   000;
	6b41  :   000;
	6b42  :   000;
	6b43  :   000;
	6b44  :   000;
	6b45  :   000;
	6b46  :   000;
	6b47  :   000;
	6b48  :   000;
	6b49  :   000;
	6b4a  :   000;
	6b4b  :   000;
	6b4c  :   000;
	6b4d  :   000;
	6b4e  :   000;
	6b4f  :   000;
	6b50  :   000;
	6b51  :   000;
	6b52  :   000;
	6b53  :   000;
	6b54  :   000;
	6b55  :   000;
	6b56  :   000;
	6b57  :   000;
	6b58  :   000;
	6b59  :   000;
	6b5a  :   000;
	6b5b  :   000;
	6b5c  :   000;
	6b5d  :   000;
	6b5e  :   000;
	6b5f  :   000;
	6b60  :   000;
	6b61  :   000;
	6b62  :   000;
	6b63  :   000;
	6b64  :   000;
	6b65  :   000;
	6b66  :   000;
	6b67  :   000;
	6b68  :   000;
	6b69  :   000;
	6b6a  :   000;
	6b6b  :   000;
	6b6c  :   000;
	6b6d  :   000;
	6b6e  :   000;
	6b6f  :   000;
	6b70  :   000;
	6b71  :   000;
	6b72  :   000;
	6b73  :   000;
	6b74  :   000;
	6b75  :   000;
	6b76  :   000;
	6b77  :   000;
	6b78  :   000;
	6b79  :   000;
	6b7a  :   000;
	6b7b  :   000;
	6b7c  :   000;
	6b7d  :   000;
	6b7e  :   000;
	6b7f  :   000;
	6b80  :   000;
	6b81  :   000;
	6b82  :   000;
	6b83  :   000;
	6b84  :   000;
	6b85  :   000;
	6b86  :   000;
	6b87  :   000;
	6b88  :   000;
	6b89  :   000;
	6b8a  :   000;
	6b8b  :   000;
	6b8c  :   000;
	6b8d  :   000;
	6b8e  :   000;
	6b8f  :   000;
	6b90  :   000;
	6b91  :   000;
	6b92  :   000;
	6b93  :   000;
	6b94  :   000;
	6b95  :   000;
	6b96  :   000;
	6b97  :   000;
	6b98  :   000;
	6b99  :   000;
	6b9a  :   000;
	6b9b  :   000;
	6b9c  :   000;
	6b9d  :   000;
	6b9e  :   000;
	6b9f  :   000;
	6ba0  :   000;
	6ba1  :   000;
	6ba2  :   000;
	6ba3  :   000;
	6ba4  :   000;
	6ba5  :   000;
	6ba6  :   000;
	6ba7  :   000;
	6ba8  :   000;
	6ba9  :   000;
	6baa  :   000;
	6bab  :   000;
	6bac  :   000;
	6bad  :   000;
	6bae  :   000;
	6baf  :   000;
	6bb0  :   000;
	6bb1  :   000;
	6bb2  :   000;
	6bb3  :   000;
	6bb4  :   000;
	6bb5  :   000;
	6bb6  :   000;
	6bb7  :   000;
	6bb8  :   000;
	6bb9  :   000;
	6bba  :   000;
	6bbb  :   000;
	6bbc  :   000;
	6bbd  :   000;
	6bbe  :   000;
	6bbf  :   000;
	6bc0  :   000;
	6bc1  :   000;
	6bc2  :   000;
	6bc3  :   000;
	6bc4  :   000;
	6bc5  :   000;
	6bc6  :   000;
	6bc7  :   000;
	6bc8  :   000;
	6bc9  :   000;
	6bca  :   000;
	6bcb  :   000;
	6bcc  :   000;
	6bcd  :   000;
	6bce  :   000;
	6bcf  :   000;
	6bd0  :   000;
	6bd1  :   000;
	6bd2  :   000;
	6bd3  :   000;
	6bd4  :   000;
	6bd5  :   000;
	6bd6  :   000;
	6bd7  :   000;
	6bd8  :   000;
	6bd9  :   000;
	6bda  :   000;
	6bdb  :   000;
	6bdc  :   000;
	6bdd  :   000;
	6bde  :   000;
	6bdf  :   000;
	6be0  :   000;
	6be1  :   000;
	6be2  :   000;
	6be3  :   000;
	6be4  :   111;
	6be5  :   111;
	6be6  :   111;
	6be7  :   111;
	6be8  :   000;
	6be9  :   000;
	6bea  :   000;
	6beb  :   000;
	6bec  :   000;
	6bed  :   000;
	6bee  :   000;
	6bef  :   000;
	6bf0  :   111;
	6bf1  :   111;
	6bf2  :   111;
	6bf3  :   111;
	6bf4  :   111;
	6bf5  :   111;
	6bf6  :   111;
	6bf7  :   000;
	6bf8  :   000;
	6bf9  :   000;
	6bfa  :   000;
	6bfb  :   000;
	6bfc  :   000;
	6bfd  :   000;
	6bfe  :   000;
	6bff  :   000;
	6c00  :   111;
	6c01  :   111;
	6c02  :   111;
	6c03  :   111;
	6c04  :   111;
	6c05  :   111;
	6c06  :   111;
	6c07  :   000;
	6c08  :   000;
	6c09  :   000;
	6c0a  :   000;
	6c0b  :   000;
	6c0c  :   000;
	6c0d  :   000;
	6c0e  :   000;
	6c0f  :   111;
	6c10  :   111;
	6c11  :   111;
	6c12  :   111;
	6c13  :   000;
	6c14  :   000;
	6c15  :   000;
	6c16  :   000;
	6c17  :   000;
	6c18  :   000;
	6c19  :   000;
	6c1a  :   000;
	6c1b  :   111;
	6c1c  :   111;
	6c1d  :   111;
	6c1e  :   111;
	6c1f  :   111;
	6c20  :   111;
	6c21  :   111;
	6c22  :   111;
	6c23  :   000;
	6c24  :   000;
	6c25  :   000;
	6c26  :   000;
	6c27  :   000;
	6c28  :   000;
	6c29  :   000;
	6c2a  :   000;
	6c2b  :   111;
	6c2c  :   111;
	6c2d  :   111;
	6c2e  :   111;
	6c2f  :   111;
	6c30  :   111;
	6c31  :   111;
	6c32  :   111;
	6c33  :   111;
	6c34  :   000;
	6c35  :   000;
	6c36  :   000;
	6c37  :   000;
	6c38  :   000;
	6c39  :   000;
	6c3a  :   000;
	6c3b  :   000;
	6c3c  :   000;
	6c3d  :   000;
	6c3e  :   000;
	6c3f  :   000;
	6c40  :   000;
	6c41  :   000;
	6c42  :   000;
	6c43  :   000;
	6c44  :   000;
	6c45  :   000;
	6c46  :   000;
	6c47  :   000;
	6c48  :   000;
	6c49  :   000;
	6c4a  :   000;
	6c4b  :   000;
	6c4c  :   000;
	6c4d  :   000;
	6c4e  :   000;
	6c4f  :   000;
	6c50  :   000;
	6c51  :   000;
	6c52  :   000;
	6c53  :   000;
	6c54  :   000;
	6c55  :   000;
	6c56  :   000;
	6c57  :   000;
	6c58  :   000;
	6c59  :   000;
	6c5a  :   000;
	6c5b  :   000;
	6c5c  :   000;
	6c5d  :   000;
	6c5e  :   000;
	6c5f  :   000;
	6c60  :   000;
	6c61  :   000;
	6c62  :   000;
	6c63  :   000;
	6c64  :   000;
	6c65  :   000;
	6c66  :   000;
	6c67  :   000;
	6c68  :   000;
	6c69  :   000;
	6c6a  :   000;
	6c6b  :   000;
	6c6c  :   000;
	6c6d  :   000;
	6c6e  :   000;
	6c6f  :   000;
	6c70  :   000;
	6c71  :   000;
	6c72  :   000;
	6c73  :   000;
	6c74  :   000;
	6c75  :   000;
	6c76  :   000;
	6c77  :   000;
	6c78  :   000;
	6c79  :   000;
	6c7a  :   000;
	6c7b  :   000;
	6c7c  :   000;
	6c7d  :   000;
	6c7e  :   000;
	6c7f  :   000;
	6c80  :   000;
	6c81  :   000;
	6c82  :   000;
	6c83  :   000;
	6c84  :   000;
	6c85  :   000;
	6c86  :   000;
	6c87  :   000;
	6c88  :   000;
	6c89  :   000;
	6c8a  :   000;
	6c8b  :   000;
	6c8c  :   000;
	6c8d  :   000;
	6c8e  :   000;
	6c8f  :   000;
	6c90  :   000;
	6c91  :   000;
	6c92  :   000;
	6c93  :   000;
	6c94  :   000;
	6c95  :   000;
	6c96  :   000;
	6c97  :   000;
	6c98  :   000;
	6c99  :   000;
	6c9a  :   000;
	6c9b  :   000;
	6c9c  :   000;
	6c9d  :   000;
	6c9e  :   000;
	6c9f  :   000;
	6ca0  :   000;
	6ca1  :   000;
	6ca2  :   000;
	6ca3  :   000;
	6ca4  :   000;
	6ca5  :   000;
	6ca6  :   000;
	6ca7  :   000;
	6ca8  :   000;
	6ca9  :   000;
	6caa  :   000;
	6cab  :   000;
	6cac  :   000;
	6cad  :   000;
	6cae  :   000;
	6caf  :   000;
	6cb0  :   000;
	6cb1  :   000;
	6cb2  :   000;
	6cb3  :   000;
	6cb4  :   000;
	6cb5  :   000;
	6cb6  :   000;
	6cb7  :   000;
	6cb8  :   000;
	6cb9  :   000;
	6cba  :   000;
	6cbb  :   000;
	6cbc  :   000;
	6cbd  :   000;
	6cbe  :   000;
	6cbf  :   000;
	6cc0  :   000;
	6cc1  :   000;
	6cc2  :   000;
	6cc3  :   000;
	6cc4  :   111;
	6cc5  :   111;
	6cc6  :   111;
	6cc7  :   111;
	6cc8  :   000;
	6cc9  :   000;
	6cca  :   000;
	6ccb  :   000;
	6ccc  :   000;
	6ccd  :   000;
	6cce  :   000;
	6ccf  :   000;
	6cd0  :   111;
	6cd1  :   111;
	6cd2  :   111;
	6cd3  :   111;
	6cd4  :   111;
	6cd5  :   111;
	6cd6  :   111;
	6cd7  :   111;
	6cd8  :   111;
	6cd9  :   000;
	6cda  :   000;
	6cdb  :   000;
	6cdc  :   000;
	6cdd  :   000;
	6cde  :   000;
	6cdf  :   111;
	6ce0  :   111;
	6ce1  :   111;
	6ce2  :   111;
	6ce3  :   111;
	6ce4  :   111;
	6ce5  :   111;
	6ce6  :   111;
	6ce7  :   111;
	6ce8  :   000;
	6ce9  :   000;
	6cea  :   000;
	6ceb  :   000;
	6cec  :   000;
	6ced  :   000;
	6cee  :   000;
	6cef  :   111;
	6cf0  :   111;
	6cf1  :   111;
	6cf2  :   111;
	6cf3  :   000;
	6cf4  :   000;
	6cf5  :   000;
	6cf6  :   000;
	6cf7  :   000;
	6cf8  :   000;
	6cf9  :   000;
	6cfa  :   000;
	6cfb  :   111;
	6cfc  :   111;
	6cfd  :   111;
	6cfe  :   111;
	6cff  :   111;
	6d00  :   111;
	6d01  :   111;
	6d02  :   111;
	6d03  :   111;
	6d04  :   000;
	6d05  :   000;
	6d06  :   000;
	6d07  :   000;
	6d08  :   000;
	6d09  :   000;
	6d0a  :   111;
	6d0b  :   111;
	6d0c  :   111;
	6d0d  :   111;
	6d0e  :   111;
	6d0f  :   111;
	6d10  :   111;
	6d11  :   111;
	6d12  :   111;
	6d13  :   111;
	6d14  :   000;
	6d15  :   000;
	6d16  :   000;
	6d17  :   000;
	6d18  :   000;
	6d19  :   000;
	6d1a  :   000;
	6d1b  :   000;
	6d1c  :   000;
	6d1d  :   000;
	6d1e  :   000;
	6d1f  :   000;
	6d20  :   000;
	6d21  :   000;
	6d22  :   000;
	6d23  :   000;
	6d24  :   000;
	6d25  :   000;
	6d26  :   000;
	6d27  :   000;
	6d28  :   000;
	6d29  :   000;
	6d2a  :   000;
	6d2b  :   000;
	6d2c  :   000;
	6d2d  :   000;
	6d2e  :   000;
	6d2f  :   000;
	6d30  :   000;
	6d31  :   000;
	6d32  :   000;
	6d33  :   000;
	6d34  :   000;
	6d35  :   000;
	6d36  :   000;
	6d37  :   000;
	6d38  :   000;
	6d39  :   000;
	6d3a  :   000;
	6d3b  :   000;
	6d3c  :   000;
	6d3d  :   000;
	6d3e  :   000;
	6d3f  :   000;
	6d40  :   000;
	6d41  :   000;
	6d42  :   000;
	6d43  :   000;
	6d44  :   000;
	6d45  :   000;
	6d46  :   000;
	6d47  :   000;
	6d48  :   000;
	6d49  :   000;
	6d4a  :   000;
	6d4b  :   000;
	6d4c  :   000;
	6d4d  :   000;
	6d4e  :   000;
	6d4f  :   000;
	6d50  :   000;
	6d51  :   000;
	6d52  :   000;
	6d53  :   000;
	6d54  :   000;
	6d55  :   000;
	6d56  :   000;
	6d57  :   000;
	6d58  :   000;
	6d59  :   000;
	6d5a  :   000;
	6d5b  :   000;
	6d5c  :   000;
	6d5d  :   000;
	6d5e  :   000;
	6d5f  :   000;
	6d60  :   000;
	6d61  :   000;
	6d62  :   000;
	6d63  :   000;
	6d64  :   000;
	6d65  :   000;
	6d66  :   000;
	6d67  :   000;
	6d68  :   000;
	6d69  :   000;
	6d6a  :   000;
	6d6b  :   000;
	6d6c  :   000;
	6d6d  :   000;
	6d6e  :   000;
	6d6f  :   000;
	6d70  :   000;
	6d71  :   000;
	6d72  :   000;
	6d73  :   000;
	6d74  :   000;
	6d75  :   000;
	6d76  :   000;
	6d77  :   000;
	6d78  :   000;
	6d79  :   000;
	6d7a  :   000;
	6d7b  :   000;
	6d7c  :   000;
	6d7d  :   000;
	6d7e  :   000;
	6d7f  :   111;
	6d80  :   111;
	6d81  :   000;
	6d82  :   000;
	6d83  :   000;
	6d84  :   000;
	6d85  :   000;
	6d86  :   000;
	6d87  :   000;
	6d88  :   000;
	6d89  :   000;
	6d8a  :   000;
	6d8b  :   000;
	6d8c  :   000;
	6d8d  :   000;
	6d8e  :   000;
	6d8f  :   000;
	6d90  :   000;
	6d91  :   000;
	6d92  :   000;
	6d93  :   000;
	6d94  :   000;
	6d95  :   000;
	6d96  :   000;
	6d97  :   000;
	6d98  :   000;
	6d99  :   000;
	6d9a  :   000;
	6d9b  :   000;
	6d9c  :   000;
	6d9d  :   000;
	6d9e  :   000;
	6d9f  :   000;
	6da0  :   000;
	6da1  :   000;
	6da2  :   000;
	6da3  :   111;
	6da4  :   111;
	6da5  :   111;
	6da6  :   111;
	6da7  :   111;
	6da8  :   111;
	6da9  :   000;
	6daa  :   000;
	6dab  :   000;
	6dac  :   000;
	6dad  :   000;
	6dae  :   000;
	6daf  :   000;
	6db0  :   111;
	6db1  :   111;
	6db2  :   111;
	6db3  :   111;
	6db4  :   111;
	6db5  :   111;
	6db6  :   111;
	6db7  :   111;
	6db8  :   111;
	6db9  :   111;
	6dba  :   000;
	6dbb  :   000;
	6dbc  :   000;
	6dbd  :   000;
	6dbe  :   111;
	6dbf  :   111;
	6dc0  :   111;
	6dc1  :   111;
	6dc2  :   111;
	6dc3  :   111;
	6dc4  :   111;
	6dc5  :   111;
	6dc6  :   111;
	6dc7  :   111;
	6dc8  :   000;
	6dc9  :   000;
	6dca  :   000;
	6dcb  :   000;
	6dcc  :   000;
	6dcd  :   000;
	6dce  :   111;
	6dcf  :   111;
	6dd0  :   111;
	6dd1  :   111;
	6dd2  :   111;
	6dd3  :   111;
	6dd4  :   000;
	6dd5  :   000;
	6dd6  :   000;
	6dd7  :   000;
	6dd8  :   000;
	6dd9  :   000;
	6dda  :   000;
	6ddb  :   111;
	6ddc  :   111;
	6ddd  :   111;
	6dde  :   111;
	6ddf  :   111;
	6de0  :   111;
	6de1  :   111;
	6de2  :   111;
	6de3  :   111;
	6de4  :   111;
	6de5  :   000;
	6de6  :   000;
	6de7  :   000;
	6de8  :   000;
	6de9  :   000;
	6dea  :   111;
	6deb  :   111;
	6dec  :   111;
	6ded  :   111;
	6dee  :   111;
	6def  :   111;
	6df0  :   111;
	6df1  :   111;
	6df2  :   111;
	6df3  :   111;
	6df4  :   000;
	6df5  :   000;
	6df6  :   000;
	6df7  :   000;
	6df8  :   000;
	6df9  :   000;
	6dfa  :   000;
	6dfb  :   000;
	6dfc  :   000;
	6dfd  :   000;
	6dfe  :   000;
	6dff  :   000;
	6e00  :   000;
	6e01  :   000;
	6e02  :   000;
	6e03  :   000;
	6e04  :   000;
	6e05  :   000;
	6e06  :   000;
	6e07  :   000;
	6e08  :   000;
	6e09  :   000;
	6e0a  :   000;
	6e0b  :   000;
	6e0c  :   000;
	6e0d  :   000;
	6e0e  :   000;
	6e0f  :   000;
	6e10  :   000;
	6e11  :   000;
	6e12  :   000;
	6e13  :   000;
	6e14  :   000;
	6e15  :   000;
	6e16  :   000;
	6e17  :   000;
	6e18  :   000;
	6e19  :   000;
	6e1a  :   000;
	6e1b  :   000;
	6e1c  :   000;
	6e1d  :   000;
	6e1e  :   000;
	6e1f  :   000;
	6e20  :   000;
	6e21  :   000;
	6e22  :   000;
	6e23  :   000;
	6e24  :   000;
	6e25  :   000;
	6e26  :   000;
	6e27  :   000;
	6e28  :   000;
	6e29  :   000;
	6e2a  :   000;
	6e2b  :   000;
	6e2c  :   000;
	6e2d  :   000;
	6e2e  :   000;
	6e2f  :   000;
	6e30  :   000;
	6e31  :   000;
	6e32  :   000;
	6e33  :   000;
	6e34  :   000;
	6e35  :   000;
	6e36  :   000;
	6e37  :   000;
	6e38  :   000;
	6e39  :   000;
	6e3a  :   000;
	6e3b  :   000;
	6e3c  :   000;
	6e3d  :   000;
	6e3e  :   000;
	6e3f  :   000;
	6e40  :   000;
	6e41  :   000;
	6e42  :   000;
	6e43  :   000;
	6e44  :   000;
	6e45  :   000;
	6e46  :   000;
	6e47  :   000;
	6e48  :   000;
	6e49  :   000;
	6e4a  :   000;
	6e4b  :   000;
	6e4c  :   000;
	6e4d  :   000;
	6e4e  :   000;
	6e4f  :   000;
	6e50  :   000;
	6e51  :   000;
	6e52  :   000;
	6e53  :   000;
	6e54  :   000;
	6e55  :   000;
	6e56  :   000;
	6e57  :   000;
	6e58  :   000;
	6e59  :   000;
	6e5a  :   000;
	6e5b  :   000;
	6e5c  :   000;
	6e5d  :   000;
	6e5e  :   000;
	6e5f  :   111;
	6e60  :   111;
	6e61  :   111;
	6e62  :   111;
	6e63  :   000;
	6e64  :   000;
	6e65  :   000;
	6e66  :   000;
	6e67  :   000;
	6e68  :   000;
	6e69  :   000;
	6e6a  :   000;
	6e6b  :   000;
	6e6c  :   000;
	6e6d  :   000;
	6e6e  :   000;
	6e6f  :   000;
	6e70  :   000;
	6e71  :   000;
	6e72  :   000;
	6e73  :   000;
	6e74  :   000;
	6e75  :   000;
	6e76  :   000;
	6e77  :   000;
	6e78  :   000;
	6e79  :   000;
	6e7a  :   000;
	6e7b  :   000;
	6e7c  :   000;
	6e7d  :   000;
	6e7e  :   000;
	6e7f  :   000;
	6e80  :   000;
	6e81  :   000;
	6e82  :   000;
	6e83  :   111;
	6e84  :   111;
	6e85  :   111;
	6e86  :   111;
	6e87  :   111;
	6e88  :   111;
	6e89  :   000;
	6e8a  :   000;
	6e8b  :   000;
	6e8c  :   000;
	6e8d  :   000;
	6e8e  :   000;
	6e8f  :   000;
	6e90  :   111;
	6e91  :   111;
	6e92  :   111;
	6e93  :   111;
	6e94  :   111;
	6e95  :   111;
	6e96  :   111;
	6e97  :   111;
	6e98  :   111;
	6e99  :   111;
	6e9a  :   000;
	6e9b  :   000;
	6e9c  :   000;
	6e9d  :   000;
	6e9e  :   111;
	6e9f  :   111;
	6ea0  :   111;
	6ea1  :   111;
	6ea2  :   111;
	6ea3  :   111;
	6ea4  :   111;
	6ea5  :   111;
	6ea6  :   111;
	6ea7  :   111;
	6ea8  :   000;
	6ea9  :   000;
	6eaa  :   000;
	6eab  :   000;
	6eac  :   000;
	6ead  :   000;
	6eae  :   111;
	6eaf  :   111;
	6eb0  :   111;
	6eb1  :   111;
	6eb2  :   111;
	6eb3  :   111;
	6eb4  :   000;
	6eb5  :   000;
	6eb6  :   000;
	6eb7  :   000;
	6eb8  :   000;
	6eb9  :   000;
	6eba  :   000;
	6ebb  :   111;
	6ebc  :   111;
	6ebd  :   111;
	6ebe  :   111;
	6ebf  :   111;
	6ec0  :   111;
	6ec1  :   111;
	6ec2  :   111;
	6ec3  :   111;
	6ec4  :   111;
	6ec5  :   111;
	6ec6  :   000;
	6ec7  :   000;
	6ec8  :   000;
	6ec9  :   000;
	6eca  :   111;
	6ecb  :   111;
	6ecc  :   111;
	6ecd  :   111;
	6ece  :   111;
	6ecf  :   111;
	6ed0  :   111;
	6ed1  :   111;
	6ed2  :   111;
	6ed3  :   111;
	6ed4  :   000;
	6ed5  :   000;
	6ed6  :   000;
	6ed7  :   000;
	6ed8  :   000;
	6ed9  :   000;
	6eda  :   000;
	6edb  :   000;
	6edc  :   000;
	6edd  :   000;
	6ede  :   000;
	6edf  :   000;
	6ee0  :   000;
	6ee1  :   000;
	6ee2  :   000;
	6ee3  :   000;
	6ee4  :   000;
	6ee5  :   000;
	6ee6  :   000;
	6ee7  :   000;
	6ee8  :   000;
	6ee9  :   000;
	6eea  :   000;
	6eeb  :   000;
	6eec  :   000;
	6eed  :   000;
	6eee  :   000;
	6eef  :   000;
	6ef0  :   000;
	6ef1  :   000;
	6ef2  :   000;
	6ef3  :   000;
	6ef4  :   000;
	6ef5  :   000;
	6ef6  :   000;
	6ef7  :   000;
	6ef8  :   000;
	6ef9  :   000;
	6efa  :   000;
	6efb  :   000;
	6efc  :   000;
	6efd  :   000;
	6efe  :   000;
	6eff  :   000;
	6f00  :   000;
	6f01  :   000;
	6f02  :   000;
	6f03  :   000;
	6f04  :   000;
	6f05  :   000;
	6f06  :   000;
	6f07  :   000;
	6f08  :   000;
	6f09  :   000;
	6f0a  :   000;
	6f0b  :   000;
	6f0c  :   000;
	6f0d  :   000;
	6f0e  :   000;
	6f0f  :   000;
	6f10  :   000;
	6f11  :   000;
	6f12  :   000;
	6f13  :   000;
	6f14  :   000;
	6f15  :   000;
	6f16  :   000;
	6f17  :   000;
	6f18  :   000;
	6f19  :   000;
	6f1a  :   000;
	6f1b  :   000;
	6f1c  :   000;
	6f1d  :   000;
	6f1e  :   000;
	6f1f  :   000;
	6f20  :   000;
	6f21  :   000;
	6f22  :   000;
	6f23  :   000;
	6f24  :   000;
	6f25  :   000;
	6f26  :   000;
	6f27  :   000;
	6f28  :   000;
	6f29  :   000;
	6f2a  :   000;
	6f2b  :   000;
	6f2c  :   000;
	6f2d  :   000;
	6f2e  :   000;
	6f2f  :   000;
	6f30  :   000;
	6f31  :   000;
	6f32  :   000;
	6f33  :   000;
	6f34  :   000;
	6f35  :   000;
	6f36  :   000;
	6f37  :   000;
	6f38  :   000;
	6f39  :   000;
	6f3a  :   000;
	6f3b  :   000;
	6f3c  :   000;
	6f3d  :   000;
	6f3e  :   000;
	6f3f  :   111;
	6f40  :   111;
	6f41  :   111;
	6f42  :   111;
	6f43  :   111;
	6f44  :   111;
	6f45  :   000;
	6f46  :   000;
	6f47  :   000;
	6f48  :   000;
	6f49  :   000;
	6f4a  :   000;
	6f4b  :   000;
	6f4c  :   000;
	6f4d  :   000;
	6f4e  :   000;
	6f4f  :   000;
	6f50  :   000;
	6f51  :   000;
	6f52  :   000;
	6f53  :   000;
	6f54  :   000;
	6f55  :   000;
	6f56  :   000;
	6f57  :   000;
	6f58  :   000;
	6f59  :   000;
	6f5a  :   000;
	6f5b  :   000;
	6f5c  :   000;
	6f5d  :   000;
	6f5e  :   000;
	6f5f  :   000;
	6f60  :   000;
	6f61  :   000;
	6f62  :   000;
	6f63  :   111;
	6f64  :   111;
	6f65  :   111;
	6f66  :   111;
	6f67  :   111;
	6f68  :   111;
	6f69  :   000;
	6f6a  :   000;
	6f6b  :   000;
	6f6c  :   000;
	6f6d  :   000;
	6f6e  :   000;
	6f6f  :   000;
	6f70  :   111;
	6f71  :   111;
	6f72  :   111;
	6f73  :   000;
	6f74  :   000;
	6f75  :   000;
	6f76  :   111;
	6f77  :   111;
	6f78  :   111;
	6f79  :   111;
	6f7a  :   000;
	6f7b  :   000;
	6f7c  :   000;
	6f7d  :   111;
	6f7e  :   111;
	6f7f  :   111;
	6f80  :   111;
	6f81  :   111;
	6f82  :   000;
	6f83  :   000;
	6f84  :   000;
	6f85  :   111;
	6f86  :   111;
	6f87  :   000;
	6f88  :   000;
	6f89  :   000;
	6f8a  :   000;
	6f8b  :   000;
	6f8c  :   000;
	6f8d  :   000;
	6f8e  :   111;
	6f8f  :   111;
	6f90  :   111;
	6f91  :   111;
	6f92  :   111;
	6f93  :   111;
	6f94  :   000;
	6f95  :   000;
	6f96  :   000;
	6f97  :   000;
	6f98  :   000;
	6f99  :   000;
	6f9a  :   000;
	6f9b  :   111;
	6f9c  :   111;
	6f9d  :   111;
	6f9e  :   111;
	6f9f  :   000;
	6fa0  :   000;
	6fa1  :   000;
	6fa2  :   111;
	6fa3  :   111;
	6fa4  :   111;
	6fa5  :   111;
	6fa6  :   000;
	6fa7  :   000;
	6fa8  :   000;
	6fa9  :   000;
	6faa  :   111;
	6fab  :   111;
	6fac  :   111;
	6fad  :   111;
	6fae  :   000;
	6faf  :   000;
	6fb0  :   000;
	6fb1  :   000;
	6fb2  :   000;
	6fb3  :   000;
	6fb4  :   000;
	6fb5  :   000;
	6fb6  :   000;
	6fb7  :   000;
	6fb8  :   000;
	6fb9  :   000;
	6fba  :   000;
	6fbb  :   000;
	6fbc  :   000;
	6fbd  :   000;
	6fbe  :   000;
	6fbf  :   000;
	6fc0  :   000;
	6fc1  :   000;
	6fc2  :   000;
	6fc3  :   000;
	6fc4  :   000;
	6fc5  :   000;
	6fc6  :   000;
	6fc7  :   000;
	6fc8  :   000;
	6fc9  :   000;
	6fca  :   000;
	6fcb  :   000;
	6fcc  :   000;
	6fcd  :   000;
	6fce  :   000;
	6fcf  :   000;
	6fd0  :   000;
	6fd1  :   000;
	6fd2  :   000;
	6fd3  :   000;
	6fd4  :   000;
	6fd5  :   000;
	6fd6  :   000;
	6fd7  :   000;
	6fd8  :   000;
	6fd9  :   000;
	6fda  :   000;
	6fdb  :   000;
	6fdc  :   000;
	6fdd  :   000;
	6fde  :   000;
	6fdf  :   000;
	6fe0  :   000;
	6fe1  :   000;
	6fe2  :   000;
	6fe3  :   000;
	6fe4  :   000;
	6fe5  :   000;
	6fe6  :   000;
	6fe7  :   000;
	6fe8  :   000;
	6fe9  :   000;
	6fea  :   000;
	6feb  :   000;
	6fec  :   000;
	6fed  :   000;
	6fee  :   000;
	6fef  :   000;
	6ff0  :   000;
	6ff1  :   000;
	6ff2  :   000;
	6ff3  :   000;
	6ff4  :   000;
	6ff5  :   000;
	6ff6  :   000;
	6ff7  :   000;
	6ff8  :   000;
	6ff9  :   000;
	6ffa  :   000;
	6ffb  :   000;
	6ffc  :   000;
	6ffd  :   000;
	6ffe  :   000;
	6fff  :   000;
	7000  :   000;
	7001  :   000;
	7002  :   000;
	7003  :   000;
	7004  :   000;
	7005  :   000;
	7006  :   000;
	7007  :   000;
	7008  :   000;
	7009  :   000;
	700a  :   000;
	700b  :   000;
	700c  :   000;
	700d  :   000;
	700e  :   000;
	700f  :   000;
	7010  :   000;
	7011  :   000;
	7012  :   000;
	7013  :   000;
	7014  :   000;
	7015  :   000;
	7016  :   000;
	7017  :   000;
	7018  :   000;
	7019  :   000;
	701a  :   000;
	701b  :   000;
	701c  :   000;
	701d  :   000;
	701e  :   000;
	701f  :   000;
	7020  :   000;
	7021  :   111;
	7022  :   111;
	7023  :   111;
	7024  :   111;
	7025  :   111;
	7026  :   111;
	7027  :   111;
	7028  :   000;
	7029  :   000;
	702a  :   000;
	702b  :   000;
	702c  :   000;
	702d  :   000;
	702e  :   000;
	702f  :   000;
	7030  :   000;
	7031  :   000;
	7032  :   000;
	7033  :   000;
	7034  :   000;
	7035  :   000;
	7036  :   000;
	7037  :   000;
	7038  :   000;
	7039  :   000;
	703a  :   000;
	703b  :   000;
	703c  :   000;
	703d  :   000;
	703e  :   000;
	703f  :   000;
	7040  :   000;
	7041  :   000;
	7042  :   111;
	7043  :   111;
	7044  :   111;
	7045  :   111;
	7046  :   111;
	7047  :   111;
	7048  :   111;
	7049  :   111;
	704a  :   000;
	704b  :   000;
	704c  :   000;
	704d  :   000;
	704e  :   000;
	704f  :   000;
	7050  :   111;
	7051  :   111;
	7052  :   111;
	7053  :   000;
	7054  :   000;
	7055  :   000;
	7056  :   111;
	7057  :   111;
	7058  :   111;
	7059  :   111;
	705a  :   000;
	705b  :   000;
	705c  :   000;
	705d  :   111;
	705e  :   111;
	705f  :   111;
	7060  :   111;
	7061  :   000;
	7062  :   000;
	7063  :   000;
	7064  :   000;
	7065  :   000;
	7066  :   000;
	7067  :   000;
	7068  :   000;
	7069  :   000;
	706a  :   000;
	706b  :   000;
	706c  :   000;
	706d  :   000;
	706e  :   111;
	706f  :   111;
	7070  :   111;
	7071  :   111;
	7072  :   111;
	7073  :   111;
	7074  :   111;
	7075  :   000;
	7076  :   000;
	7077  :   000;
	7078  :   000;
	7079  :   000;
	707a  :   000;
	707b  :   111;
	707c  :   111;
	707d  :   111;
	707e  :   111;
	707f  :   000;
	7080  :   000;
	7081  :   000;
	7082  :   000;
	7083  :   111;
	7084  :   111;
	7085  :   111;
	7086  :   111;
	7087  :   000;
	7088  :   000;
	7089  :   000;
	708a  :   111;
	708b  :   111;
	708c  :   111;
	708d  :   111;
	708e  :   000;
	708f  :   000;
	7090  :   000;
	7091  :   000;
	7092  :   000;
	7093  :   000;
	7094  :   000;
	7095  :   000;
	7096  :   000;
	7097  :   000;
	7098  :   000;
	7099  :   000;
	709a  :   000;
	709b  :   000;
	709c  :   000;
	709d  :   000;
	709e  :   000;
	709f  :   000;
	70a0  :   000;
	70a1  :   000;
	70a2  :   000;
	70a3  :   000;
	70a4  :   000;
	70a5  :   000;
	70a6  :   000;
	70a7  :   000;
	70a8  :   000;
	70a9  :   000;
	70aa  :   000;
	70ab  :   000;
	70ac  :   000;
	70ad  :   000;
	70ae  :   000;
	70af  :   000;
	70b0  :   000;
	70b1  :   000;
	70b2  :   000;
	70b3  :   000;
	70b4  :   000;
	70b5  :   000;
	70b6  :   000;
	70b7  :   000;
	70b8  :   000;
	70b9  :   000;
	70ba  :   000;
	70bb  :   000;
	70bc  :   000;
	70bd  :   000;
	70be  :   000;
	70bf  :   000;
	70c0  :   000;
	70c1  :   000;
	70c2  :   000;
	70c3  :   000;
	70c4  :   000;
	70c5  :   000;
	70c6  :   000;
	70c7  :   000;
	70c8  :   000;
	70c9  :   000;
	70ca  :   000;
	70cb  :   000;
	70cc  :   000;
	70cd  :   000;
	70ce  :   000;
	70cf  :   000;
	70d0  :   000;
	70d1  :   000;
	70d2  :   000;
	70d3  :   000;
	70d4  :   000;
	70d5  :   000;
	70d6  :   000;
	70d7  :   000;
	70d8  :   000;
	70d9  :   000;
	70da  :   000;
	70db  :   000;
	70dc  :   000;
	70dd  :   000;
	70de  :   000;
	70df  :   000;
	70e0  :   000;
	70e1  :   000;
	70e2  :   000;
	70e3  :   000;
	70e4  :   000;
	70e5  :   000;
	70e6  :   000;
	70e7  :   000;
	70e8  :   000;
	70e9  :   000;
	70ea  :   000;
	70eb  :   000;
	70ec  :   000;
	70ed  :   000;
	70ee  :   000;
	70ef  :   000;
	70f0  :   000;
	70f1  :   000;
	70f2  :   000;
	70f3  :   000;
	70f4  :   111;
	70f5  :   111;
	70f6  :   111;
	70f7  :   111;
	70f8  :   111;
	70f9  :   111;
	70fa  :   111;
	70fb  :   111;
	70fc  :   000;
	70fd  :   000;
	70fe  :   000;
	70ff  :   000;
	7100  :   000;
	7101  :   000;
	7102  :   000;
	7103  :   111;
	7104  :   111;
	7105  :   111;
	7106  :   111;
	7107  :   111;
	7108  :   111;
	7109  :   111;
	710a  :   000;
	710b  :   000;
	710c  :   000;
	710d  :   000;
	710e  :   000;
	710f  :   000;
	7110  :   000;
	7111  :   000;
	7112  :   000;
	7113  :   000;
	7114  :   000;
	7115  :   000;
	7116  :   000;
	7117  :   000;
	7118  :   000;
	7119  :   000;
	711a  :   000;
	711b  :   000;
	711c  :   000;
	711d  :   000;
	711e  :   000;
	711f  :   000;
	7120  :   000;
	7121  :   000;
	7122  :   111;
	7123  :   111;
	7124  :   111;
	7125  :   111;
	7126  :   111;
	7127  :   111;
	7128  :   111;
	7129  :   111;
	712a  :   000;
	712b  :   000;
	712c  :   000;
	712d  :   000;
	712e  :   000;
	712f  :   000;
	7130  :   111;
	7131  :   111;
	7132  :   111;
	7133  :   000;
	7134  :   000;
	7135  :   000;
	7136  :   111;
	7137  :   111;
	7138  :   111;
	7139  :   111;
	713a  :   000;
	713b  :   000;
	713c  :   000;
	713d  :   111;
	713e  :   111;
	713f  :   111;
	7140  :   111;
	7141  :   000;
	7142  :   000;
	7143  :   000;
	7144  :   000;
	7145  :   000;
	7146  :   000;
	7147  :   000;
	7148  :   000;
	7149  :   000;
	714a  :   000;
	714b  :   000;
	714c  :   000;
	714d  :   111;
	714e  :   111;
	714f  :   111;
	7150  :   111;
	7151  :   111;
	7152  :   111;
	7153  :   111;
	7154  :   111;
	7155  :   000;
	7156  :   000;
	7157  :   000;
	7158  :   000;
	7159  :   000;
	715a  :   000;
	715b  :   111;
	715c  :   111;
	715d  :   111;
	715e  :   111;
	715f  :   000;
	7160  :   000;
	7161  :   000;
	7162  :   000;
	7163  :   111;
	7164  :   111;
	7165  :   111;
	7166  :   111;
	7167  :   000;
	7168  :   000;
	7169  :   000;
	716a  :   111;
	716b  :   111;
	716c  :   111;
	716d  :   111;
	716e  :   111;
	716f  :   111;
	7170  :   111;
	7171  :   111;
	7172  :   000;
	7173  :   000;
	7174  :   000;
	7175  :   000;
	7176  :   000;
	7177  :   000;
	7178  :   000;
	7179  :   000;
	717a  :   000;
	717b  :   000;
	717c  :   000;
	717d  :   000;
	717e  :   000;
	717f  :   000;
	7180  :   000;
	7181  :   000;
	7182  :   000;
	7183  :   000;
	7184  :   000;
	7185  :   000;
	7186  :   000;
	7187  :   000;
	7188  :   000;
	7189  :   000;
	718a  :   000;
	718b  :   000;
	718c  :   000;
	718d  :   000;
	718e  :   000;
	718f  :   000;
	7190  :   000;
	7191  :   000;
	7192  :   000;
	7193  :   000;
	7194  :   000;
	7195  :   000;
	7196  :   000;
	7197  :   000;
	7198  :   000;
	7199  :   000;
	719a  :   000;
	719b  :   000;
	719c  :   000;
	719d  :   000;
	719e  :   000;
	719f  :   000;
	71a0  :   000;
	71a1  :   000;
	71a2  :   000;
	71a3  :   000;
	71a4  :   000;
	71a5  :   000;
	71a6  :   000;
	71a7  :   000;
	71a8  :   000;
	71a9  :   000;
	71aa  :   000;
	71ab  :   000;
	71ac  :   000;
	71ad  :   000;
	71ae  :   000;
	71af  :   000;
	71b0  :   000;
	71b1  :   000;
	71b2  :   000;
	71b3  :   000;
	71b4  :   000;
	71b5  :   000;
	71b6  :   000;
	71b7  :   000;
	71b8  :   000;
	71b9  :   000;
	71ba  :   000;
	71bb  :   000;
	71bc  :   000;
	71bd  :   000;
	71be  :   000;
	71bf  :   000;
	71c0  :   000;
	71c1  :   000;
	71c2  :   000;
	71c3  :   000;
	71c4  :   000;
	71c5  :   000;
	71c6  :   000;
	71c7  :   000;
	71c8  :   000;
	71c9  :   000;
	71ca  :   000;
	71cb  :   000;
	71cc  :   000;
	71cd  :   000;
	71ce  :   000;
	71cf  :   000;
	71d0  :   000;
	71d1  :   000;
	71d2  :   000;
	71d3  :   000;
	71d4  :   111;
	71d5  :   111;
	71d6  :   111;
	71d7  :   111;
	71d8  :   111;
	71d9  :   111;
	71da  :   111;
	71db  :   111;
	71dc  :   000;
	71dd  :   000;
	71de  :   000;
	71df  :   000;
	71e0  :   000;
	71e1  :   000;
	71e2  :   000;
	71e3  :   000;
	71e4  :   000;
	71e5  :   000;
	71e6  :   111;
	71e7  :   111;
	71e8  :   111;
	71e9  :   111;
	71ea  :   000;
	71eb  :   000;
	71ec  :   000;
	71ed  :   000;
	71ee  :   000;
	71ef  :   000;
	71f0  :   000;
	71f1  :   000;
	71f2  :   000;
	71f3  :   000;
	71f4  :   000;
	71f5  :   000;
	71f6  :   000;
	71f7  :   000;
	71f8  :   000;
	71f9  :   000;
	71fa  :   000;
	71fb  :   000;
	71fc  :   000;
	71fd  :   000;
	71fe  :   000;
	71ff  :   000;
	7200  :   000;
	7201  :   000;
	7202  :   111;
	7203  :   111;
	7204  :   111;
	7205  :   111;
	7206  :   111;
	7207  :   111;
	7208  :   111;
	7209  :   111;
	720a  :   000;
	720b  :   000;
	720c  :   000;
	720d  :   000;
	720e  :   000;
	720f  :   000;
	7210  :   111;
	7211  :   111;
	7212  :   111;
	7213  :   111;
	7214  :   111;
	7215  :   111;
	7216  :   111;
	7217  :   111;
	7218  :   111;
	7219  :   111;
	721a  :   000;
	721b  :   000;
	721c  :   000;
	721d  :   111;
	721e  :   111;
	721f  :   111;
	7220  :   111;
	7221  :   000;
	7222  :   000;
	7223  :   000;
	7224  :   000;
	7225  :   000;
	7226  :   000;
	7227  :   000;
	7228  :   000;
	7229  :   000;
	722a  :   000;
	722b  :   000;
	722c  :   000;
	722d  :   111;
	722e  :   111;
	722f  :   111;
	7230  :   111;
	7231  :   111;
	7232  :   111;
	7233  :   111;
	7234  :   111;
	7235  :   000;
	7236  :   000;
	7237  :   000;
	7238  :   000;
	7239  :   000;
	723a  :   000;
	723b  :   111;
	723c  :   111;
	723d  :   111;
	723e  :   111;
	723f  :   000;
	7240  :   000;
	7241  :   000;
	7242  :   000;
	7243  :   111;
	7244  :   111;
	7245  :   111;
	7246  :   111;
	7247  :   000;
	7248  :   000;
	7249  :   000;
	724a  :   111;
	724b  :   111;
	724c  :   111;
	724d  :   111;
	724e  :   111;
	724f  :   111;
	7250  :   111;
	7251  :   111;
	7252  :   111;
	7253  :   000;
	7254  :   000;
	7255  :   000;
	7256  :   000;
	7257  :   000;
	7258  :   000;
	7259  :   000;
	725a  :   000;
	725b  :   000;
	725c  :   000;
	725d  :   000;
	725e  :   000;
	725f  :   000;
	7260  :   000;
	7261  :   000;
	7262  :   000;
	7263  :   000;
	7264  :   000;
	7265  :   000;
	7266  :   000;
	7267  :   000;
	7268  :   000;
	7269  :   000;
	726a  :   000;
	726b  :   000;
	726c  :   000;
	726d  :   000;
	726e  :   000;
	726f  :   000;
	7270  :   000;
	7271  :   000;
	7272  :   000;
	7273  :   000;
	7274  :   000;
	7275  :   000;
	7276  :   000;
	7277  :   000;
	7278  :   000;
	7279  :   000;
	727a  :   000;
	727b  :   000;
	727c  :   000;
	727d  :   000;
	727e  :   000;
	727f  :   000;
	7280  :   000;
	7281  :   000;
	7282  :   000;
	7283  :   000;
	7284  :   000;
	7285  :   000;
	7286  :   000;
	7287  :   000;
	7288  :   000;
	7289  :   000;
	728a  :   000;
	728b  :   000;
	728c  :   000;
	728d  :   000;
	728e  :   000;
	728f  :   000;
	7290  :   000;
	7291  :   000;
	7292  :   000;
	7293  :   000;
	7294  :   000;
	7295  :   000;
	7296  :   000;
	7297  :   000;
	7298  :   000;
	7299  :   000;
	729a  :   000;
	729b  :   000;
	729c  :   000;
	729d  :   000;
	729e  :   000;
	729f  :   000;
	72a0  :   000;
	72a1  :   000;
	72a2  :   000;
	72a3  :   000;
	72a4  :   000;
	72a5  :   000;
	72a6  :   000;
	72a7  :   000;
	72a8  :   000;
	72a9  :   000;
	72aa  :   000;
	72ab  :   000;
	72ac  :   000;
	72ad  :   000;
	72ae  :   000;
	72af  :   000;
	72b0  :   000;
	72b1  :   000;
	72b2  :   000;
	72b3  :   000;
	72b4  :   111;
	72b5  :   111;
	72b6  :   111;
	72b7  :   111;
	72b8  :   111;
	72b9  :   111;
	72ba  :   111;
	72bb  :   111;
	72bc  :   000;
	72bd  :   000;
	72be  :   000;
	72bf  :   000;
	72c0  :   000;
	72c1  :   000;
	72c2  :   000;
	72c3  :   000;
	72c4  :   000;
	72c5  :   111;
	72c6  :   111;
	72c7  :   111;
	72c8  :   111;
	72c9  :   111;
	72ca  :   000;
	72cb  :   000;
	72cc  :   000;
	72cd  :   000;
	72ce  :   000;
	72cf  :   000;
	72d0  :   000;
	72d1  :   000;
	72d2  :   000;
	72d3  :   000;
	72d4  :   000;
	72d5  :   000;
	72d6  :   000;
	72d7  :   000;
	72d8  :   000;
	72d9  :   000;
	72da  :   000;
	72db  :   000;
	72dc  :   000;
	72dd  :   000;
	72de  :   000;
	72df  :   000;
	72e0  :   000;
	72e1  :   000;
	72e2  :   111;
	72e3  :   111;
	72e4  :   111;
	72e5  :   000;
	72e6  :   000;
	72e7  :   111;
	72e8  :   111;
	72e9  :   111;
	72ea  :   111;
	72eb  :   000;
	72ec  :   000;
	72ed  :   000;
	72ee  :   000;
	72ef  :   000;
	72f0  :   111;
	72f1  :   111;
	72f2  :   111;
	72f3  :   111;
	72f4  :   111;
	72f5  :   111;
	72f6  :   111;
	72f7  :   111;
	72f8  :   111;
	72f9  :   111;
	72fa  :   000;
	72fb  :   000;
	72fc  :   000;
	72fd  :   111;
	72fe  :   111;
	72ff  :   111;
	7300  :   111;
	7301  :   000;
	7302  :   000;
	7303  :   000;
	7304  :   000;
	7305  :   000;
	7306  :   000;
	7307  :   000;
	7308  :   000;
	7309  :   000;
	730a  :   000;
	730b  :   000;
	730c  :   000;
	730d  :   111;
	730e  :   111;
	730f  :   111;
	7310  :   111;
	7311  :   000;
	7312  :   111;
	7313  :   111;
	7314  :   111;
	7315  :   111;
	7316  :   000;
	7317  :   000;
	7318  :   000;
	7319  :   000;
	731a  :   000;
	731b  :   111;
	731c  :   111;
	731d  :   111;
	731e  :   111;
	731f  :   000;
	7320  :   000;
	7321  :   000;
	7322  :   000;
	7323  :   111;
	7324  :   111;
	7325  :   111;
	7326  :   111;
	7327  :   000;
	7328  :   000;
	7329  :   000;
	732a  :   111;
	732b  :   111;
	732c  :   111;
	732d  :   111;
	732e  :   111;
	732f  :   111;
	7330  :   111;
	7331  :   111;
	7332  :   111;
	7333  :   000;
	7334  :   000;
	7335  :   000;
	7336  :   000;
	7337  :   000;
	7338  :   000;
	7339  :   000;
	733a  :   000;
	733b  :   000;
	733c  :   000;
	733d  :   000;
	733e  :   000;
	733f  :   000;
	7340  :   000;
	7341  :   000;
	7342  :   000;
	7343  :   000;
	7344  :   000;
	7345  :   000;
	7346  :   000;
	7347  :   000;
	7348  :   000;
	7349  :   000;
	734a  :   000;
	734b  :   000;
	734c  :   000;
	734d  :   000;
	734e  :   000;
	734f  :   000;
	7350  :   000;
	7351  :   000;
	7352  :   000;
	7353  :   000;
	7354  :   000;
	7355  :   000;
	7356  :   000;
	7357  :   000;
	7358  :   000;
	7359  :   000;
	735a  :   000;
	735b  :   000;
	735c  :   000;
	735d  :   000;
	735e  :   000;
	735f  :   000;
	7360  :   000;
	7361  :   000;
	7362  :   000;
	7363  :   000;
	7364  :   000;
	7365  :   000;
	7366  :   000;
	7367  :   000;
	7368  :   000;
	7369  :   000;
	736a  :   000;
	736b  :   000;
	736c  :   000;
	736d  :   000;
	736e  :   000;
	736f  :   000;
	7370  :   000;
	7371  :   000;
	7372  :   000;
	7373  :   000;
	7374  :   000;
	7375  :   000;
	7376  :   000;
	7377  :   000;
	7378  :   000;
	7379  :   000;
	737a  :   000;
	737b  :   000;
	737c  :   000;
	737d  :   000;
	737e  :   000;
	737f  :   000;
	7380  :   000;
	7381  :   000;
	7382  :   000;
	7383  :   000;
	7384  :   000;
	7385  :   000;
	7386  :   000;
	7387  :   000;
	7388  :   000;
	7389  :   000;
	738a  :   000;
	738b  :   000;
	738c  :   000;
	738d  :   000;
	738e  :   000;
	738f  :   000;
	7390  :   000;
	7391  :   000;
	7392  :   000;
	7393  :   000;
	7394  :   000;
	7395  :   000;
	7396  :   000;
	7397  :   000;
	7398  :   000;
	7399  :   000;
	739a  :   000;
	739b  :   000;
	739c  :   000;
	739d  :   000;
	739e  :   000;
	739f  :   000;
	73a0  :   000;
	73a1  :   000;
	73a2  :   111;
	73a3  :   111;
	73a4  :   111;
	73a5  :   111;
	73a6  :   111;
	73a7  :   111;
	73a8  :   111;
	73a9  :   000;
	73aa  :   000;
	73ab  :   000;
	73ac  :   000;
	73ad  :   000;
	73ae  :   000;
	73af  :   000;
	73b0  :   000;
	73b1  :   000;
	73b2  :   000;
	73b3  :   000;
	73b4  :   000;
	73b5  :   000;
	73b6  :   000;
	73b7  :   000;
	73b8  :   000;
	73b9  :   000;
	73ba  :   000;
	73bb  :   000;
	73bc  :   000;
	73bd  :   000;
	73be  :   000;
	73bf  :   000;
	73c0  :   000;
	73c1  :   111;
	73c2  :   111;
	73c3  :   111;
	73c4  :   111;
	73c5  :   000;
	73c6  :   000;
	73c7  :   111;
	73c8  :   111;
	73c9  :   111;
	73ca  :   111;
	73cb  :   000;
	73cc  :   000;
	73cd  :   000;
	73ce  :   000;
	73cf  :   000;
	73d0  :   111;
	73d1  :   111;
	73d2  :   111;
	73d3  :   111;
	73d4  :   111;
	73d5  :   111;
	73d6  :   111;
	73d7  :   111;
	73d8  :   111;
	73d9  :   000;
	73da  :   000;
	73db  :   000;
	73dc  :   000;
	73dd  :   111;
	73de  :   111;
	73df  :   111;
	73e0  :   111;
	73e1  :   000;
	73e2  :   000;
	73e3  :   000;
	73e4  :   000;
	73e5  :   000;
	73e6  :   000;
	73e7  :   000;
	73e8  :   000;
	73e9  :   000;
	73ea  :   000;
	73eb  :   000;
	73ec  :   111;
	73ed  :   111;
	73ee  :   111;
	73ef  :   111;
	73f0  :   111;
	73f1  :   000;
	73f2  :   111;
	73f3  :   111;
	73f4  :   111;
	73f5  :   111;
	73f6  :   000;
	73f7  :   000;
	73f8  :   000;
	73f9  :   000;
	73fa  :   000;
	73fb  :   111;
	73fc  :   111;
	73fd  :   111;
	73fe  :   111;
	73ff  :   000;
	7400  :   000;
	7401  :   000;
	7402  :   000;
	7403  :   111;
	7404  :   111;
	7405  :   111;
	7406  :   111;
	7407  :   000;
	7408  :   000;
	7409  :   000;
	740a  :   111;
	740b  :   111;
	740c  :   111;
	740d  :   111;
	740e  :   111;
	740f  :   111;
	7410  :   111;
	7411  :   111;
	7412  :   111;
	7413  :   000;
	7414  :   000;
	7415  :   000;
	7416  :   000;
	7417  :   000;
	7418  :   000;
	7419  :   000;
	741a  :   000;
	741b  :   000;
	741c  :   000;
	741d  :   000;
	741e  :   000;
	741f  :   000;
	7420  :   000;
	7421  :   000;
	7422  :   000;
	7423  :   000;
	7424  :   000;
	7425  :   000;
	7426  :   000;
	7427  :   000;
	7428  :   000;
	7429  :   000;
	742a  :   000;
	742b  :   000;
	742c  :   000;
	742d  :   000;
	742e  :   000;
	742f  :   000;
	7430  :   000;
	7431  :   000;
	7432  :   000;
	7433  :   000;
	7434  :   000;
	7435  :   000;
	7436  :   000;
	7437  :   000;
	7438  :   000;
	7439  :   000;
	743a  :   000;
	743b  :   000;
	743c  :   000;
	743d  :   000;
	743e  :   000;
	743f  :   000;
	7440  :   000;
	7441  :   000;
	7442  :   000;
	7443  :   000;
	7444  :   000;
	7445  :   000;
	7446  :   000;
	7447  :   000;
	7448  :   000;
	7449  :   000;
	744a  :   000;
	744b  :   000;
	744c  :   000;
	744d  :   000;
	744e  :   000;
	744f  :   000;
	7450  :   000;
	7451  :   000;
	7452  :   000;
	7453  :   000;
	7454  :   000;
	7455  :   000;
	7456  :   000;
	7457  :   000;
	7458  :   000;
	7459  :   000;
	745a  :   000;
	745b  :   000;
	745c  :   000;
	745d  :   000;
	745e  :   000;
	745f  :   000;
	7460  :   000;
	7461  :   000;
	7462  :   000;
	7463  :   000;
	7464  :   000;
	7465  :   000;
	7466  :   000;
	7467  :   000;
	7468  :   000;
	7469  :   000;
	746a  :   000;
	746b  :   000;
	746c  :   000;
	746d  :   000;
	746e  :   000;
	746f  :   000;
	7470  :   000;
	7471  :   000;
	7472  :   000;
	7473  :   000;
	7474  :   000;
	7475  :   000;
	7476  :   000;
	7477  :   000;
	7478  :   000;
	7479  :   000;
	747a  :   000;
	747b  :   000;
	747c  :   000;
	747d  :   000;
	747e  :   000;
	747f  :   000;
	7480  :   111;
	7481  :   111;
	7482  :   111;
	7483  :   111;
	7484  :   111;
	7485  :   111;
	7486  :   111;
	7487  :   000;
	7488  :   000;
	7489  :   000;
	748a  :   000;
	748b  :   000;
	748c  :   000;
	748d  :   000;
	748e  :   000;
	748f  :   000;
	7490  :   000;
	7491  :   000;
	7492  :   000;
	7493  :   000;
	7494  :   000;
	7495  :   000;
	7496  :   000;
	7497  :   000;
	7498  :   000;
	7499  :   000;
	749a  :   000;
	749b  :   000;
	749c  :   000;
	749d  :   000;
	749e  :   000;
	749f  :   000;
	74a0  :   000;
	74a1  :   111;
	74a2  :   111;
	74a3  :   111;
	74a4  :   111;
	74a5  :   111;
	74a6  :   111;
	74a7  :   111;
	74a8  :   111;
	74a9  :   111;
	74aa  :   111;
	74ab  :   000;
	74ac  :   000;
	74ad  :   000;
	74ae  :   000;
	74af  :   000;
	74b0  :   111;
	74b1  :   111;
	74b2  :   111;
	74b3  :   111;
	74b4  :   111;
	74b5  :   111;
	74b6  :   111;
	74b7  :   111;
	74b8  :   000;
	74b9  :   000;
	74ba  :   000;
	74bb  :   000;
	74bc  :   000;
	74bd  :   111;
	74be  :   111;
	74bf  :   111;
	74c0  :   111;
	74c1  :   000;
	74c2  :   000;
	74c3  :   000;
	74c4  :   000;
	74c5  :   000;
	74c6  :   000;
	74c7  :   000;
	74c8  :   000;
	74c9  :   000;
	74ca  :   000;
	74cb  :   000;
	74cc  :   111;
	74cd  :   111;
	74ce  :   111;
	74cf  :   111;
	74d0  :   111;
	74d1  :   111;
	74d2  :   111;
	74d3  :   111;
	74d4  :   111;
	74d5  :   111;
	74d6  :   000;
	74d7  :   000;
	74d8  :   000;
	74d9  :   000;
	74da  :   000;
	74db  :   111;
	74dc  :   111;
	74dd  :   111;
	74de  :   111;
	74df  :   000;
	74e0  :   000;
	74e1  :   000;
	74e2  :   000;
	74e3  :   111;
	74e4  :   111;
	74e5  :   111;
	74e6  :   111;
	74e7  :   000;
	74e8  :   000;
	74e9  :   000;
	74ea  :   111;
	74eb  :   111;
	74ec  :   111;
	74ed  :   111;
	74ee  :   000;
	74ef  :   000;
	74f0  :   000;
	74f1  :   000;
	74f2  :   000;
	74f3  :   000;
	74f4  :   000;
	74f5  :   000;
	74f6  :   000;
	74f7  :   000;
	74f8  :   000;
	74f9  :   000;
	74fa  :   000;
	74fb  :   000;
	74fc  :   000;
	74fd  :   000;
	74fe  :   000;
	74ff  :   000;
	7500  :   000;
	7501  :   000;
	7502  :   000;
	7503  :   000;
	7504  :   000;
	7505  :   000;
	7506  :   000;
	7507  :   000;
	7508  :   000;
	7509  :   000;
	750a  :   000;
	750b  :   000;
	750c  :   000;
	750d  :   000;
	750e  :   000;
	750f  :   000;
	7510  :   000;
	7511  :   000;
	7512  :   000;
	7513  :   000;
	7514  :   000;
	7515  :   000;
	7516  :   000;
	7517  :   000;
	7518  :   000;
	7519  :   000;
	751a  :   000;
	751b  :   000;
	751c  :   000;
	751d  :   000;
	751e  :   000;
	751f  :   000;
	7520  :   000;
	7521  :   000;
	7522  :   000;
	7523  :   000;
	7524  :   000;
	7525  :   000;
	7526  :   000;
	7527  :   000;
	7528  :   000;
	7529  :   000;
	752a  :   000;
	752b  :   000;
	752c  :   000;
	752d  :   000;
	752e  :   000;
	752f  :   000;
	7530  :   000;
	7531  :   000;
	7532  :   000;
	7533  :   000;
	7534  :   000;
	7535  :   000;
	7536  :   000;
	7537  :   000;
	7538  :   000;
	7539  :   000;
	753a  :   000;
	753b  :   000;
	753c  :   000;
	753d  :   000;
	753e  :   000;
	753f  :   000;
	7540  :   000;
	7541  :   000;
	7542  :   000;
	7543  :   000;
	7544  :   000;
	7545  :   000;
	7546  :   000;
	7547  :   000;
	7548  :   000;
	7549  :   000;
	754a  :   000;
	754b  :   000;
	754c  :   000;
	754d  :   000;
	754e  :   000;
	754f  :   000;
	7550  :   000;
	7551  :   000;
	7552  :   000;
	7553  :   000;
	7554  :   000;
	7555  :   000;
	7556  :   000;
	7557  :   000;
	7558  :   000;
	7559  :   000;
	755a  :   000;
	755b  :   000;
	755c  :   000;
	755d  :   000;
	755e  :   000;
	755f  :   111;
	7560  :   111;
	7561  :   111;
	7562  :   111;
	7563  :   111;
	7564  :   111;
	7565  :   000;
	7566  :   000;
	7567  :   000;
	7568  :   000;
	7569  :   000;
	756a  :   000;
	756b  :   000;
	756c  :   000;
	756d  :   000;
	756e  :   000;
	756f  :   000;
	7570  :   000;
	7571  :   000;
	7572  :   000;
	7573  :   000;
	7574  :   000;
	7575  :   000;
	7576  :   000;
	7577  :   000;
	7578  :   000;
	7579  :   000;
	757a  :   000;
	757b  :   000;
	757c  :   000;
	757d  :   000;
	757e  :   000;
	757f  :   000;
	7580  :   000;
	7581  :   111;
	7582  :   111;
	7583  :   111;
	7584  :   111;
	7585  :   111;
	7586  :   111;
	7587  :   111;
	7588  :   111;
	7589  :   111;
	758a  :   111;
	758b  :   000;
	758c  :   000;
	758d  :   000;
	758e  :   000;
	758f  :   000;
	7590  :   111;
	7591  :   111;
	7592  :   111;
	7593  :   000;
	7594  :   111;
	7595  :   111;
	7596  :   111;
	7597  :   111;
	7598  :   000;
	7599  :   000;
	759a  :   000;
	759b  :   000;
	759c  :   000;
	759d  :   111;
	759e  :   111;
	759f  :   111;
	75a0  :   111;
	75a1  :   000;
	75a2  :   000;
	75a3  :   000;
	75a4  :   000;
	75a5  :   000;
	75a6  :   000;
	75a7  :   000;
	75a8  :   000;
	75a9  :   000;
	75aa  :   000;
	75ab  :   000;
	75ac  :   111;
	75ad  :   111;
	75ae  :   111;
	75af  :   111;
	75b0  :   111;
	75b1  :   111;
	75b2  :   111;
	75b3  :   111;
	75b4  :   111;
	75b5  :   111;
	75b6  :   111;
	75b7  :   000;
	75b8  :   000;
	75b9  :   000;
	75ba  :   000;
	75bb  :   111;
	75bc  :   111;
	75bd  :   111;
	75be  :   111;
	75bf  :   000;
	75c0  :   000;
	75c1  :   000;
	75c2  :   000;
	75c3  :   111;
	75c4  :   111;
	75c5  :   111;
	75c6  :   111;
	75c7  :   000;
	75c8  :   000;
	75c9  :   000;
	75ca  :   111;
	75cb  :   111;
	75cc  :   111;
	75cd  :   111;
	75ce  :   000;
	75cf  :   000;
	75d0  :   000;
	75d1  :   000;
	75d2  :   000;
	75d3  :   000;
	75d4  :   000;
	75d5  :   000;
	75d6  :   000;
	75d7  :   000;
	75d8  :   000;
	75d9  :   000;
	75da  :   000;
	75db  :   000;
	75dc  :   000;
	75dd  :   000;
	75de  :   000;
	75df  :   000;
	75e0  :   000;
	75e1  :   000;
	75e2  :   000;
	75e3  :   000;
	75e4  :   000;
	75e5  :   000;
	75e6  :   000;
	75e7  :   000;
	75e8  :   000;
	75e9  :   000;
	75ea  :   000;
	75eb  :   000;
	75ec  :   000;
	75ed  :   000;
	75ee  :   000;
	75ef  :   000;
	75f0  :   000;
	75f1  :   000;
	75f2  :   000;
	75f3  :   000;
	75f4  :   000;
	75f5  :   000;
	75f6  :   000;
	75f7  :   000;
	75f8  :   000;
	75f9  :   000;
	75fa  :   000;
	75fb  :   000;
	75fc  :   000;
	75fd  :   000;
	75fe  :   000;
	75ff  :   000;
	7600  :   000;
	7601  :   000;
	7602  :   000;
	7603  :   000;
	7604  :   000;
	7605  :   000;
	7606  :   000;
	7607  :   000;
	7608  :   000;
	7609  :   000;
	760a  :   000;
	760b  :   000;
	760c  :   000;
	760d  :   000;
	760e  :   000;
	760f  :   000;
	7610  :   000;
	7611  :   000;
	7612  :   000;
	7613  :   000;
	7614  :   000;
	7615  :   000;
	7616  :   000;
	7617  :   000;
	7618  :   000;
	7619  :   000;
	761a  :   000;
	761b  :   000;
	761c  :   000;
	761d  :   000;
	761e  :   000;
	761f  :   000;
	7620  :   000;
	7621  :   000;
	7622  :   000;
	7623  :   000;
	7624  :   000;
	7625  :   000;
	7626  :   000;
	7627  :   000;
	7628  :   000;
	7629  :   000;
	762a  :   000;
	762b  :   000;
	762c  :   000;
	762d  :   000;
	762e  :   000;
	762f  :   000;
	7630  :   000;
	7631  :   000;
	7632  :   000;
	7633  :   000;
	7634  :   000;
	7635  :   000;
	7636  :   000;
	7637  :   000;
	7638  :   000;
	7639  :   000;
	763a  :   000;
	763b  :   000;
	763c  :   000;
	763d  :   000;
	763e  :   000;
	763f  :   111;
	7640  :   111;
	7641  :   111;
	7642  :   000;
	7643  :   000;
	7644  :   000;
	7645  :   000;
	7646  :   000;
	7647  :   000;
	7648  :   000;
	7649  :   000;
	764a  :   000;
	764b  :   000;
	764c  :   000;
	764d  :   000;
	764e  :   000;
	764f  :   000;
	7650  :   000;
	7651  :   000;
	7652  :   000;
	7653  :   000;
	7654  :   000;
	7655  :   000;
	7656  :   000;
	7657  :   000;
	7658  :   000;
	7659  :   000;
	765a  :   000;
	765b  :   000;
	765c  :   000;
	765d  :   000;
	765e  :   000;
	765f  :   000;
	7660  :   111;
	7661  :   111;
	7662  :   111;
	7663  :   111;
	7664  :   111;
	7665  :   111;
	7666  :   111;
	7667  :   111;
	7668  :   111;
	7669  :   111;
	766a  :   111;
	766b  :   111;
	766c  :   000;
	766d  :   000;
	766e  :   000;
	766f  :   000;
	7670  :   111;
	7671  :   111;
	7672  :   111;
	7673  :   000;
	7674  :   111;
	7675  :   111;
	7676  :   111;
	7677  :   111;
	7678  :   111;
	7679  :   000;
	767a  :   000;
	767b  :   000;
	767c  :   000;
	767d  :   111;
	767e  :   111;
	767f  :   111;
	7680  :   111;
	7681  :   111;
	7682  :   000;
	7683  :   000;
	7684  :   000;
	7685  :   000;
	7686  :   111;
	7687  :   000;
	7688  :   000;
	7689  :   000;
	768a  :   000;
	768b  :   111;
	768c  :   111;
	768d  :   111;
	768e  :   111;
	768f  :   111;
	7690  :   111;
	7691  :   111;
	7692  :   111;
	7693  :   111;
	7694  :   111;
	7695  :   111;
	7696  :   111;
	7697  :   000;
	7698  :   000;
	7699  :   000;
	769a  :   000;
	769b  :   111;
	769c  :   111;
	769d  :   111;
	769e  :   111;
	769f  :   000;
	76a0  :   000;
	76a1  :   000;
	76a2  :   111;
	76a3  :   111;
	76a4  :   111;
	76a5  :   111;
	76a6  :   000;
	76a7  :   000;
	76a8  :   000;
	76a9  :   000;
	76aa  :   111;
	76ab  :   111;
	76ac  :   111;
	76ad  :   111;
	76ae  :   000;
	76af  :   000;
	76b0  :   000;
	76b1  :   000;
	76b2  :   000;
	76b3  :   000;
	76b4  :   000;
	76b5  :   000;
	76b6  :   000;
	76b7  :   000;
	76b8  :   000;
	76b9  :   000;
	76ba  :   000;
	76bb  :   000;
	76bc  :   000;
	76bd  :   000;
	76be  :   000;
	76bf  :   000;
	76c0  :   000;
	76c1  :   000;
	76c2  :   000;
	76c3  :   000;
	76c4  :   000;
	76c5  :   000;
	76c6  :   000;
	76c7  :   000;
	76c8  :   000;
	76c9  :   000;
	76ca  :   000;
	76cb  :   000;
	76cc  :   000;
	76cd  :   000;
	76ce  :   000;
	76cf  :   000;
	76d0  :   000;
	76d1  :   000;
	76d2  :   000;
	76d3  :   000;
	76d4  :   000;
	76d5  :   000;
	76d6  :   000;
	76d7  :   000;
	76d8  :   000;
	76d9  :   000;
	76da  :   000;
	76db  :   000;
	76dc  :   000;
	76dd  :   000;
	76de  :   000;
	76df  :   000;
	76e0  :   000;
	76e1  :   000;
	76e2  :   000;
	76e3  :   000;
	76e4  :   000;
	76e5  :   000;
	76e6  :   000;
	76e7  :   000;
	76e8  :   000;
	76e9  :   000;
	76ea  :   000;
	76eb  :   000;
	76ec  :   000;
	76ed  :   000;
	76ee  :   000;
	76ef  :   000;
	76f0  :   000;
	76f1  :   000;
	76f2  :   000;
	76f3  :   000;
	76f4  :   000;
	76f5  :   000;
	76f6  :   000;
	76f7  :   000;
	76f8  :   000;
	76f9  :   000;
	76fa  :   000;
	76fb  :   000;
	76fc  :   000;
	76fd  :   000;
	76fe  :   000;
	76ff  :   000;
	7700  :   000;
	7701  :   000;
	7702  :   000;
	7703  :   000;
	7704  :   000;
	7705  :   000;
	7706  :   000;
	7707  :   000;
	7708  :   000;
	7709  :   000;
	770a  :   000;
	770b  :   000;
	770c  :   000;
	770d  :   000;
	770e  :   000;
	770f  :   000;
	7710  :   000;
	7711  :   000;
	7712  :   000;
	7713  :   000;
	7714  :   000;
	7715  :   000;
	7716  :   000;
	7717  :   000;
	7718  :   000;
	7719  :   000;
	771a  :   000;
	771b  :   000;
	771c  :   000;
	771d  :   000;
	771e  :   000;
	771f  :   000;
	7720  :   000;
	7721  :   000;
	7722  :   000;
	7723  :   000;
	7724  :   000;
	7725  :   000;
	7726  :   000;
	7727  :   000;
	7728  :   000;
	7729  :   000;
	772a  :   000;
	772b  :   000;
	772c  :   000;
	772d  :   000;
	772e  :   000;
	772f  :   000;
	7730  :   000;
	7731  :   000;
	7732  :   000;
	7733  :   000;
	7734  :   000;
	7735  :   000;
	7736  :   000;
	7737  :   000;
	7738  :   000;
	7739  :   000;
	773a  :   000;
	773b  :   000;
	773c  :   000;
	773d  :   000;
	773e  :   000;
	773f  :   000;
	7740  :   111;
	7741  :   111;
	7742  :   111;
	7743  :   111;
	7744  :   000;
	7745  :   000;
	7746  :   000;
	7747  :   000;
	7748  :   111;
	7749  :   111;
	774a  :   111;
	774b  :   111;
	774c  :   000;
	774d  :   000;
	774e  :   000;
	774f  :   000;
	7750  :   111;
	7751  :   111;
	7752  :   111;
	7753  :   000;
	7754  :   000;
	7755  :   111;
	7756  :   111;
	7757  :   111;
	7758  :   111;
	7759  :   000;
	775a  :   000;
	775b  :   000;
	775c  :   000;
	775d  :   000;
	775e  :   111;
	775f  :   111;
	7760  :   111;
	7761  :   111;
	7762  :   111;
	7763  :   000;
	7764  :   111;
	7765  :   111;
	7766  :   111;
	7767  :   111;
	7768  :   000;
	7769  :   000;
	776a  :   000;
	776b  :   111;
	776c  :   111;
	776d  :   111;
	776e  :   111;
	776f  :   000;
	7770  :   000;
	7771  :   000;
	7772  :   000;
	7773  :   111;
	7774  :   111;
	7775  :   111;
	7776  :   111;
	7777  :   000;
	7778  :   000;
	7779  :   000;
	777a  :   000;
	777b  :   111;
	777c  :   111;
	777d  :   111;
	777e  :   111;
	777f  :   111;
	7780  :   111;
	7781  :   111;
	7782  :   111;
	7783  :   111;
	7784  :   111;
	7785  :   111;
	7786  :   000;
	7787  :   000;
	7788  :   000;
	7789  :   000;
	778a  :   111;
	778b  :   111;
	778c  :   111;
	778d  :   111;
	778e  :   111;
	778f  :   111;
	7790  :   111;
	7791  :   111;
	7792  :   111;
	7793  :   111;
	7794  :   000;
	7795  :   000;
	7796  :   000;
	7797  :   000;
	7798  :   000;
	7799  :   000;
	779a  :   000;
	779b  :   000;
	779c  :   000;
	779d  :   000;
	779e  :   000;
	779f  :   000;
	77a0  :   000;
	77a1  :   000;
	77a2  :   000;
	77a3  :   000;
	77a4  :   000;
	77a5  :   000;
	77a6  :   000;
	77a7  :   000;
	77a8  :   000;
	77a9  :   000;
	77aa  :   000;
	77ab  :   000;
	77ac  :   000;
	77ad  :   000;
	77ae  :   000;
	77af  :   000;
	77b0  :   000;
	77b1  :   000;
	77b2  :   000;
	77b3  :   000;
	77b4  :   000;
	77b5  :   000;
	77b6  :   000;
	77b7  :   000;
	77b8  :   000;
	77b9  :   000;
	77ba  :   000;
	77bb  :   000;
	77bc  :   000;
	77bd  :   000;
	77be  :   000;
	77bf  :   000;
	77c0  :   000;
	77c1  :   000;
	77c2  :   000;
	77c3  :   000;
	77c4  :   000;
	77c5  :   000;
	77c6  :   000;
	77c7  :   000;
	77c8  :   000;
	77c9  :   000;
	77ca  :   000;
	77cb  :   000;
	77cc  :   000;
	77cd  :   000;
	77ce  :   000;
	77cf  :   000;
	77d0  :   000;
	77d1  :   000;
	77d2  :   000;
	77d3  :   000;
	77d4  :   000;
	77d5  :   000;
	77d6  :   000;
	77d7  :   000;
	77d8  :   000;
	77d9  :   000;
	77da  :   000;
	77db  :   000;
	77dc  :   000;
	77dd  :   000;
	77de  :   000;
	77df  :   000;
	77e0  :   000;
	77e1  :   000;
	77e2  :   000;
	77e3  :   000;
	77e4  :   000;
	77e5  :   000;
	77e6  :   000;
	77e7  :   000;
	77e8  :   000;
	77e9  :   000;
	77ea  :   000;
	77eb  :   000;
	77ec  :   000;
	77ed  :   000;
	77ee  :   000;
	77ef  :   000;
	77f0  :   000;
	77f1  :   000;
	77f2  :   000;
	77f3  :   000;
	77f4  :   000;
	77f5  :   000;
	77f6  :   000;
	77f7  :   000;
	77f8  :   000;
	77f9  :   000;
	77fa  :   000;
	77fb  :   000;
	77fc  :   000;
	77fd  :   000;
	77fe  :   000;
	77ff  :   000;
	7800  :   000;
	7801  :   000;
	7802  :   000;
	7803  :   000;
	7804  :   000;
	7805  :   000;
	7806  :   000;
	7807  :   000;
	7808  :   000;
	7809  :   000;
	780a  :   000;
	780b  :   000;
	780c  :   000;
	780d  :   000;
	780e  :   000;
	780f  :   000;
	7810  :   000;
	7811  :   000;
	7812  :   000;
	7813  :   000;
	7814  :   000;
	7815  :   000;
	7816  :   000;
	7817  :   000;
	7818  :   000;
	7819  :   000;
	781a  :   000;
	781b  :   000;
	781c  :   000;
	781d  :   000;
	781e  :   000;
	781f  :   000;
	7820  :   111;
	7821  :   111;
	7822  :   111;
	7823  :   111;
	7824  :   000;
	7825  :   000;
	7826  :   000;
	7827  :   000;
	7828  :   111;
	7829  :   111;
	782a  :   111;
	782b  :   111;
	782c  :   000;
	782d  :   000;
	782e  :   000;
	782f  :   000;
	7830  :   111;
	7831  :   111;
	7832  :   111;
	7833  :   000;
	7834  :   000;
	7835  :   000;
	7836  :   111;
	7837  :   111;
	7838  :   111;
	7839  :   111;
	783a  :   000;
	783b  :   000;
	783c  :   000;
	783d  :   000;
	783e  :   111;
	783f  :   111;
	7840  :   111;
	7841  :   111;
	7842  :   111;
	7843  :   111;
	7844  :   111;
	7845  :   111;
	7846  :   111;
	7847  :   111;
	7848  :   000;
	7849  :   000;
	784a  :   000;
	784b  :   111;
	784c  :   111;
	784d  :   111;
	784e  :   111;
	784f  :   000;
	7850  :   000;
	7851  :   000;
	7852  :   000;
	7853  :   111;
	7854  :   111;
	7855  :   111;
	7856  :   111;
	7857  :   000;
	7858  :   000;
	7859  :   000;
	785a  :   000;
	785b  :   111;
	785c  :   111;
	785d  :   111;
	785e  :   111;
	785f  :   111;
	7860  :   111;
	7861  :   111;
	7862  :   111;
	7863  :   111;
	7864  :   111;
	7865  :   000;
	7866  :   000;
	7867  :   000;
	7868  :   000;
	7869  :   000;
	786a  :   111;
	786b  :   111;
	786c  :   111;
	786d  :   111;
	786e  :   111;
	786f  :   111;
	7870  :   111;
	7871  :   111;
	7872  :   111;
	7873  :   111;
	7874  :   000;
	7875  :   000;
	7876  :   000;
	7877  :   000;
	7878  :   000;
	7879  :   000;
	787a  :   000;
	787b  :   000;
	787c  :   000;
	787d  :   000;
	787e  :   000;
	787f  :   000;
	7880  :   000;
	7881  :   000;
	7882  :   000;
	7883  :   000;
	7884  :   000;
	7885  :   000;
	7886  :   000;
	7887  :   000;
	7888  :   000;
	7889  :   000;
	788a  :   000;
	788b  :   000;
	788c  :   000;
	788d  :   000;
	788e  :   000;
	788f  :   000;
	7890  :   000;
	7891  :   000;
	7892  :   000;
	7893  :   000;
	7894  :   000;
	7895  :   000;
	7896  :   000;
	7897  :   000;
	7898  :   000;
	7899  :   000;
	789a  :   000;
	789b  :   000;
	789c  :   000;
	789d  :   000;
	789e  :   000;
	789f  :   000;
	78a0  :   000;
	78a1  :   000;
	78a2  :   000;
	78a3  :   000;
	78a4  :   000;
	78a5  :   000;
	78a6  :   000;
	78a7  :   000;
	78a8  :   000;
	78a9  :   000;
	78aa  :   000;
	78ab  :   000;
	78ac  :   000;
	78ad  :   000;
	78ae  :   000;
	78af  :   000;
	78b0  :   000;
	78b1  :   000;
	78b2  :   000;
	78b3  :   000;
	78b4  :   000;
	78b5  :   000;
	78b6  :   000;
	78b7  :   000;
	78b8  :   000;
	78b9  :   000;
	78ba  :   000;
	78bb  :   000;
	78bc  :   000;
	78bd  :   000;
	78be  :   000;
	78bf  :   000;
	78c0  :   000;
	78c1  :   000;
	78c2  :   000;
	78c3  :   000;
	78c4  :   000;
	78c5  :   000;
	78c6  :   000;
	78c7  :   000;
	78c8  :   000;
	78c9  :   000;
	78ca  :   000;
	78cb  :   000;
	78cc  :   000;
	78cd  :   000;
	78ce  :   000;
	78cf  :   000;
	78d0  :   000;
	78d1  :   000;
	78d2  :   000;
	78d3  :   000;
	78d4  :   000;
	78d5  :   000;
	78d6  :   000;
	78d7  :   000;
	78d8  :   000;
	78d9  :   000;
	78da  :   000;
	78db  :   000;
	78dc  :   000;
	78dd  :   000;
	78de  :   000;
	78df  :   000;
	78e0  :   000;
	78e1  :   000;
	78e2  :   000;
	78e3  :   000;
	78e4  :   000;
	78e5  :   000;
	78e6  :   000;
	78e7  :   000;
	78e8  :   000;
	78e9  :   000;
	78ea  :   000;
	78eb  :   000;
	78ec  :   000;
	78ed  :   000;
	78ee  :   000;
	78ef  :   000;
	78f0  :   000;
	78f1  :   000;
	78f2  :   000;
	78f3  :   000;
	78f4  :   000;
	78f5  :   000;
	78f6  :   000;
	78f7  :   000;
	78f8  :   000;
	78f9  :   000;
	78fa  :   000;
	78fb  :   000;
	78fc  :   000;
	78fd  :   000;
	78fe  :   000;
	78ff  :   111;
	7900  :   111;
	7901  :   111;
	7902  :   111;
	7903  :   000;
	7904  :   000;
	7905  :   000;
	7906  :   000;
	7907  :   000;
	7908  :   000;
	7909  :   111;
	790a  :   111;
	790b  :   111;
	790c  :   111;
	790d  :   000;
	790e  :   000;
	790f  :   000;
	7910  :   111;
	7911  :   111;
	7912  :   111;
	7913  :   000;
	7914  :   000;
	7915  :   000;
	7916  :   111;
	7917  :   111;
	7918  :   111;
	7919  :   111;
	791a  :   111;
	791b  :   000;
	791c  :   000;
	791d  :   000;
	791e  :   000;
	791f  :   111;
	7920  :   111;
	7921  :   111;
	7922  :   111;
	7923  :   111;
	7924  :   111;
	7925  :   111;
	7926  :   111;
	7927  :   111;
	7928  :   000;
	7929  :   000;
	792a  :   000;
	792b  :   111;
	792c  :   111;
	792d  :   111;
	792e  :   111;
	792f  :   000;
	7930  :   000;
	7931  :   000;
	7932  :   000;
	7933  :   000;
	7934  :   111;
	7935  :   111;
	7936  :   111;
	7937  :   111;
	7938  :   000;
	7939  :   000;
	793a  :   000;
	793b  :   111;
	793c  :   111;
	793d  :   111;
	793e  :   111;
	793f  :   111;
	7940  :   111;
	7941  :   111;
	7942  :   111;
	7943  :   111;
	7944  :   000;
	7945  :   000;
	7946  :   000;
	7947  :   000;
	7948  :   000;
	7949  :   000;
	794a  :   111;
	794b  :   111;
	794c  :   111;
	794d  :   111;
	794e  :   111;
	794f  :   111;
	7950  :   111;
	7951  :   111;
	7952  :   111;
	7953  :   111;
	7954  :   000;
	7955  :   000;
	7956  :   000;
	7957  :   000;
	7958  :   000;
	7959  :   000;
	795a  :   000;
	795b  :   000;
	795c  :   000;
	795d  :   000;
	795e  :   000;
	795f  :   000;
	7960  :   000;
	7961  :   000;
	7962  :   000;
	7963  :   000;
	7964  :   000;
	7965  :   000;
	7966  :   000;
	7967  :   000;
	7968  :   000;
	7969  :   000;
	796a  :   000;
	796b  :   000;
	796c  :   000;
	796d  :   000;
	796e  :   000;
	796f  :   000;
	7970  :   000;
	7971  :   000;
	7972  :   000;
	7973  :   000;
	7974  :   000;
	7975  :   000;
	7976  :   000;
	7977  :   000;
	7978  :   000;
	7979  :   000;
	797a  :   000;
	797b  :   000;
	797c  :   000;
	797d  :   000;
	797e  :   000;
	797f  :   000;
	7980  :   000;
	7981  :   000;
	7982  :   000;
	7983  :   000;
	7984  :   000;
	7985  :   000;
	7986  :   000;
	7987  :   000;
	7988  :   000;
	7989  :   000;
	798a  :   000;
	798b  :   000;
	798c  :   000;
	798d  :   000;
	798e  :   000;
	798f  :   000;
	7990  :   000;
	7991  :   000;
	7992  :   000;
	7993  :   000;
	7994  :   000;
	7995  :   000;
	7996  :   000;
	7997  :   000;
	7998  :   000;
	7999  :   000;
	799a  :   000;
	799b  :   000;
	799c  :   000;
	799d  :   000;
	799e  :   000;
	799f  :   000;
	79a0  :   000;
	79a1  :   000;
	79a2  :   000;
	79a3  :   000;
	79a4  :   000;
	79a5  :   000;
	79a6  :   000;
	79a7  :   000;
	79a8  :   000;
	79a9  :   000;
	79aa  :   000;
	79ab  :   000;
	79ac  :   000;
	79ad  :   000;
	79ae  :   000;
	79af  :   000;
	79b0  :   000;
	79b1  :   000;
	79b2  :   000;
	79b3  :   000;
	79b4  :   000;
	79b5  :   000;
	79b6  :   000;
	79b7  :   000;
	79b8  :   000;
	79b9  :   000;
	79ba  :   000;
	79bb  :   000;
	79bc  :   000;
	79bd  :   000;
	79be  :   000;
	79bf  :   000;
	79c0  :   000;
	79c1  :   000;
	79c2  :   000;
	79c3  :   000;
	79c4  :   000;
	79c5  :   000;
	79c6  :   000;
	79c7  :   000;
	79c8  :   000;
	79c9  :   000;
	79ca  :   000;
	79cb  :   000;
	79cc  :   000;
	79cd  :   000;
	79ce  :   000;
	79cf  :   000;
	79d0  :   000;
	79d1  :   000;
	79d2  :   000;
	79d3  :   000;
	79d4  :   000;
	79d5  :   000;
	79d6  :   000;
	79d7  :   000;
	79d8  :   000;
	79d9  :   000;
	79da  :   000;
	79db  :   000;
	79dc  :   000;
	79dd  :   000;
	79de  :   000;
	79df  :   111;
	79e0  :   111;
	79e1  :   111;
	79e2  :   111;
	79e3  :   000;
	79e4  :   000;
	79e5  :   000;
	79e6  :   000;
	79e7  :   000;
	79e8  :   000;
	79e9  :   111;
	79ea  :   111;
	79eb  :   111;
	79ec  :   111;
	79ed  :   000;
	79ee  :   000;
	79ef  :   000;
	79f0  :   111;
	79f1  :   111;
	79f2  :   111;
	79f3  :   000;
	79f4  :   000;
	79f5  :   000;
	79f6  :   000;
	79f7  :   111;
	79f8  :   111;
	79f9  :   111;
	79fa  :   111;
	79fb  :   000;
	79fc  :   000;
	79fd  :   000;
	79fe  :   000;
	79ff  :   000;
	7a00  :   111;
	7a01  :   111;
	7a02  :   111;
	7a03  :   111;
	7a04  :   111;
	7a05  :   111;
	7a06  :   111;
	7a07  :   000;
	7a08  :   000;
	7a09  :   000;
	7a0a  :   000;
	7a0b  :   111;
	7a0c  :   111;
	7a0d  :   111;
	7a0e  :   000;
	7a0f  :   000;
	7a10  :   000;
	7a11  :   000;
	7a12  :   000;
	7a13  :   000;
	7a14  :   111;
	7a15  :   111;
	7a16  :   111;
	7a17  :   111;
	7a18  :   000;
	7a19  :   000;
	7a1a  :   000;
	7a1b  :   111;
	7a1c  :   111;
	7a1d  :   111;
	7a1e  :   111;
	7a1f  :   111;
	7a20  :   111;
	7a21  :   111;
	7a22  :   111;
	7a23  :   000;
	7a24  :   000;
	7a25  :   000;
	7a26  :   000;
	7a27  :   000;
	7a28  :   000;
	7a29  :   000;
	7a2a  :   000;
	7a2b  :   111;
	7a2c  :   111;
	7a2d  :   111;
	7a2e  :   111;
	7a2f  :   111;
	7a30  :   111;
	7a31  :   111;
	7a32  :   111;
	7a33  :   111;
	7a34  :   000;
	7a35  :   000;
	7a36  :   000;
	7a37  :   000;
	7a38  :   000;
	7a39  :   000;
	7a3a  :   000;
	7a3b  :   000;
	7a3c  :   000;
	7a3d  :   000;
	7a3e  :   000;
	7a3f  :   000;
	7a40  :   000;
	7a41  :   000;
	7a42  :   000;
	7a43  :   000;
	7a44  :   000;
	7a45  :   000;
	7a46  :   000;
	7a47  :   000;
	7a48  :   000;
	7a49  :   000;
	7a4a  :   000;
	7a4b  :   000;
	7a4c  :   000;
	7a4d  :   000;
	7a4e  :   000;
	7a4f  :   000;
	7a50  :   000;
	7a51  :   000;
	7a52  :   000;
	7a53  :   000;
	7a54  :   000;
	7a55  :   000;
	7a56  :   000;
	7a57  :   000;
	7a58  :   000;
	7a59  :   000;
	7a5a  :   000;
	7a5b  :   000;
	7a5c  :   000;
	7a5d  :   000;
	7a5e  :   000;
	7a5f  :   000;
	7a60  :   000;
	7a61  :   000;
	7a62  :   000;
	7a63  :   000;
	7a64  :   000;
	7a65  :   000;
	7a66  :   000;
	7a67  :   000;
	7a68  :   000;
	7a69  :   000;
	7a6a  :   000;
	7a6b  :   000;
	7a6c  :   000;
	7a6d  :   000;
	7a6e  :   000;
	7a6f  :   000;
	7a70  :   000;
	7a71  :   000;
	7a72  :   000;
	7a73  :   000;
	7a74  :   000;
	7a75  :   000;
	7a76  :   000;
	7a77  :   000;
	7a78  :   000;
	7a79  :   000;
	7a7a  :   000;
	7a7b  :   000;
	7a7c  :   000;
	7a7d  :   000;
	7a7e  :   000;
	7a7f  :   000;
	7a80  :   000;
	7a81  :   000;
	7a82  :   000;
	7a83  :   000;
	7a84  :   000;
	7a85  :   000;
	7a86  :   000;
	7a87  :   000;
	7a88  :   000;
	7a89  :   000;
	7a8a  :   000;
	7a8b  :   000;
	7a8c  :   000;
	7a8d  :   000;
	7a8e  :   000;
	7a8f  :   000;
	7a90  :   000;
	7a91  :   000;
	7a92  :   000;
	7a93  :   000;
	7a94  :   000;
	7a95  :   000;
	7a96  :   000;
	7a97  :   000;
	7a98  :   000;
	7a99  :   000;
	7a9a  :   000;
	7a9b  :   000;
	7a9c  :   000;
	7a9d  :   000;
	7a9e  :   000;
	7a9f  :   000;
	7aa0  :   000;
	7aa1  :   000;
	7aa2  :   000;
	7aa3  :   000;
	7aa4  :   000;
	7aa5  :   000;
	7aa6  :   000;
	7aa7  :   000;
	7aa8  :   000;
	7aa9  :   000;
	7aaa  :   000;
	7aab  :   000;
	7aac  :   000;
	7aad  :   000;
	7aae  :   000;
	7aaf  :   000;
	7ab0  :   000;
	7ab1  :   000;
	7ab2  :   000;
	7ab3  :   000;
	7ab4  :   000;
	7ab5  :   000;
	7ab6  :   000;
	7ab7  :   000;
	7ab8  :   000;
	7ab9  :   000;
	7aba  :   000;
	7abb  :   000;
	7abc  :   000;
	7abd  :   000;
	7abe  :   000;
	7abf  :   000;
	7ac0  :   000;
	7ac1  :   000;
	7ac2  :   000;
	7ac3  :   000;
	7ac4  :   000;
	7ac5  :   000;
	7ac6  :   000;
	7ac7  :   000;
	7ac8  :   000;
	7ac9  :   000;
	7aca  :   000;
	7acb  :   000;
	7acc  :   000;
	7acd  :   000;
	7ace  :   000;
	7acf  :   000;
	7ad0  :   000;
	7ad1  :   000;
	7ad2  :   000;
	7ad3  :   000;
	7ad4  :   000;
	7ad5  :   000;
	7ad6  :   000;
	7ad7  :   000;
	7ad8  :   000;
	7ad9  :   000;
	7ada  :   000;
	7adb  :   000;
	7adc  :   000;
	7add  :   000;
	7ade  :   000;
	7adf  :   000;
	7ae0  :   000;
	7ae1  :   000;
	7ae2  :   000;
	7ae3  :   000;
	7ae4  :   000;
	7ae5  :   000;
	7ae6  :   000;
	7ae7  :   000;
	7ae8  :   000;
	7ae9  :   000;
	7aea  :   000;
	7aeb  :   000;
	7aec  :   000;
	7aed  :   000;
	7aee  :   000;
	7aef  :   000;
	7af0  :   000;
	7af1  :   000;
	7af2  :   000;
	7af3  :   000;
	7af4  :   000;
	7af5  :   000;
	7af6  :   000;
	7af7  :   000;
	7af8  :   000;
	7af9  :   000;
	7afa  :   000;
	7afb  :   000;
	7afc  :   000;
	7afd  :   000;
	7afe  :   000;
	7aff  :   000;
	7b00  :   000;
	7b01  :   000;
	7b02  :   000;
	7b03  :   000;
	7b04  :   000;
	7b05  :   000;
	7b06  :   000;
	7b07  :   000;
	7b08  :   000;
	7b09  :   000;
	7b0a  :   000;
	7b0b  :   000;
	7b0c  :   000;
	7b0d  :   000;
	7b0e  :   000;
	7b0f  :   000;
	7b10  :   000;
	7b11  :   000;
	7b12  :   000;
	7b13  :   000;
	7b14  :   000;
	7b15  :   000;
	7b16  :   000;
	7b17  :   000;
	7b18  :   000;
	7b19  :   000;
	7b1a  :   000;
	7b1b  :   000;
	7b1c  :   000;
	7b1d  :   000;
	7b1e  :   000;
	7b1f  :   000;
	7b20  :   000;
	7b21  :   000;
	7b22  :   000;
	7b23  :   000;
	7b24  :   000;
	7b25  :   000;
	7b26  :   000;
	7b27  :   000;
	7b28  :   000;
	7b29  :   000;
	7b2a  :   000;
	7b2b  :   000;
	7b2c  :   000;
	7b2d  :   000;
	7b2e  :   000;
	7b2f  :   000;
	7b30  :   000;
	7b31  :   000;
	7b32  :   000;
	7b33  :   000;
	7b34  :   000;
	7b35  :   000;
	7b36  :   000;
	7b37  :   000;
	7b38  :   000;
	7b39  :   000;
	7b3a  :   000;
	7b3b  :   000;
	7b3c  :   000;
	7b3d  :   000;
	7b3e  :   000;
	7b3f  :   000;
	7b40  :   000;
	7b41  :   000;
	7b42  :   000;
	7b43  :   000;
	7b44  :   000;
	7b45  :   000;
	7b46  :   000;
	7b47  :   000;
	7b48  :   000;
	7b49  :   000;
	7b4a  :   000;
	7b4b  :   000;
	7b4c  :   000;
	7b4d  :   000;
	7b4e  :   000;
	7b4f  :   000;
	7b50  :   000;
	7b51  :   000;
	7b52  :   000;
	7b53  :   000;
	7b54  :   000;
	7b55  :   000;
	7b56  :   000;
	7b57  :   000;
	7b58  :   000;
	7b59  :   000;
	7b5a  :   000;
	7b5b  :   000;
	7b5c  :   000;
	7b5d  :   000;
	7b5e  :   000;
	7b5f  :   000;
	7b60  :   000;
	7b61  :   000;
	7b62  :   000;
	7b63  :   000;
	7b64  :   000;
	7b65  :   000;
	7b66  :   000;
	7b67  :   000;
	7b68  :   000;
	7b69  :   000;
	7b6a  :   000;
	7b6b  :   000;
	7b6c  :   000;
	7b6d  :   000;
	7b6e  :   000;
	7b6f  :   000;
	7b70  :   000;
	7b71  :   000;
	7b72  :   000;
	7b73  :   000;
	7b74  :   000;
	7b75  :   000;
	7b76  :   000;
	7b77  :   000;
	7b78  :   000;
	7b79  :   000;
	7b7a  :   000;
	7b7b  :   000;
	7b7c  :   000;
	7b7d  :   000;
	7b7e  :   000;
	7b7f  :   000;
	7b80  :   000;
	7b81  :   000;
	7b82  :   000;
	7b83  :   000;
	7b84  :   000;
	7b85  :   000;
	7b86  :   000;
	7b87  :   000;
	7b88  :   000;
	7b89  :   000;
	7b8a  :   000;
	7b8b  :   000;
	7b8c  :   000;
	7b8d  :   000;
	7b8e  :   000;
	7b8f  :   000;
	7b90  :   000;
	7b91  :   000;
	7b92  :   000;
	7b93  :   000;
	7b94  :   000;
	7b95  :   000;
	7b96  :   000;
	7b97  :   000;
	7b98  :   000;
	7b99  :   000;
	7b9a  :   000;
	7b9b  :   000;
	7b9c  :   000;
	7b9d  :   000;
	7b9e  :   000;
	7b9f  :   000;
	7ba0  :   000;
	7ba1  :   000;
	7ba2  :   000;
	7ba3  :   000;
	7ba4  :   000;
	7ba5  :   000;
	7ba6  :   000;
	7ba7  :   000;
	7ba8  :   000;
	7ba9  :   000;
	7baa  :   000;
	7bab  :   000;
	7bac  :   000;
	7bad  :   000;
	7bae  :   000;
	7baf  :   000;
	7bb0  :   000;
	7bb1  :   000;
	7bb2  :   000;
	7bb3  :   000;
	7bb4  :   000;
	7bb5  :   000;
	7bb6  :   000;
	7bb7  :   000;
	7bb8  :   000;
	7bb9  :   000;
	7bba  :   000;
	7bbb  :   000;
	7bbc  :   000;
	7bbd  :   000;
	7bbe  :   000;
	7bbf  :   000;
	7bc0  :   000;
	7bc1  :   000;
	7bc2  :   000;
	7bc3  :   000;
	7bc4  :   000;
	7bc5  :   000;
	7bc6  :   000;
	7bc7  :   000;
	7bc8  :   000;
	7bc9  :   000;
	7bca  :   000;
	7bcb  :   000;
	7bcc  :   000;
	7bcd  :   000;
	7bce  :   000;
	7bcf  :   000;
	7bd0  :   000;
	7bd1  :   000;
	7bd2  :   000;
	7bd3  :   000;
	7bd4  :   000;
	7bd5  :   000;
	7bd6  :   000;
	7bd7  :   000;
	7bd8  :   000;
	7bd9  :   000;
	7bda  :   000;
	7bdb  :   000;
	7bdc  :   000;
	7bdd  :   000;
	7bde  :   000;
	7bdf  :   000;
	7be0  :   000;
	7be1  :   000;
	7be2  :   000;
	7be3  :   000;
	7be4  :   000;
	7be5  :   000;
	7be6  :   000;
	7be7  :   000;
	7be8  :   000;
	7be9  :   000;
	7bea  :   000;
	7beb  :   000;
	7bec  :   000;
	7bed  :   000;
	7bee  :   000;
	7bef  :   000;
	7bf0  :   000;
	7bf1  :   000;
	7bf2  :   000;
	7bf3  :   000;
	7bf4  :   000;
	7bf5  :   000;
	7bf6  :   000;
	7bf7  :   000;
	7bf8  :   000;
	7bf9  :   000;
	7bfa  :   000;
	7bfb  :   000;
	7bfc  :   000;
	7bfd  :   000;
	7bfe  :   000;
	7bff  :   000;
	7c00  :   000;
	7c01  :   000;
	7c02  :   000;
	7c03  :   000;
	7c04  :   000;
	7c05  :   000;
	7c06  :   000;
	7c07  :   000;
	7c08  :   000;
	7c09  :   000;
	7c0a  :   000;
	7c0b  :   000;
	7c0c  :   000;
	7c0d  :   000;
	7c0e  :   000;
	7c0f  :   000;
	7c10  :   000;
	7c11  :   000;
	7c12  :   000;
	7c13  :   000;
	7c14  :   000;
	7c15  :   000;
	7c16  :   000;
	7c17  :   000;
	7c18  :   000;
	7c19  :   000;
	7c1a  :   000;
	7c1b  :   000;
	7c1c  :   000;
	7c1d  :   000;
	7c1e  :   000;
	7c1f  :   000;
	7c20  :   000;
	7c21  :   000;
	7c22  :   000;
	7c23  :   000;
	7c24  :   000;
	7c25  :   000;
	7c26  :   000;
	7c27  :   000;
	7c28  :   000;
	7c29  :   000;
	7c2a  :   000;
	7c2b  :   000;
	7c2c  :   000;
	7c2d  :   000;
	7c2e  :   000;
	7c2f  :   000;
	7c30  :   000;
	7c31  :   000;
	7c32  :   000;
	7c33  :   000;
	7c34  :   000;
	7c35  :   000;
	7c36  :   000;
	7c37  :   000;
	7c38  :   000;
	7c39  :   000;
	7c3a  :   000;
	7c3b  :   000;
	7c3c  :   000;
	7c3d  :   000;
	7c3e  :   000;
	7c3f  :   000;
	7c40  :   000;
	7c41  :   000;
	7c42  :   000;
	7c43  :   000;
	7c44  :   000;
	7c45  :   000;
	7c46  :   000;
	7c47  :   000;
	7c48  :   000;
	7c49  :   000;
	7c4a  :   000;
	7c4b  :   000;
	7c4c  :   000;
	7c4d  :   000;
	7c4e  :   000;
	7c4f  :   000;
	7c50  :   000;
	7c51  :   000;
	7c52  :   000;
	7c53  :   000;
	7c54  :   000;
	7c55  :   000;
	7c56  :   000;
	7c57  :   000;
	7c58  :   000;
	7c59  :   000;
	7c5a  :   000;
	7c5b  :   000;
	7c5c  :   000;
	7c5d  :   000;
	7c5e  :   000;
	7c5f  :   000;
	7c60  :   000;
	7c61  :   000;
	7c62  :   000;
	7c63  :   000;
	7c64  :   000;
	7c65  :   000;
	7c66  :   000;
	7c67  :   000;
	7c68  :   000;
	7c69  :   000;
	7c6a  :   000;
	7c6b  :   000;
	7c6c  :   000;
	7c6d  :   000;
	7c6e  :   000;
	7c6f  :   000;
	7c70  :   000;
	7c71  :   000;
	7c72  :   000;
	7c73  :   000;
	7c74  :   000;
	7c75  :   000;
	7c76  :   000;
	7c77  :   000;
	7c78  :   000;
	7c79  :   000;
	7c7a  :   000;
	7c7b  :   000;
	7c7c  :   000;
	7c7d  :   000;
	7c7e  :   000;
	7c7f  :   000;
	7c80  :   000;
	7c81  :   000;
	7c82  :   000;
	7c83  :   000;
	7c84  :   000;
	7c85  :   000;
	7c86  :   000;
	7c87  :   000;
	7c88  :   000;
	7c89  :   000;
	7c8a  :   000;
	7c8b  :   000;
	7c8c  :   000;
	7c8d  :   000;
	7c8e  :   000;
	7c8f  :   000;
	7c90  :   000;
	7c91  :   000;
	7c92  :   000;
	7c93  :   000;
	7c94  :   000;
	7c95  :   000;
	7c96  :   000;
	7c97  :   000;
	7c98  :   000;
	7c99  :   000;
	7c9a  :   000;
	7c9b  :   000;
	7c9c  :   000;
	7c9d  :   000;
	7c9e  :   000;
	7c9f  :   000;
	7ca0  :   000;
	7ca1  :   000;
	7ca2  :   000;
	7ca3  :   000;
	7ca4  :   000;
	7ca5  :   000;
	7ca6  :   000;
	7ca7  :   000;
	7ca8  :   000;
	7ca9  :   000;
	7caa  :   000;
	7cab  :   000;
	7cac  :   000;
	7cad  :   000;
	7cae  :   000;
	7caf  :   000;
	7cb0  :   000;
	7cb1  :   000;
	7cb2  :   000;
	7cb3  :   000;
	7cb4  :   000;
	7cb5  :   000;
	7cb6  :   000;
	7cb7  :   000;
	7cb8  :   000;
	7cb9  :   000;
	7cba  :   000;
	7cbb  :   000;
	7cbc  :   000;
	7cbd  :   000;
	7cbe  :   000;
	7cbf  :   000;
	7cc0  :   000;
	7cc1  :   000;
	7cc2  :   000;
	7cc3  :   000;
	7cc4  :   000;
	7cc5  :   000;
	7cc6  :   000;
	7cc7  :   000;
	7cc8  :   000;
	7cc9  :   000;
	7cca  :   000;
	7ccb  :   000;
	7ccc  :   000;
	7ccd  :   000;
	7cce  :   000;
	7ccf  :   000;
	7cd0  :   000;
	7cd1  :   000;
	7cd2  :   000;
	7cd3  :   000;
	7cd4  :   000;
	7cd5  :   000;
	7cd6  :   000;
	7cd7  :   000;
	7cd8  :   000;
	7cd9  :   000;
	7cda  :   000;
	7cdb  :   000;
	7cdc  :   000;
	7cdd  :   000;
	7cde  :   000;
	7cdf  :   000;
	7ce0  :   000;
	7ce1  :   000;
	7ce2  :   000;
	7ce3  :   000;
	7ce4  :   000;
	7ce5  :   000;
	7ce6  :   000;
	7ce7  :   000;
	7ce8  :   000;
	7ce9  :   000;
	7cea  :   000;
	7ceb  :   000;
	7cec  :   000;
	7ced  :   000;
	7cee  :   000;
	7cef  :   000;
	7cf0  :   000;
	7cf1  :   000;
	7cf2  :   000;
	7cf3  :   000;
	7cf4  :   000;
	7cf5  :   000;
	7cf6  :   000;
	7cf7  :   000;
	7cf8  :   000;
	7cf9  :   000;
	7cfa  :   000;
	7cfb  :   000;
	7cfc  :   000;
	7cfd  :   000;
	7cfe  :   000;
	7cff  :   000;
	7d00  :   000;
	7d01  :   000;
	7d02  :   000;
	7d03  :   000;
	7d04  :   000;
	7d05  :   000;
	7d06  :   000;
	7d07  :   000;
	7d08  :   000;
	7d09  :   000;
	7d0a  :   000;
	7d0b  :   000;
	7d0c  :   000;
	7d0d  :   000;
	7d0e  :   000;
	7d0f  :   000;
	7d10  :   000;
	7d11  :   000;
	7d12  :   000;
	7d13  :   000;
	7d14  :   000;
	7d15  :   000;
	7d16  :   000;
	7d17  :   000;
	7d18  :   000;
	7d19  :   000;
	7d1a  :   000;
	7d1b  :   000;
	7d1c  :   000;
	7d1d  :   000;
	7d1e  :   000;
	7d1f  :   000;
	7d20  :   000;
	7d21  :   000;
	7d22  :   000;
	7d23  :   000;
	7d24  :   000;
	7d25  :   000;
	7d26  :   000;
	7d27  :   000;
	7d28  :   000;
	7d29  :   000;
	7d2a  :   000;
	7d2b  :   000;
	7d2c  :   000;
	7d2d  :   000;
	7d2e  :   000;
	7d2f  :   000;
	7d30  :   000;
	7d31  :   000;
	7d32  :   000;
	7d33  :   000;
	7d34  :   000;
	7d35  :   000;
	7d36  :   000;
	7d37  :   000;
	7d38  :   000;
	7d39  :   000;
	7d3a  :   000;
	7d3b  :   000;
	7d3c  :   000;
	7d3d  :   000;
	7d3e  :   000;
	7d3f  :   000;
	7d40  :   000;
	7d41  :   000;
	7d42  :   000;
	7d43  :   000;
	7d44  :   000;
	7d45  :   000;
	7d46  :   000;
	7d47  :   000;
	7d48  :   000;
	7d49  :   000;
	7d4a  :   000;
	7d4b  :   000;
	7d4c  :   000;
	7d4d  :   000;
	7d4e  :   000;
	7d4f  :   000;
	7d50  :   000;
	7d51  :   000;
	7d52  :   000;
	7d53  :   000;
	7d54  :   000;
	7d55  :   000;
	7d56  :   000;
	7d57  :   000;
	7d58  :   000;
	7d59  :   000;
	7d5a  :   000;
	7d5b  :   000;
	7d5c  :   000;
	7d5d  :   000;
	7d5e  :   000;
	7d5f  :   000;
	7d60  :   000;
	7d61  :   000;
	7d62  :   000;
	7d63  :   000;
	7d64  :   000;
	7d65  :   000;
	7d66  :   000;
	7d67  :   000;
	7d68  :   000;
	7d69  :   000;
	7d6a  :   000;
	7d6b  :   000;
	7d6c  :   000;
	7d6d  :   000;
	7d6e  :   000;
	7d6f  :   000;
	7d70  :   000;
	7d71  :   000;
	7d72  :   000;
	7d73  :   000;
	7d74  :   000;
	7d75  :   000;
	7d76  :   000;
	7d77  :   000;
	7d78  :   000;
	7d79  :   000;
	7d7a  :   000;
	7d7b  :   000;
	7d7c  :   000;
	7d7d  :   000;
	7d7e  :   000;
	7d7f  :   000;
	7d80  :   000;
	7d81  :   000;
	7d82  :   000;
	7d83  :   000;
	7d84  :   000;
	7d85  :   000;
	7d86  :   000;
	7d87  :   000;
	7d88  :   000;
	7d89  :   000;
	7d8a  :   000;
	7d8b  :   000;
	7d8c  :   000;
	7d8d  :   000;
	7d8e  :   000;
	7d8f  :   000;
	7d90  :   000;
	7d91  :   000;
	7d92  :   000;
	7d93  :   000;
	7d94  :   000;
	7d95  :   000;
	7d96  :   000;
	7d97  :   000;
	7d98  :   000;
	7d99  :   000;
	7d9a  :   000;
	7d9b  :   000;
	7d9c  :   000;
	7d9d  :   000;
	7d9e  :   000;
	7d9f  :   000;
	7da0  :   000;
	7da1  :   000;
	7da2  :   000;
	7da3  :   000;
	7da4  :   000;
	7da5  :   000;
	7da6  :   000;
	7da7  :   000;
	7da8  :   000;
	7da9  :   000;
	7daa  :   000;
	7dab  :   000;
	7dac  :   000;
	7dad  :   000;
	7dae  :   000;
	7daf  :   000;
	7db0  :   000;
	7db1  :   000;
	7db2  :   000;
	7db3  :   000;
	7db4  :   000;
	7db5  :   000;
	7db6  :   000;
	7db7  :   000;
	7db8  :   000;
	7db9  :   000;
	7dba  :   000;
	7dbb  :   000;
	7dbc  :   000;
	7dbd  :   000;
	7dbe  :   000;
	7dbf  :   000;
	7dc0  :   000;
	7dc1  :   000;
	7dc2  :   000;
	7dc3  :   000;
	7dc4  :   000;
	7dc5  :   000;
	7dc6  :   000;
	7dc7  :   000;
	7dc8  :   000;
	7dc9  :   000;
	7dca  :   000;
	7dcb  :   000;
	7dcc  :   000;
	7dcd  :   000;
	7dce  :   000;
	7dcf  :   000;
	7dd0  :   000;
	7dd1  :   000;
	7dd2  :   000;
	7dd3  :   000;
	7dd4  :   000;
	7dd5  :   000;
	7dd6  :   000;
	7dd7  :   000;
	7dd8  :   000;
	7dd9  :   000;
	7dda  :   000;
	7ddb  :   000;
	7ddc  :   000;
	7ddd  :   000;
	7dde  :   000;
	7ddf  :   000;
	7de0  :   000;
	7de1  :   000;
	7de2  :   000;
	7de3  :   000;
	7de4  :   000;
	7de5  :   000;
	7de6  :   000;
	7de7  :   000;
	7de8  :   000;
	7de9  :   000;
	7dea  :   000;
	7deb  :   000;
	7dec  :   000;
	7ded  :   000;
	7dee  :   000;
	7def  :   000;
	7df0  :   000;
	7df1  :   000;
	7df2  :   000;
	7df3  :   000;
	7df4  :   000;
	7df5  :   000;
	7df6  :   000;
	7df7  :   000;
	7df8  :   000;
	7df9  :   000;
	7dfa  :   000;
	7dfb  :   000;
	7dfc  :   000;
	7dfd  :   000;
	7dfe  :   000;
	7dff  :   000;
	7e00  :   000;
	7e01  :   000;
	7e02  :   000;
	7e03  :   000;
	7e04  :   000;
	7e05  :   000;
	7e06  :   000;
	7e07  :   000;
	7e08  :   000;
	7e09  :   000;
	7e0a  :   000;
	7e0b  :   000;
	7e0c  :   000;
	7e0d  :   000;
	7e0e  :   000;
	7e0f  :   000;
	7e10  :   000;
	7e11  :   000;
	7e12  :   000;
	7e13  :   000;
	7e14  :   000;
	7e15  :   000;
	7e16  :   000;
	7e17  :   000;
	7e18  :   000;
	7e19  :   000;
	7e1a  :   000;
	7e1b  :   000;
	7e1c  :   000;
	7e1d  :   000;
	7e1e  :   000;
	7e1f  :   000;
	7e20  :   000;
	7e21  :   000;
	7e22  :   000;
	7e23  :   000;
	7e24  :   000;
	7e25  :   000;
	7e26  :   000;
	7e27  :   000;
	7e28  :   000;
	7e29  :   000;
	7e2a  :   000;
	7e2b  :   000;
	7e2c  :   000;
	7e2d  :   000;
	7e2e  :   000;
	7e2f  :   000;
	7e30  :   000;
	7e31  :   000;
	7e32  :   000;
	7e33  :   000;
	7e34  :   000;
	7e35  :   000;
	7e36  :   000;
	7e37  :   000;
	7e38  :   000;
	7e39  :   000;
	7e3a  :   000;
	7e3b  :   000;
	7e3c  :   000;
	7e3d  :   000;
	7e3e  :   000;
	7e3f  :   000;
	7e40  :   000;
	7e41  :   000;
	7e42  :   000;
	7e43  :   000;
	7e44  :   000;
	7e45  :   000;
	7e46  :   000;
	7e47  :   000;
	7e48  :   000;
	7e49  :   000;
	7e4a  :   000;
	7e4b  :   000;
	7e4c  :   000;
	7e4d  :   000;
	7e4e  :   000;
	7e4f  :   000;
	7e50  :   000;
	7e51  :   000;
	7e52  :   000;
	7e53  :   000;
	7e54  :   000;
	7e55  :   000;
	7e56  :   000;
	7e57  :   000;
	7e58  :   000;
	7e59  :   000;
	7e5a  :   000;
	7e5b  :   000;
	7e5c  :   000;
	7e5d  :   000;
	7e5e  :   000;
	7e5f  :   000;
	7e60  :   000;
	7e61  :   000;
	7e62  :   000;
	7e63  :   000;
	7e64  :   000;
	7e65  :   000;
	7e66  :   000;
	7e67  :   000;
	7e68  :   000;
	7e69  :   000;
	7e6a  :   000;
	7e6b  :   000;
	7e6c  :   000;
	7e6d  :   000;
	7e6e  :   000;
	7e6f  :   000;
	7e70  :   000;
	7e71  :   000;
	7e72  :   000;
	7e73  :   000;
	7e74  :   000;
	7e75  :   000;
	7e76  :   000;
	7e77  :   000;
	7e78  :   000;
	7e79  :   000;
	7e7a  :   000;
	7e7b  :   000;
	7e7c  :   000;
	7e7d  :   000;
	7e7e  :   000;
	7e7f  :   000;
	7e80  :   000;
	7e81  :   000;
	7e82  :   000;
	7e83  :   000;
	7e84  :   000;
	7e85  :   000;
	7e86  :   000;
	7e87  :   000;
	7e88  :   000;
	7e89  :   000;
	7e8a  :   000;
	7e8b  :   000;
	7e8c  :   000;
	7e8d  :   000;
	7e8e  :   000;
	7e8f  :   000;
	7e90  :   000;
	7e91  :   000;
	7e92  :   000;
	7e93  :   000;
	7e94  :   000;
	7e95  :   000;
	7e96  :   000;
	7e97  :   000;
	7e98  :   000;
	7e99  :   000;
	7e9a  :   000;
	7e9b  :   000;
	7e9c  :   000;
	7e9d  :   000;
	7e9e  :   000;
	7e9f  :   000;
	7ea0  :   000;
	7ea1  :   000;
	7ea2  :   000;
	7ea3  :   000;
	7ea4  :   000;
	7ea5  :   000;
	7ea6  :   000;
	7ea7  :   000;
	7ea8  :   000;
	7ea9  :   000;
	7eaa  :   000;
	7eab  :   000;
	7eac  :   000;
	7ead  :   000;
	7eae  :   000;
	7eaf  :   000;
	7eb0  :   000;
	7eb1  :   000;
	7eb2  :   000;
	7eb3  :   000;
	7eb4  :   000;
	7eb5  :   000;
	7eb6  :   000;
	7eb7  :   000;
	7eb8  :   000;
	7eb9  :   000;
	7eba  :   000;
	7ebb  :   000;
	7ebc  :   000;
	7ebd  :   000;
	7ebe  :   000;
	7ebf  :   000;
	7ec0  :   000;
	7ec1  :   000;
	7ec2  :   000;
	7ec3  :   000;
	7ec4  :   000;
	7ec5  :   000;
	7ec6  :   000;
	7ec7  :   000;
	7ec8  :   000;
	7ec9  :   000;
	7eca  :   000;
	7ecb  :   000;
	7ecc  :   000;
	7ecd  :   000;
	7ece  :   000;
	7ecf  :   000;
	7ed0  :   000;
	7ed1  :   000;
	7ed2  :   000;
	7ed3  :   000;
	7ed4  :   000;
	7ed5  :   000;
	7ed6  :   000;
	7ed7  :   000;
	7ed8  :   000;
	7ed9  :   000;
	7eda  :   000;
	7edb  :   000;
	7edc  :   000;
	7edd  :   000;
	7ede  :   000;
	7edf  :   000;
	7ee0  :   000;
	7ee1  :   000;
	7ee2  :   000;
	7ee3  :   000;
	7ee4  :   000;
	7ee5  :   000;
	7ee6  :   000;
	7ee7  :   000;
	7ee8  :   000;
	7ee9  :   000;
	7eea  :   000;
	7eeb  :   000;
	7eec  :   000;
	7eed  :   000;
	7eee  :   000;
	7eef  :   000;
	7ef0  :   000;
	7ef1  :   000;
	7ef2  :   000;
	7ef3  :   000;
	7ef4  :   000;
	7ef5  :   000;
	7ef6  :   000;
	7ef7  :   000;
	7ef8  :   000;
	7ef9  :   000;
	7efa  :   000;
	7efb  :   000;
	7efc  :   000;
	7efd  :   000;
	7efe  :   000;
	7eff  :   000;
	7f00  :   000;
	7f01  :   000;
	7f02  :   000;
	7f03  :   000;
	7f04  :   000;
	7f05  :   000;
	7f06  :   000;
	7f07  :   000;
	7f08  :   000;
	7f09  :   000;
	7f0a  :   000;
	7f0b  :   000;
	7f0c  :   000;
	7f0d  :   000;
	7f0e  :   000;
	7f0f  :   000;
	7f10  :   000;
	7f11  :   000;
	7f12  :   000;
	7f13  :   000;
	7f14  :   000;
	7f15  :   000;
	7f16  :   000;
	7f17  :   000;
	7f18  :   000;
	7f19  :   000;
	7f1a  :   000;
	7f1b  :   000;
	7f1c  :   000;
	7f1d  :   000;
	7f1e  :   000;
	7f1f  :   000;
	7f20  :   000;
	7f21  :   000;
	7f22  :   000;
	7f23  :   000;
	7f24  :   000;
	7f25  :   000;
	7f26  :   000;
	7f27  :   000;
	7f28  :   000;
	7f29  :   000;
	7f2a  :   000;
	7f2b  :   000;
	7f2c  :   000;
	7f2d  :   000;
	7f2e  :   000;
	7f2f  :   000;
	7f30  :   000;
	7f31  :   000;
	7f32  :   000;
	7f33  :   000;
	7f34  :   000;
	7f35  :   000;
	7f36  :   000;
	7f37  :   000;
	7f38  :   000;
	7f39  :   000;
	7f3a  :   000;
	7f3b  :   000;
	7f3c  :   000;
	7f3d  :   000;
	7f3e  :   000;
	7f3f  :   000;
	7f40  :   000;
	7f41  :   000;
	7f42  :   000;
	7f43  :   000;
	7f44  :   000;
	7f45  :   000;
	7f46  :   000;
	7f47  :   000;
	7f48  :   000;
	7f49  :   000;
	7f4a  :   000;
	7f4b  :   000;
	7f4c  :   000;
	7f4d  :   000;
	7f4e  :   000;
	7f4f  :   000;
	7f50  :   000;
	7f51  :   000;
	7f52  :   000;
	7f53  :   000;
	7f54  :   000;
	7f55  :   000;
	7f56  :   000;
	7f57  :   000;
	7f58  :   000;
	7f59  :   000;
	7f5a  :   000;
	7f5b  :   000;
	7f5c  :   000;
	7f5d  :   000;
	7f5e  :   000;
	7f5f  :   000;
	7f60  :   000;
	7f61  :   000;
	7f62  :   000;
	7f63  :   000;
	7f64  :   000;
	7f65  :   000;
	7f66  :   000;
	7f67  :   000;
	7f68  :   000;
	7f69  :   000;
	7f6a  :   000;
	7f6b  :   000;
	7f6c  :   000;
	7f6d  :   000;
	7f6e  :   000;
	7f6f  :   000;
	7f70  :   000;
	7f71  :   000;
	7f72  :   000;
	7f73  :   000;
	7f74  :   000;
	7f75  :   000;
	7f76  :   000;
	7f77  :   000;
	7f78  :   000;
	7f79  :   000;
	7f7a  :   000;
	7f7b  :   000;
	7f7c  :   000;
	7f7d  :   000;
	7f7e  :   000;
	7f7f  :   000;
	7f80  :   000;
	7f81  :   000;
	7f82  :   000;
	7f83  :   000;
	7f84  :   000;
	7f85  :   000;
	7f86  :   000;
	7f87  :   000;
	7f88  :   000;
	7f89  :   000;
	7f8a  :   000;
	7f8b  :   000;
	7f8c  :   000;
	7f8d  :   000;
	7f8e  :   000;
	7f8f  :   000;
	7f90  :   000;
	7f91  :   000;
	7f92  :   000;
	7f93  :   000;
	7f94  :   000;
	7f95  :   000;
	7f96  :   000;
	7f97  :   000;
	7f98  :   000;
	7f99  :   000;
	7f9a  :   000;
	7f9b  :   000;
	7f9c  :   000;
	7f9d  :   000;
	7f9e  :   000;
	7f9f  :   000;
	7fa0  :   000;
	7fa1  :   000;
	7fa2  :   000;
	7fa3  :   000;
	7fa4  :   000;
	7fa5  :   000;
	7fa6  :   000;
	7fa7  :   000;
	7fa8  :   000;
	7fa9  :   000;
	7faa  :   000;
	7fab  :   000;
	7fac  :   000;
	7fad  :   000;
	7fae  :   000;
	7faf  :   000;
	7fb0  :   000;
	7fb1  :   000;
	7fb2  :   000;
	7fb3  :   000;
	7fb4  :   000;
	7fb5  :   000;
	7fb6  :   000;
	7fb7  :   000;
	7fb8  :   000;
	7fb9  :   000;
	7fba  :   000;
	7fbb  :   000;
	7fbc  :   000;
	7fbd  :   000;
	7fbe  :   000;
	7fbf  :   000;
	7fc0  :   000;
	7fc1  :   000;
	7fc2  :   000;
	7fc3  :   000;
	7fc4  :   000;
	7fc5  :   000;
	7fc6  :   000;
	7fc7  :   000;
	7fc8  :   000;
	7fc9  :   000;
	7fca  :   000;
	7fcb  :   000;
	7fcc  :   000;
	7fcd  :   000;
	7fce  :   000;
	7fcf  :   000;
	7fd0  :   000;
	7fd1  :   000;
	7fd2  :   000;
	7fd3  :   000;
	7fd4  :   000;
	7fd5  :   000;
	7fd6  :   000;
	7fd7  :   000;
	7fd8  :   000;
	7fd9  :   000;
	7fda  :   000;
	7fdb  :   000;
	7fdc  :   000;
	7fdd  :   000;
	7fde  :   000;
	7fdf  :   000;
	7fe0  :   000;
	7fe1  :   000;
	7fe2  :   000;
	7fe3  :   000;
	7fe4  :   000;
	7fe5  :   000;
	7fe6  :   000;
	7fe7  :   000;
	7fe8  :   000;
	7fe9  :   000;
	7fea  :   000;
	7feb  :   000;
	7fec  :   000;
	7fed  :   000;
	7fee  :   000;
	7fef  :   000;
	7ff0  :   000;
	7ff1  :   000;
	7ff2  :   000;
	7ff3  :   000;
	7ff4  :   000;
	7ff5  :   000;
	7ff6  :   000;
	7ff7  :   000;
	7ff8  :   000;
	7ff9  :   000;
	7ffa  :   000;
	7ffb  :   000;
	7ffc  :   000;
	7ffd  :   000;
	7ffe  :   000;
	7fff  :   000;
	8000  :   000;
	8001  :   000;
	8002  :   000;
	8003  :   000;
	8004  :   000;
	8005  :   000;
	8006  :   000;
	8007  :   000;
	8008  :   000;
	8009  :   000;
	800a  :   000;
	800b  :   000;
	800c  :   000;
	800d  :   000;
	800e  :   000;
	800f  :   000;
	8010  :   000;
	8011  :   000;
	8012  :   000;
	8013  :   000;
	8014  :   000;
	8015  :   000;
	8016  :   000;
	8017  :   000;
	8018  :   000;
	8019  :   000;
	801a  :   000;
	801b  :   000;
	801c  :   000;
	801d  :   000;
	801e  :   000;
	801f  :   000;
	8020  :   000;
	8021  :   000;
	8022  :   000;
	8023  :   000;
	8024  :   000;
	8025  :   000;
	8026  :   000;
	8027  :   000;
	8028  :   000;
	8029  :   000;
	802a  :   000;
	802b  :   000;
	802c  :   000;
	802d  :   000;
	802e  :   000;
	802f  :   000;
	8030  :   000;
	8031  :   000;
	8032  :   000;
	8033  :   000;
	8034  :   000;
	8035  :   000;
	8036  :   000;
	8037  :   000;
	8038  :   000;
	8039  :   000;
	803a  :   000;
	803b  :   000;
	803c  :   000;
	803d  :   000;
	803e  :   000;
	803f  :   000;
	8040  :   000;
	8041  :   000;
	8042  :   000;
	8043  :   000;
	8044  :   000;
	8045  :   000;
	8046  :   000;
	8047  :   000;
	8048  :   000;
	8049  :   000;
	804a  :   000;
	804b  :   000;
	804c  :   000;
	804d  :   000;
	804e  :   000;
	804f  :   000;
	8050  :   000;
	8051  :   000;
	8052  :   000;
	8053  :   000;
	8054  :   000;
	8055  :   000;
	8056  :   000;
	8057  :   000;
	8058  :   000;
	8059  :   000;
	805a  :   000;
	805b  :   000;
	805c  :   000;
	805d  :   000;
	805e  :   000;
	805f  :   000;
	8060  :   000;
	8061  :   000;
	8062  :   000;
	8063  :   000;
	8064  :   000;
	8065  :   000;
	8066  :   000;
	8067  :   000;
	8068  :   000;
	8069  :   000;
	806a  :   000;
	806b  :   000;
	806c  :   000;
	806d  :   000;
	806e  :   000;
	806f  :   000;
	8070  :   000;
	8071  :   000;
	8072  :   000;
	8073  :   000;
	8074  :   000;
	8075  :   000;
	8076  :   000;
	8077  :   000;
	8078  :   000;
	8079  :   000;
	807a  :   000;
	807b  :   000;
	807c  :   000;
	807d  :   000;
	807e  :   000;
	807f  :   000;
	8080  :   000;
	8081  :   000;
	8082  :   000;
	8083  :   000;
	8084  :   000;
	8085  :   000;
	8086  :   000;
	8087  :   000;
	8088  :   000;
	8089  :   000;
	808a  :   000;
	808b  :   000;
	808c  :   000;
	808d  :   000;
	808e  :   000;
	808f  :   000;
	8090  :   000;
	8091  :   000;
	8092  :   000;
	8093  :   000;
	8094  :   000;
	8095  :   000;
	8096  :   000;
	8097  :   000;
	8098  :   000;
	8099  :   000;
	809a  :   000;
	809b  :   000;
	809c  :   000;
	809d  :   000;
	809e  :   000;
	809f  :   000;
	80a0  :   000;
	80a1  :   000;
	80a2  :   000;
	80a3  :   000;
	80a4  :   000;
	80a5  :   000;
	80a6  :   000;
	80a7  :   000;
	80a8  :   000;
	80a9  :   000;
	80aa  :   000;
	80ab  :   000;
	80ac  :   000;
	80ad  :   000;
	80ae  :   000;
	80af  :   000;
	80b0  :   000;
	80b1  :   000;
	80b2  :   000;
	80b3  :   000;
	80b4  :   000;
	80b5  :   000;
	80b6  :   000;
	80b7  :   000;
	80b8  :   000;
	80b9  :   000;
	80ba  :   000;
	80bb  :   000;
	80bc  :   000;
	80bd  :   000;
	80be  :   000;
	80bf  :   000;
	80c0  :   000;
	80c1  :   000;
	80c2  :   000;
	80c3  :   000;
	80c4  :   000;
	80c5  :   000;
	80c6  :   000;
	80c7  :   000;
	80c8  :   000;
	80c9  :   000;
	80ca  :   000;
	80cb  :   000;
	80cc  :   000;
	80cd  :   000;
	80ce  :   000;
	80cf  :   000;
	80d0  :   000;
	80d1  :   000;
	80d2  :   000;
	80d3  :   000;
	80d4  :   000;
	80d5  :   000;
	80d6  :   000;
	80d7  :   000;
	80d8  :   000;
	80d9  :   000;
	80da  :   000;
	80db  :   000;
	80dc  :   000;
	80dd  :   000;
	80de  :   000;
	80df  :   000;
	80e0  :   000;
	80e1  :   000;
	80e2  :   000;
	80e3  :   000;
	80e4  :   000;
	80e5  :   000;
	80e6  :   000;
	80e7  :   000;
	80e8  :   000;
	80e9  :   000;
	80ea  :   000;
	80eb  :   000;
	80ec  :   000;
	80ed  :   000;
	80ee  :   000;
	80ef  :   000;
	80f0  :   000;
	80f1  :   000;
	80f2  :   000;
	80f3  :   000;
	80f4  :   000;
	80f5  :   000;
	80f6  :   000;
	80f7  :   000;
	80f8  :   000;
	80f9  :   000;
	80fa  :   000;
	80fb  :   000;
	80fc  :   000;
	80fd  :   000;
	80fe  :   000;
	80ff  :   000;
	8100  :   000;
	8101  :   000;
	8102  :   000;
	8103  :   000;
	8104  :   000;
	8105  :   000;
	8106  :   000;
	8107  :   000;
	8108  :   000;
	8109  :   000;
	810a  :   000;
	810b  :   000;
	810c  :   000;
	810d  :   000;
	810e  :   000;
	810f  :   000;
	8110  :   000;
	8111  :   000;
	8112  :   000;
	8113  :   000;
	8114  :   000;
	8115  :   000;
	8116  :   000;
	8117  :   000;
	8118  :   000;
	8119  :   000;
	811a  :   000;
	811b  :   000;
	811c  :   000;
	811d  :   000;
	811e  :   000;
	811f  :   000;
	8120  :   000;
	8121  :   000;
	8122  :   000;
	8123  :   000;
	8124  :   000;
	8125  :   000;
	8126  :   000;
	8127  :   000;
	8128  :   000;
	8129  :   000;
	812a  :   000;
	812b  :   000;
	812c  :   000;
	812d  :   000;
	812e  :   000;
	812f  :   000;
	8130  :   000;
	8131  :   000;
	8132  :   000;
	8133  :   000;
	8134  :   000;
	8135  :   000;
	8136  :   000;
	8137  :   000;
	8138  :   000;
	8139  :   000;
	813a  :   000;
	813b  :   000;
	813c  :   000;
	813d  :   000;
	813e  :   000;
	813f  :   000;
	8140  :   000;
	8141  :   000;
	8142  :   000;
	8143  :   000;
	8144  :   000;
	8145  :   000;
	8146  :   000;
	8147  :   000;
	8148  :   000;
	8149  :   000;
	814a  :   000;
	814b  :   000;
	814c  :   000;
	814d  :   000;
	814e  :   000;
	814f  :   000;
	8150  :   000;
	8151  :   000;
	8152  :   000;
	8153  :   000;
	8154  :   000;
	8155  :   000;
	8156  :   000;
	8157  :   000;
	8158  :   000;
	8159  :   000;
	815a  :   000;
	815b  :   000;
	815c  :   000;
	815d  :   000;
	815e  :   000;
	815f  :   000;
	8160  :   000;
	8161  :   000;
	8162  :   000;
	8163  :   000;
	8164  :   000;
	8165  :   000;
	8166  :   000;
	8167  :   000;
	8168  :   000;
	8169  :   000;
	816a  :   000;
	816b  :   000;
	816c  :   000;
	816d  :   000;
	816e  :   000;
	816f  :   000;
	8170  :   000;
	8171  :   000;
	8172  :   000;
	8173  :   000;
	8174  :   000;
	8175  :   000;
	8176  :   000;
	8177  :   000;
	8178  :   000;
	8179  :   000;
	817a  :   000;
	817b  :   000;
	817c  :   000;
	817d  :   000;
	817e  :   000;
	817f  :   000;
	8180  :   000;
	8181  :   000;
	8182  :   000;
	8183  :   000;
	8184  :   000;
	8185  :   000;
	8186  :   000;
	8187  :   000;
	8188  :   000;
	8189  :   000;
	818a  :   000;
	818b  :   000;
	818c  :   000;
	818d  :   000;
	818e  :   000;
	818f  :   000;
	8190  :   000;
	8191  :   000;
	8192  :   000;
	8193  :   000;
	8194  :   000;
	8195  :   000;
	8196  :   000;
	8197  :   000;
	8198  :   000;
	8199  :   000;
	819a  :   000;
	819b  :   000;
	819c  :   000;
	819d  :   000;
	819e  :   000;
	819f  :   000;
	81a0  :   000;
	81a1  :   000;
	81a2  :   000;
	81a3  :   000;
	81a4  :   000;
	81a5  :   000;
	81a6  :   000;
	81a7  :   000;
	81a8  :   000;
	81a9  :   000;
	81aa  :   000;
	81ab  :   000;
	81ac  :   000;
	81ad  :   000;
	81ae  :   000;
	81af  :   000;
	81b0  :   000;
	81b1  :   000;
	81b2  :   000;
	81b3  :   000;
	81b4  :   000;
	81b5  :   000;
	81b6  :   000;
	81b7  :   000;
	81b8  :   000;
	81b9  :   000;
	81ba  :   000;
	81bb  :   000;
	81bc  :   000;
	81bd  :   000;
	81be  :   000;
	81bf  :   000;
	81c0  :   000;
	81c1  :   000;
	81c2  :   000;
	81c3  :   000;
	81c4  :   000;
	81c5  :   000;
	81c6  :   000;
	81c7  :   000;
	81c8  :   000;
	81c9  :   000;
	81ca  :   000;
	81cb  :   000;
	81cc  :   000;
	81cd  :   000;
	81ce  :   000;
	81cf  :   000;
	81d0  :   000;
	81d1  :   000;
	81d2  :   000;
	81d3  :   000;
	81d4  :   000;
	81d5  :   000;
	81d6  :   000;
	81d7  :   000;
	81d8  :   000;
	81d9  :   000;
	81da  :   000;
	81db  :   000;
	81dc  :   000;
	81dd  :   000;
	81de  :   000;
	81df  :   000;
	81e0  :   000;
	81e1  :   000;
	81e2  :   000;
	81e3  :   000;
	81e4  :   000;
	81e5  :   000;
	81e6  :   000;
	81e7  :   000;
	81e8  :   000;
	81e9  :   000;
	81ea  :   000;
	81eb  :   000;
	81ec  :   000;
	81ed  :   000;
	81ee  :   000;
	81ef  :   000;
	81f0  :   000;
	81f1  :   000;
	81f2  :   000;
	81f3  :   000;
	81f4  :   000;
	81f5  :   000;
	81f6  :   000;
	81f7  :   000;
	81f8  :   000;
	81f9  :   000;
	81fa  :   000;
	81fb  :   000;
	81fc  :   000;
	81fd  :   000;
	81fe  :   000;
	81ff  :   000;
	8200  :   000;
	8201  :   000;
	8202  :   000;
	8203  :   000;
	8204  :   000;
	8205  :   000;
	8206  :   000;
	8207  :   000;
	8208  :   000;
	8209  :   000;
	820a  :   000;
	820b  :   000;
	820c  :   000;
	820d  :   000;
	820e  :   000;
	820f  :   000;
	8210  :   000;
	8211  :   000;
	8212  :   000;
	8213  :   000;
	8214  :   000;
	8215  :   000;
	8216  :   000;
	8217  :   000;
	8218  :   000;
	8219  :   000;
	821a  :   000;
	821b  :   000;
	821c  :   000;
	821d  :   000;
	821e  :   000;
	821f  :   000;
	8220  :   000;
	8221  :   000;
	8222  :   000;
	8223  :   000;
	8224  :   000;
	8225  :   000;
	8226  :   000;
	8227  :   000;
	8228  :   000;
	8229  :   000;
	822a  :   000;
	822b  :   000;
	822c  :   000;
	822d  :   000;
	822e  :   000;
	822f  :   000;
	8230  :   000;
	8231  :   000;
	8232  :   000;
	8233  :   000;
	8234  :   000;
	8235  :   000;
	8236  :   000;
	8237  :   000;
	8238  :   000;
	8239  :   000;
	823a  :   000;
	823b  :   000;
	823c  :   000;
	823d  :   000;
	823e  :   000;
	823f  :   000;
	8240  :   000;
	8241  :   000;
	8242  :   000;
	8243  :   000;
	8244  :   000;
	8245  :   000;
	8246  :   000;
	8247  :   000;
	8248  :   000;
	8249  :   000;
	824a  :   000;
	824b  :   000;
	824c  :   000;
	824d  :   000;
	824e  :   000;
	824f  :   000;
	8250  :   000;
	8251  :   000;
	8252  :   000;
	8253  :   000;
	8254  :   000;
	8255  :   000;
	8256  :   000;
	8257  :   000;
	8258  :   000;
	8259  :   000;
	825a  :   000;
	825b  :   000;
	825c  :   000;
	825d  :   000;
	825e  :   000;
	825f  :   000;
	8260  :   000;
	8261  :   000;
	8262  :   000;
	8263  :   000;
	8264  :   000;
	8265  :   000;
	8266  :   000;
	8267  :   000;
	8268  :   000;
	8269  :   000;
	826a  :   000;
	826b  :   000;
	826c  :   000;
	826d  :   000;
	826e  :   000;
	826f  :   000;
	8270  :   000;
	8271  :   000;
	8272  :   000;
	8273  :   000;
	8274  :   000;
	8275  :   000;
	8276  :   000;
	8277  :   000;
	8278  :   000;
	8279  :   000;
	827a  :   000;
	827b  :   000;
	827c  :   000;
	827d  :   000;
	827e  :   000;
	827f  :   000;
	8280  :   000;
	8281  :   000;
	8282  :   000;
	8283  :   000;
	8284  :   000;
	8285  :   000;
	8286  :   000;
	8287  :   000;
	8288  :   000;
	8289  :   000;
	828a  :   000;
	828b  :   000;
	828c  :   000;
	828d  :   000;
	828e  :   000;
	828f  :   000;
	8290  :   000;
	8291  :   000;
	8292  :   000;
	8293  :   000;
	8294  :   000;
	8295  :   000;
	8296  :   000;
	8297  :   000;
	8298  :   000;
	8299  :   000;
	829a  :   000;
	829b  :   000;
	829c  :   000;
	829d  :   000;
	829e  :   000;
	829f  :   000;
	82a0  :   000;
	82a1  :   000;
	82a2  :   000;
	82a3  :   000;
	82a4  :   000;
	82a5  :   000;
	82a6  :   000;
	82a7  :   000;
	82a8  :   000;
	82a9  :   000;
	82aa  :   000;
	82ab  :   000;
	82ac  :   000;
	82ad  :   000;
	82ae  :   000;
	82af  :   000;
	82b0  :   000;
	82b1  :   000;
	82b2  :   000;
	82b3  :   000;
	82b4  :   000;
	82b5  :   000;
	82b6  :   000;
	82b7  :   000;
	82b8  :   000;
	82b9  :   000;
	82ba  :   000;
	82bb  :   000;
	82bc  :   000;
	82bd  :   000;
	82be  :   000;
	82bf  :   000;
	82c0  :   000;
	82c1  :   000;
	82c2  :   000;
	82c3  :   000;
	82c4  :   000;
	82c5  :   000;
	82c6  :   000;
	82c7  :   000;
	82c8  :   000;
	82c9  :   000;
	82ca  :   000;
	82cb  :   000;
	82cc  :   000;
	82cd  :   000;
	82ce  :   000;
	82cf  :   000;
	82d0  :   000;
	82d1  :   000;
	82d2  :   000;
	82d3  :   000;
	82d4  :   000;
	82d5  :   000;
	82d6  :   000;
	82d7  :   000;
	82d8  :   000;
	82d9  :   000;
	82da  :   000;
	82db  :   000;
	82dc  :   000;
	82dd  :   000;
	82de  :   000;
	82df  :   000;
	82e0  :   000;
	82e1  :   000;
	82e2  :   000;
	82e3  :   000;
	82e4  :   000;
	82e5  :   000;
	82e6  :   000;
	82e7  :   000;
	82e8  :   000;
	82e9  :   000;
	82ea  :   000;
	82eb  :   000;
	82ec  :   000;
	82ed  :   000;
	82ee  :   000;
	82ef  :   000;
	82f0  :   000;
	82f1  :   000;
	82f2  :   000;
	82f3  :   000;
	82f4  :   000;
	82f5  :   000;
	82f6  :   000;
	82f7  :   000;
	82f8  :   000;
	82f9  :   000;
	82fa  :   000;
	82fb  :   000;
	82fc  :   000;
	82fd  :   000;
	82fe  :   000;
	82ff  :   000;
	8300  :   000;
	8301  :   000;
	8302  :   000;
	8303  :   000;
	8304  :   000;
	8305  :   000;
	8306  :   000;
	8307  :   000;
	8308  :   000;
	8309  :   000;
	830a  :   000;
	830b  :   000;
	830c  :   000;
	830d  :   000;
	830e  :   000;
	830f  :   000;
	8310  :   000;
	8311  :   000;
	8312  :   000;
	8313  :   000;
	8314  :   000;
	8315  :   000;
	8316  :   000;
	8317  :   000;
	8318  :   000;
	8319  :   000;
	831a  :   000;
	831b  :   000;
	831c  :   000;
	831d  :   000;
	831e  :   000;
	831f  :   000;
	8320  :   000;
	8321  :   000;
	8322  :   000;
	8323  :   000;
	8324  :   000;
	8325  :   000;
	8326  :   000;
	8327  :   000;
	8328  :   000;
	8329  :   000;
	832a  :   000;
	832b  :   000;
	832c  :   000;
	832d  :   000;
	832e  :   000;
	832f  :   000;
	8330  :   000;
	8331  :   000;
	8332  :   000;
	8333  :   000;
	8334  :   000;
	8335  :   000;
	8336  :   000;
	8337  :   000;
	8338  :   000;
	8339  :   000;
	833a  :   000;
	833b  :   000;
	833c  :   000;
	833d  :   000;
	833e  :   000;
	833f  :   000;
	8340  :   000;
	8341  :   000;
	8342  :   000;
	8343  :   000;
	8344  :   000;
	8345  :   000;
	8346  :   000;
	8347  :   000;
	8348  :   000;
	8349  :   000;
	834a  :   000;
	834b  :   000;
	834c  :   000;
	834d  :   000;
	834e  :   000;
	834f  :   000;
	8350  :   000;
	8351  :   000;
	8352  :   000;
	8353  :   000;
	8354  :   000;
	8355  :   000;
	8356  :   000;
	8357  :   000;
	8358  :   000;
	8359  :   000;
	835a  :   000;
	835b  :   000;
	835c  :   000;
	835d  :   000;
	835e  :   000;
	835f  :   000;
	8360  :   000;
	8361  :   000;
	8362  :   000;
	8363  :   000;
	8364  :   000;
	8365  :   000;
	8366  :   000;
	8367  :   000;
	8368  :   000;
	8369  :   000;
	836a  :   000;
	836b  :   000;
	836c  :   000;
	836d  :   000;
	836e  :   000;
	836f  :   000;
	8370  :   000;
	8371  :   000;
	8372  :   000;
	8373  :   000;
	8374  :   000;
	8375  :   000;
	8376  :   000;
	8377  :   000;
	8378  :   000;
	8379  :   000;
	837a  :   000;
	837b  :   000;
	837c  :   000;
	837d  :   000;
	837e  :   000;
	837f  :   000;
	8380  :   000;
	8381  :   000;
	8382  :   000;
	8383  :   000;
	8384  :   000;
	8385  :   000;
	8386  :   000;
	8387  :   000;
	8388  :   000;
	8389  :   000;
	838a  :   000;
	838b  :   000;
	838c  :   000;
	838d  :   000;
	838e  :   000;
	838f  :   000;
	8390  :   000;
	8391  :   000;
	8392  :   000;
	8393  :   000;
	8394  :   000;
	8395  :   000;
	8396  :   000;
	8397  :   000;
	8398  :   000;
	8399  :   000;
	839a  :   000;
	839b  :   000;
	839c  :   000;
	839d  :   000;
	839e  :   000;
	839f  :   000;
	83a0  :   000;
	83a1  :   000;
	83a2  :   000;
	83a3  :   000;
	83a4  :   000;
	83a5  :   000;
	83a6  :   000;
	83a7  :   000;
	83a8  :   000;
	83a9  :   000;
	83aa  :   000;
	83ab  :   000;
	83ac  :   000;
	83ad  :   000;
	83ae  :   000;
	83af  :   000;
	83b0  :   000;
	83b1  :   000;
	83b2  :   000;
	83b3  :   000;
	83b4  :   000;
	83b5  :   000;
	83b6  :   000;
	83b7  :   000;
	83b8  :   000;
	83b9  :   000;
	83ba  :   000;
	83bb  :   000;
	83bc  :   000;
	83bd  :   000;
	83be  :   000;
	83bf  :   000;
	83c0  :   000;
	83c1  :   000;
	83c2  :   000;
	83c3  :   000;
	83c4  :   000;
	83c5  :   000;
	83c6  :   000;
	83c7  :   000;
	83c8  :   000;
	83c9  :   000;
	83ca  :   000;
	83cb  :   000;
	83cc  :   000;
	83cd  :   000;
	83ce  :   000;
	83cf  :   000;
	83d0  :   000;
	83d1  :   000;
	83d2  :   000;
	83d3  :   000;
	83d4  :   000;
	83d5  :   000;
	83d6  :   000;
	83d7  :   000;
	83d8  :   000;
	83d9  :   000;
	83da  :   000;
	83db  :   000;
	83dc  :   000;
	83dd  :   000;
	83de  :   000;
	83df  :   000;
	83e0  :   000;
	83e1  :   000;
	83e2  :   000;
	83e3  :   000;
	83e4  :   000;
	83e5  :   000;
	83e6  :   000;
	83e7  :   000;
	83e8  :   000;
	83e9  :   000;
	83ea  :   000;
	83eb  :   000;
	83ec  :   000;
	83ed  :   000;
	83ee  :   000;
	83ef  :   000;
	83f0  :   000;
	83f1  :   000;
	83f2  :   000;
	83f3  :   000;
	83f4  :   000;
	83f5  :   000;
	83f6  :   000;
	83f7  :   000;
	83f8  :   000;
	83f9  :   000;
	83fa  :   000;
	83fb  :   000;
	83fc  :   000;
	83fd  :   000;
	83fe  :   000;
	83ff  :   000;
	8400  :   000;
	8401  :   000;
	8402  :   000;
	8403  :   000;
	8404  :   000;
	8405  :   000;
	8406  :   000;
	8407  :   000;
	8408  :   000;
	8409  :   000;
	840a  :   000;
	840b  :   000;
	840c  :   000;
	840d  :   000;
	840e  :   000;
	840f  :   000;
	8410  :   000;
	8411  :   000;
	8412  :   000;
	8413  :   000;
	8414  :   000;
	8415  :   000;
	8416  :   000;
	8417  :   000;
	8418  :   000;
	8419  :   000;
	841a  :   000;
	841b  :   000;
	841c  :   000;
	841d  :   000;
	841e  :   000;
	841f  :   000;
	8420  :   000;
	8421  :   000;
	8422  :   000;
	8423  :   000;
	8424  :   000;
	8425  :   000;
	8426  :   000;
	8427  :   000;
	8428  :   000;
	8429  :   000;
	842a  :   000;
	842b  :   000;
	842c  :   000;
	842d  :   000;
	842e  :   000;
	842f  :   000;
	8430  :   000;
	8431  :   000;
	8432  :   000;
	8433  :   000;
	8434  :   000;
	8435  :   000;
	8436  :   000;
	8437  :   000;
	8438  :   000;
	8439  :   000;
	843a  :   000;
	843b  :   000;
	843c  :   000;
	843d  :   000;
	843e  :   000;
	843f  :   000;
	8440  :   000;
	8441  :   000;
	8442  :   000;
	8443  :   000;
	8444  :   000;
	8445  :   000;
	8446  :   000;
	8447  :   000;
	8448  :   000;
	8449  :   000;
	844a  :   000;
	844b  :   000;
	844c  :   000;
	844d  :   000;
	844e  :   000;
	844f  :   000;
	8450  :   000;
	8451  :   000;
	8452  :   000;
	8453  :   000;
	8454  :   000;
	8455  :   000;
	8456  :   000;
	8457  :   000;
	8458  :   000;
	8459  :   000;
	845a  :   000;
	845b  :   000;
	845c  :   000;
	845d  :   000;
	845e  :   000;
	845f  :   000;
	8460  :   000;
	8461  :   000;
	8462  :   000;
	8463  :   000;
	8464  :   000;
	8465  :   000;
	8466  :   000;
	8467  :   000;
	8468  :   000;
	8469  :   000;
	846a  :   000;
	846b  :   000;
	846c  :   000;
	846d  :   000;
	846e  :   000;
	846f  :   000;
	8470  :   000;
	8471  :   000;
	8472  :   000;
	8473  :   000;
	8474  :   000;
	8475  :   000;
	8476  :   000;
	8477  :   000;
	8478  :   000;
	8479  :   000;
	847a  :   000;
	847b  :   000;
	847c  :   000;
	847d  :   000;
	847e  :   000;
	847f  :   000;
	8480  :   000;
	8481  :   000;
	8482  :   000;
	8483  :   000;
	8484  :   000;
	8485  :   000;
	8486  :   000;
	8487  :   000;
	8488  :   000;
	8489  :   000;
	848a  :   000;
	848b  :   000;
	848c  :   000;
	848d  :   000;
	848e  :   000;
	848f  :   000;
	8490  :   000;
	8491  :   000;
	8492  :   000;
	8493  :   000;
	8494  :   000;
	8495  :   000;
	8496  :   000;
	8497  :   000;
	8498  :   000;
	8499  :   000;
	849a  :   000;
	849b  :   000;
	849c  :   000;
	849d  :   000;
	849e  :   000;
	849f  :   000;
	84a0  :   000;
	84a1  :   000;
	84a2  :   000;
	84a3  :   000;
	84a4  :   000;
	84a5  :   000;
	84a6  :   000;
	84a7  :   000;
	84a8  :   000;
	84a9  :   000;
	84aa  :   000;
	84ab  :   000;
	84ac  :   000;
	84ad  :   000;
	84ae  :   000;
	84af  :   000;
	84b0  :   000;
	84b1  :   000;
	84b2  :   000;
	84b3  :   000;
	84b4  :   000;
	84b5  :   000;
	84b6  :   000;
	84b7  :   000;
	84b8  :   000;
	84b9  :   000;
	84ba  :   000;
	84bb  :   000;
	84bc  :   000;
	84bd  :   000;
	84be  :   000;
	84bf  :   000;
	84c0  :   000;
	84c1  :   000;
	84c2  :   000;
	84c3  :   000;
	84c4  :   000;
	84c5  :   000;
	84c6  :   000;
	84c7  :   000;
	84c8  :   000;
	84c9  :   000;
	84ca  :   000;
	84cb  :   000;
	84cc  :   000;
	84cd  :   000;
	84ce  :   000;
	84cf  :   000;
	84d0  :   000;
	84d1  :   000;
	84d2  :   000;
	84d3  :   000;
	84d4  :   000;
	84d5  :   000;
	84d6  :   000;
	84d7  :   000;
	84d8  :   000;
	84d9  :   000;
	84da  :   000;
	84db  :   000;
	84dc  :   000;
	84dd  :   000;
	84de  :   000;
	84df  :   000;
	84e0  :   000;
	84e1  :   000;
	84e2  :   000;
	84e3  :   000;
	84e4  :   000;
	84e5  :   000;
	84e6  :   000;
	84e7  :   000;
	84e8  :   000;
	84e9  :   000;
	84ea  :   000;
	84eb  :   000;
	84ec  :   000;
	84ed  :   000;
	84ee  :   000;
	84ef  :   000;
	84f0  :   000;
	84f1  :   000;
	84f2  :   000;
	84f3  :   000;
	84f4  :   000;
	84f5  :   000;
	84f6  :   000;
	84f7  :   000;
	84f8  :   000;
	84f9  :   000;
	84fa  :   000;
	84fb  :   000;
	84fc  :   000;
	84fd  :   000;
	84fe  :   000;
	84ff  :   000;
	8500  :   000;
	8501  :   000;
	8502  :   000;
	8503  :   000;
	8504  :   000;
	8505  :   000;
	8506  :   000;
	8507  :   000;
	8508  :   000;
	8509  :   000;
	850a  :   000;
	850b  :   000;
	850c  :   000;
	850d  :   000;
	850e  :   000;
	850f  :   000;
	8510  :   000;
	8511  :   000;
	8512  :   000;
	8513  :   000;
	8514  :   000;
	8515  :   000;
	8516  :   000;
	8517  :   000;
	8518  :   000;
	8519  :   000;
	851a  :   000;
	851b  :   000;
	851c  :   000;
	851d  :   000;
	851e  :   000;
	851f  :   000;
	8520  :   000;
	8521  :   000;
	8522  :   000;
	8523  :   000;
	8524  :   000;
	8525  :   000;
	8526  :   000;
	8527  :   000;
	8528  :   000;
	8529  :   000;
	852a  :   000;
	852b  :   000;
	852c  :   000;
	852d  :   000;
	852e  :   000;
	852f  :   000;
	8530  :   000;
	8531  :   000;
	8532  :   000;
	8533  :   000;
	8534  :   000;
	8535  :   000;
	8536  :   000;
	8537  :   000;
	8538  :   000;
	8539  :   000;
	853a  :   000;
	853b  :   000;
	853c  :   000;
	853d  :   000;
	853e  :   000;
	853f  :   000;
	8540  :   000;
	8541  :   000;
	8542  :   000;
	8543  :   000;
	8544  :   000;
	8545  :   000;
	8546  :   000;
	8547  :   000;
	8548  :   000;
	8549  :   000;
	854a  :   000;
	854b  :   000;
	854c  :   000;
	854d  :   000;
	854e  :   000;
	854f  :   000;
	8550  :   000;
	8551  :   000;
	8552  :   000;
	8553  :   000;
	8554  :   000;
	8555  :   000;
	8556  :   000;
	8557  :   000;
	8558  :   000;
	8559  :   000;
	855a  :   000;
	855b  :   000;
	855c  :   000;
	855d  :   000;
	855e  :   000;
	855f  :   000;
	8560  :   000;
	8561  :   000;
	8562  :   000;
	8563  :   000;
	8564  :   000;
	8565  :   000;
	8566  :   000;
	8567  :   000;
	8568  :   000;
	8569  :   000;
	856a  :   000;
	856b  :   000;
	856c  :   000;
	856d  :   000;
	856e  :   000;
	856f  :   000;
	8570  :   000;
	8571  :   000;
	8572  :   000;
	8573  :   000;
	8574  :   000;
	8575  :   000;
	8576  :   000;
	8577  :   000;
	8578  :   000;
	8579  :   000;
	857a  :   000;
	857b  :   000;
	857c  :   000;
	857d  :   000;
	857e  :   000;
	857f  :   000;
	8580  :   000;
	8581  :   000;
	8582  :   000;
	8583  :   000;
	8584  :   000;
	8585  :   000;
	8586  :   000;
	8587  :   000;
	8588  :   000;
	8589  :   000;
	858a  :   000;
	858b  :   000;
	858c  :   000;
	858d  :   000;
	858e  :   000;
	858f  :   000;
	8590  :   000;
	8591  :   000;
	8592  :   000;
	8593  :   000;
	8594  :   000;
	8595  :   000;
	8596  :   000;
	8597  :   000;
	8598  :   000;
	8599  :   000;
	859a  :   000;
	859b  :   000;
	859c  :   000;
	859d  :   000;
	859e  :   000;
	859f  :   000;
	85a0  :   000;
	85a1  :   000;
	85a2  :   000;
	85a3  :   000;
	85a4  :   000;
	85a5  :   000;
	85a6  :   000;
	85a7  :   000;
	85a8  :   000;
	85a9  :   000;
	85aa  :   000;
	85ab  :   000;
	85ac  :   000;
	85ad  :   000;
	85ae  :   000;
	85af  :   000;
	85b0  :   000;
	85b1  :   000;
	85b2  :   000;
	85b3  :   000;
	85b4  :   000;
	85b5  :   000;
	85b6  :   000;
	85b7  :   000;
	85b8  :   000;
	85b9  :   000;
	85ba  :   000;
	85bb  :   000;
	85bc  :   000;
	85bd  :   000;
	85be  :   000;
	85bf  :   000;
	85c0  :   000;
	85c1  :   000;
	85c2  :   000;
	85c3  :   000;
	85c4  :   000;
	85c5  :   000;
	85c6  :   000;
	85c7  :   000;
	85c8  :   000;
	85c9  :   000;
	85ca  :   000;
	85cb  :   000;
	85cc  :   000;
	85cd  :   000;
	85ce  :   000;
	85cf  :   000;
	85d0  :   000;
	85d1  :   000;
	85d2  :   000;
	85d3  :   000;
	85d4  :   000;
	85d5  :   000;
	85d6  :   000;
	85d7  :   000;
	85d8  :   000;
	85d9  :   000;
	85da  :   000;
	85db  :   000;
	85dc  :   000;
	85dd  :   000;
	85de  :   000;
	85df  :   000;
	85e0  :   000;
	85e1  :   000;
	85e2  :   000;
	85e3  :   000;
	85e4  :   000;
	85e5  :   000;
	85e6  :   000;
	85e7  :   000;
	85e8  :   000;
	85e9  :   000;
	85ea  :   000;
	85eb  :   000;
	85ec  :   000;
	85ed  :   000;
	85ee  :   000;
	85ef  :   000;
	85f0  :   000;
	85f1  :   000;
	85f2  :   000;
	85f3  :   000;
	85f4  :   000;
	85f5  :   000;
	85f6  :   000;
	85f7  :   000;
	85f8  :   000;
	85f9  :   000;
	85fa  :   000;
	85fb  :   000;
	85fc  :   000;
	85fd  :   000;
	85fe  :   000;
	85ff  :   000;
	8600  :   000;
	8601  :   000;
	8602  :   000;
	8603  :   000;
	8604  :   000;
	8605  :   000;
	8606  :   000;
	8607  :   000;
	8608  :   000;
	8609  :   000;
	860a  :   000;
	860b  :   000;
	860c  :   000;
	860d  :   000;
	860e  :   000;
	860f  :   000;
	8610  :   000;
	8611  :   000;
	8612  :   000;
	8613  :   000;
	8614  :   000;
	8615  :   000;
	8616  :   000;
	8617  :   000;
	8618  :   000;
	8619  :   000;
	861a  :   000;
	861b  :   000;
	861c  :   000;
	861d  :   000;
	861e  :   000;
	861f  :   000;
	8620  :   000;
	8621  :   000;
	8622  :   000;
	8623  :   000;
	8624  :   000;
	8625  :   000;
	8626  :   000;
	8627  :   000;
	8628  :   000;
	8629  :   000;
	862a  :   000;
	862b  :   000;
	862c  :   000;
	862d  :   000;
	862e  :   000;
	862f  :   000;
	8630  :   000;
	8631  :   000;
	8632  :   000;
	8633  :   000;
	8634  :   000;
	8635  :   000;
	8636  :   000;
	8637  :   000;
	8638  :   000;
	8639  :   000;
	863a  :   000;
	863b  :   000;
	863c  :   000;
	863d  :   000;
	863e  :   000;
	863f  :   000;
	8640  :   000;
	8641  :   000;
	8642  :   000;
	8643  :   000;
	8644  :   000;
	8645  :   000;
	8646  :   000;
	8647  :   000;
	8648  :   000;
	8649  :   000;
	864a  :   000;
	864b  :   000;
	864c  :   000;
	864d  :   000;
	864e  :   000;
	864f  :   000;
	8650  :   000;
	8651  :   000;
	8652  :   000;
	8653  :   000;
	8654  :   000;
	8655  :   000;
	8656  :   000;
	8657  :   000;
	8658  :   000;
	8659  :   000;
	865a  :   000;
	865b  :   000;
	865c  :   000;
	865d  :   000;
	865e  :   000;
	865f  :   000;
	8660  :   000;
	8661  :   000;
	8662  :   000;
	8663  :   000;
	8664  :   000;
	8665  :   000;
	8666  :   000;
	8667  :   000;
	8668  :   000;
	8669  :   000;
	866a  :   000;
	866b  :   000;
	866c  :   000;
	866d  :   000;
	866e  :   000;
	866f  :   000;
	8670  :   000;
	8671  :   000;
	8672  :   000;
	8673  :   000;
	8674  :   000;
	8675  :   000;
	8676  :   000;
	8677  :   000;
	8678  :   000;
	8679  :   000;
	867a  :   000;
	867b  :   000;
	867c  :   000;
	867d  :   000;
	867e  :   000;
	867f  :   000;
	8680  :   000;
	8681  :   000;
	8682  :   000;
	8683  :   000;
	8684  :   000;
	8685  :   000;
	8686  :   000;
	8687  :   000;
	8688  :   000;
	8689  :   000;
	868a  :   000;
	868b  :   000;
	868c  :   000;
	868d  :   000;
	868e  :   000;
	868f  :   000;
	8690  :   000;
	8691  :   000;
	8692  :   000;
	8693  :   000;
	8694  :   000;
	8695  :   000;
	8696  :   000;
	8697  :   000;
	8698  :   000;
	8699  :   000;
	869a  :   000;
	869b  :   000;
	869c  :   000;
	869d  :   000;
	869e  :   000;
	869f  :   000;
	86a0  :   000;
	86a1  :   000;
	86a2  :   000;
	86a3  :   000;
	86a4  :   000;
	86a5  :   000;
	86a6  :   000;
	86a7  :   000;
	86a8  :   000;
	86a9  :   000;
	86aa  :   000;
	86ab  :   000;
	86ac  :   000;
	86ad  :   000;
	86ae  :   000;
	86af  :   000;
	86b0  :   000;
	86b1  :   000;
	86b2  :   000;
	86b3  :   000;
	86b4  :   000;
	86b5  :   000;
	86b6  :   000;
	86b7  :   000;
	86b8  :   000;
	86b9  :   000;
	86ba  :   000;
	86bb  :   000;
	86bc  :   000;
	86bd  :   000;
	86be  :   000;
	86bf  :   000;
	86c0  :   000;
	86c1  :   000;
	86c2  :   000;
	86c3  :   000;
	86c4  :   000;
	86c5  :   000;
	86c6  :   000;
	86c7  :   000;
	86c8  :   000;
	86c9  :   000;
	86ca  :   000;
	86cb  :   000;
	86cc  :   000;
	86cd  :   000;
	86ce  :   000;
	86cf  :   000;
	86d0  :   000;
	86d1  :   000;
	86d2  :   000;
	86d3  :   000;
	86d4  :   000;
	86d5  :   000;
	86d6  :   000;
	86d7  :   000;
	86d8  :   000;
	86d9  :   000;
	86da  :   000;
	86db  :   000;
	86dc  :   000;
	86dd  :   000;
	86de  :   000;
	86df  :   000;
	86e0  :   000;
	86e1  :   000;
	86e2  :   000;
	86e3  :   000;
	86e4  :   000;
	86e5  :   000;
	86e6  :   000;
	86e7  :   000;
	86e8  :   000;
	86e9  :   000;
	86ea  :   000;
	86eb  :   000;
	86ec  :   000;
	86ed  :   000;
	86ee  :   000;
	86ef  :   000;
	86f0  :   000;
	86f1  :   000;
	86f2  :   000;
	86f3  :   000;
	86f4  :   000;
	86f5  :   000;
	86f6  :   000;
	86f7  :   000;
	86f8  :   000;
	86f9  :   000;
	86fa  :   000;
	86fb  :   000;
	86fc  :   000;
	86fd  :   000;
	86fe  :   000;
	86ff  :   000;
	8700  :   000;
	8701  :   000;
	8702  :   000;
	8703  :   000;
	8704  :   000;
	8705  :   000;
	8706  :   000;
	8707  :   000;
	8708  :   000;
	8709  :   000;
	870a  :   000;
	870b  :   000;
	870c  :   000;
	870d  :   000;
	870e  :   000;
	870f  :   000;
	8710  :   000;
	8711  :   000;
	8712  :   000;
	8713  :   000;
	8714  :   000;
	8715  :   000;
	8716  :   000;
	8717  :   000;
	8718  :   000;
	8719  :   000;
	871a  :   000;
	871b  :   000;
	871c  :   000;
	871d  :   000;
	871e  :   000;
	871f  :   000;
	8720  :   000;
	8721  :   000;
	8722  :   000;
	8723  :   000;
	8724  :   000;
	8725  :   000;
	8726  :   000;
	8727  :   000;
	8728  :   000;
	8729  :   000;
	872a  :   000;
	872b  :   000;
	872c  :   000;
	872d  :   000;
	872e  :   000;
	872f  :   000;
	8730  :   000;
	8731  :   000;
	8732  :   000;
	8733  :   000;
	8734  :   000;
	8735  :   000;
	8736  :   000;
	8737  :   000;
	8738  :   000;
	8739  :   000;
	873a  :   000;
	873b  :   000;
	873c  :   000;
	873d  :   000;
	873e  :   000;
	873f  :   000;
	8740  :   000;
	8741  :   000;
	8742  :   000;
	8743  :   000;
	8744  :   000;
	8745  :   000;
	8746  :   000;
	8747  :   000;
	8748  :   000;
	8749  :   000;
	874a  :   000;
	874b  :   000;
	874c  :   000;
	874d  :   000;
	874e  :   000;
	874f  :   000;
	8750  :   000;
	8751  :   000;
	8752  :   000;
	8753  :   000;
	8754  :   000;
	8755  :   000;
	8756  :   000;
	8757  :   000;
	8758  :   000;
	8759  :   000;
	875a  :   000;
	875b  :   000;
	875c  :   000;
	875d  :   000;
	875e  :   000;
	875f  :   000;
	8760  :   000;
	8761  :   000;
	8762  :   000;
	8763  :   000;
	8764  :   000;
	8765  :   000;
	8766  :   000;
	8767  :   000;
	8768  :   000;
	8769  :   000;
	876a  :   000;
	876b  :   000;
	876c  :   000;
	876d  :   000;
	876e  :   000;
	876f  :   000;
	8770  :   000;
	8771  :   000;
	8772  :   000;
	8773  :   000;
	8774  :   000;
	8775  :   000;
	8776  :   000;
	8777  :   000;
	8778  :   000;
	8779  :   000;
	877a  :   000;
	877b  :   000;
	877c  :   000;
	877d  :   000;
	877e  :   000;
	877f  :   000;
	8780  :   000;
	8781  :   000;
	8782  :   000;
	8783  :   000;
	8784  :   000;
	8785  :   000;
	8786  :   000;
	8787  :   000;
	8788  :   000;
	8789  :   000;
	878a  :   000;
	878b  :   000;
	878c  :   000;
	878d  :   000;
	878e  :   000;
	878f  :   000;
	8790  :   000;
	8791  :   000;
	8792  :   000;
	8793  :   000;
	8794  :   000;
	8795  :   000;
	8796  :   000;
	8797  :   000;
	8798  :   000;
	8799  :   000;
	879a  :   000;
	879b  :   000;
	879c  :   000;
	879d  :   000;
	879e  :   000;
	879f  :   000;
	87a0  :   000;
	87a1  :   000;
	87a2  :   000;
	87a3  :   000;
	87a4  :   000;
	87a5  :   000;
	87a6  :   000;
	87a7  :   000;
	87a8  :   000;
	87a9  :   000;
	87aa  :   000;
	87ab  :   000;
	87ac  :   000;
	87ad  :   000;
	87ae  :   000;
	87af  :   000;
	87b0  :   000;
	87b1  :   000;
	87b2  :   000;
	87b3  :   000;
	87b4  :   000;
	87b5  :   000;
	87b6  :   000;
	87b7  :   000;
	87b8  :   000;
	87b9  :   000;
	87ba  :   000;
	87bb  :   000;
	87bc  :   000;
	87bd  :   000;
	87be  :   000;
	87bf  :   000;
	87c0  :   000;
	87c1  :   000;
	87c2  :   000;
	87c3  :   000;
	87c4  :   000;
	87c5  :   000;
	87c6  :   000;
	87c7  :   000;
	87c8  :   000;
	87c9  :   000;
	87ca  :   000;
	87cb  :   000;
	87cc  :   000;
	87cd  :   000;
	87ce  :   000;
	87cf  :   000;
	87d0  :   000;
	87d1  :   000;
	87d2  :   000;
	87d3  :   000;
	87d4  :   000;
	87d5  :   000;
	87d6  :   000;
	87d7  :   000;
	87d8  :   000;
	87d9  :   000;
	87da  :   000;
	87db  :   000;
	87dc  :   000;
	87dd  :   000;
	87de  :   000;
	87df  :   000;
	87e0  :   000;
	87e1  :   000;
	87e2  :   000;
	87e3  :   000;
	87e4  :   000;
	87e5  :   000;
	87e6  :   000;
	87e7  :   000;
	87e8  :   000;
	87e9  :   000;
	87ea  :   000;
	87eb  :   000;
	87ec  :   000;
	87ed  :   000;
	87ee  :   000;
	87ef  :   000;
	87f0  :   000;
	87f1  :   000;
	87f2  :   000;
	87f3  :   000;
	87f4  :   000;
	87f5  :   000;
	87f6  :   000;
	87f7  :   000;
	87f8  :   000;
	87f9  :   000;
	87fa  :   000;
	87fb  :   000;
	87fc  :   000;
	87fd  :   000;
	87fe  :   000;
	87ff  :   000;
	8800  :   000;
	8801  :   000;
	8802  :   000;
	8803  :   000;
	8804  :   000;
	8805  :   000;
	8806  :   000;
	8807  :   000;
	8808  :   000;
	8809  :   000;
	880a  :   000;
	880b  :   000;
	880c  :   000;
	880d  :   000;
	880e  :   000;
	880f  :   000;
	8810  :   000;
	8811  :   000;
	8812  :   000;
	8813  :   000;
	8814  :   000;
	8815  :   000;
	8816  :   000;
	8817  :   000;
	8818  :   000;
	8819  :   000;
	881a  :   000;
	881b  :   000;
	881c  :   000;
	881d  :   000;
	881e  :   000;
	881f  :   000;
	8820  :   000;
	8821  :   000;
	8822  :   000;
	8823  :   000;
	8824  :   000;
	8825  :   000;
	8826  :   000;
	8827  :   000;
	8828  :   000;
	8829  :   000;
	882a  :   000;
	882b  :   000;
	882c  :   000;
	882d  :   000;
	882e  :   000;
	882f  :   000;
	8830  :   000;
	8831  :   000;
	8832  :   000;
	8833  :   000;
	8834  :   000;
	8835  :   000;
	8836  :   000;
	8837  :   000;
	8838  :   000;
	8839  :   000;
	883a  :   000;
	883b  :   000;
	883c  :   000;
	883d  :   000;
	883e  :   000;
	883f  :   000;
	8840  :   000;
	8841  :   000;
	8842  :   000;
	8843  :   000;
	8844  :   000;
	8845  :   000;
	8846  :   000;
	8847  :   000;
	8848  :   000;
	8849  :   000;
	884a  :   000;
	884b  :   000;
	884c  :   000;
	884d  :   000;
	884e  :   000;
	884f  :   000;
	8850  :   000;
	8851  :   000;
	8852  :   000;
	8853  :   000;
	8854  :   000;
	8855  :   000;
	8856  :   000;
	8857  :   000;
	8858  :   000;
	8859  :   000;
	885a  :   000;
	885b  :   000;
	885c  :   000;
	885d  :   000;
	885e  :   000;
	885f  :   000;
	8860  :   000;
	8861  :   000;
	8862  :   000;
	8863  :   000;
	8864  :   000;
	8865  :   000;
	8866  :   000;
	8867  :   000;
	8868  :   000;
	8869  :   000;
	886a  :   000;
	886b  :   000;
	886c  :   000;
	886d  :   000;
	886e  :   000;
	886f  :   000;
	8870  :   000;
	8871  :   000;
	8872  :   000;
	8873  :   000;
	8874  :   000;
	8875  :   000;
	8876  :   000;
	8877  :   000;
	8878  :   000;
	8879  :   000;
	887a  :   000;
	887b  :   000;
	887c  :   000;
	887d  :   000;
	887e  :   000;
	887f  :   000;
	8880  :   000;
	8881  :   000;
	8882  :   000;
	8883  :   000;
	8884  :   000;
	8885  :   000;
	8886  :   000;
	8887  :   000;
	8888  :   000;
	8889  :   000;
	888a  :   000;
	888b  :   000;
	888c  :   000;
	888d  :   000;
	888e  :   000;
	888f  :   000;
	8890  :   000;
	8891  :   000;
	8892  :   000;
	8893  :   000;
	8894  :   000;
	8895  :   000;
	8896  :   000;
	8897  :   000;
	8898  :   000;
	8899  :   000;
	889a  :   000;
	889b  :   000;
	889c  :   000;
	889d  :   000;
	889e  :   000;
	889f  :   000;
	88a0  :   000;
	88a1  :   000;
	88a2  :   000;
	88a3  :   000;
	88a4  :   000;
	88a5  :   000;
	88a6  :   000;
	88a7  :   000;
	88a8  :   000;
	88a9  :   000;
	88aa  :   000;
	88ab  :   000;
	88ac  :   000;
	88ad  :   000;
	88ae  :   000;
	88af  :   000;
	88b0  :   000;
	88b1  :   000;
	88b2  :   000;
	88b3  :   000;
	88b4  :   000;
	88b5  :   000;
	88b6  :   000;
	88b7  :   000;
	88b8  :   000;
	88b9  :   000;
	88ba  :   000;
	88bb  :   000;
	88bc  :   000;
	88bd  :   000;
	88be  :   000;
	88bf  :   000;
	88c0  :   000;
	88c1  :   000;
	88c2  :   000;
	88c3  :   000;
	88c4  :   000;
	88c5  :   000;
	88c6  :   000;
	88c7  :   000;
	88c8  :   000;
	88c9  :   000;
	88ca  :   000;
	88cb  :   000;
	88cc  :   000;
	88cd  :   000;
	88ce  :   000;
	88cf  :   000;
	88d0  :   000;
	88d1  :   000;
	88d2  :   000;
	88d3  :   000;
	88d4  :   000;
	88d5  :   000;
	88d6  :   000;
	88d7  :   000;
	88d8  :   000;
	88d9  :   000;
	88da  :   000;
	88db  :   000;
	88dc  :   000;
	88dd  :   000;
	88de  :   000;
	88df  :   000;
	88e0  :   000;
	88e1  :   000;
	88e2  :   000;
	88e3  :   000;
	88e4  :   000;
	88e5  :   000;
	88e6  :   000;
	88e7  :   000;
	88e8  :   000;
	88e9  :   000;
	88ea  :   000;
	88eb  :   000;
	88ec  :   000;
	88ed  :   000;
	88ee  :   000;
	88ef  :   000;
	88f0  :   000;
	88f1  :   000;
	88f2  :   000;
	88f3  :   000;
	88f4  :   000;
	88f5  :   000;
	88f6  :   000;
	88f7  :   000;
	88f8  :   000;
	88f9  :   000;
	88fa  :   000;
	88fb  :   000;
	88fc  :   000;
	88fd  :   000;
	88fe  :   000;
	88ff  :   000;
	8900  :   000;
	8901  :   000;
	8902  :   000;
	8903  :   000;
	8904  :   000;
	8905  :   000;
	8906  :   000;
	8907  :   000;
	8908  :   000;
	8909  :   000;
	890a  :   000;
	890b  :   000;
	890c  :   000;
	890d  :   000;
	890e  :   000;
	890f  :   000;
	8910  :   000;
	8911  :   000;
	8912  :   000;
	8913  :   000;
	8914  :   000;
	8915  :   000;
	8916  :   000;
	8917  :   000;
	8918  :   000;
	8919  :   000;
	891a  :   000;
	891b  :   000;
	891c  :   000;
	891d  :   000;
	891e  :   000;
	891f  :   000;
	8920  :   000;
	8921  :   000;
	8922  :   000;
	8923  :   000;
	8924  :   000;
	8925  :   000;
	8926  :   000;
	8927  :   000;
	8928  :   000;
	8929  :   000;
	892a  :   000;
	892b  :   000;
	892c  :   000;
	892d  :   000;
	892e  :   000;
	892f  :   000;
	8930  :   000;
	8931  :   000;
	8932  :   000;
	8933  :   000;
	8934  :   000;
	8935  :   000;
	8936  :   000;
	8937  :   000;
	8938  :   000;
	8939  :   000;
	893a  :   000;
	893b  :   000;
	893c  :   000;
	893d  :   000;
	893e  :   000;
	893f  :   000;
	8940  :   000;
	8941  :   000;
	8942  :   000;
	8943  :   000;
	8944  :   000;
	8945  :   000;
	8946  :   000;
	8947  :   000;
	8948  :   000;
	8949  :   000;
	894a  :   000;
	894b  :   000;
	894c  :   000;
	894d  :   000;
	894e  :   000;
	894f  :   000;
	8950  :   000;
	8951  :   000;
	8952  :   000;
	8953  :   000;
	8954  :   000;
	8955  :   000;
	8956  :   000;
	8957  :   000;
	8958  :   000;
	8959  :   000;
	895a  :   000;
	895b  :   000;
	895c  :   000;
	895d  :   000;
	895e  :   000;
	895f  :   000;
	8960  :   000;
	8961  :   000;
	8962  :   000;
	8963  :   000;
	8964  :   000;
	8965  :   000;
	8966  :   000;
	8967  :   000;
	8968  :   000;
	8969  :   000;
	896a  :   000;
	896b  :   000;
	896c  :   000;
	896d  :   000;
	896e  :   000;
	896f  :   000;
	8970  :   000;
	8971  :   000;
	8972  :   000;
	8973  :   000;
	8974  :   000;
	8975  :   000;
	8976  :   000;
	8977  :   000;
	8978  :   000;
	8979  :   000;
	897a  :   000;
	897b  :   000;
	897c  :   000;
	897d  :   000;
	897e  :   000;
	897f  :   000;
	8980  :   000;
	8981  :   000;
	8982  :   000;
	8983  :   000;
	8984  :   000;
	8985  :   000;
	8986  :   000;
	8987  :   000;
	8988  :   000;
	8989  :   000;
	898a  :   000;
	898b  :   000;
	898c  :   000;
	898d  :   000;
	898e  :   000;
	898f  :   000;
	8990  :   000;
	8991  :   000;
	8992  :   000;
	8993  :   000;
	8994  :   000;
	8995  :   000;
	8996  :   000;
	8997  :   000;
	8998  :   000;
	8999  :   000;
	899a  :   000;
	899b  :   000;
	899c  :   000;
	899d  :   000;
	899e  :   000;
	899f  :   000;
	89a0  :   000;
	89a1  :   000;
	89a2  :   000;
	89a3  :   000;
	89a4  :   000;
	89a5  :   000;
	89a6  :   000;
	89a7  :   000;
	89a8  :   000;
	89a9  :   000;
	89aa  :   000;
	89ab  :   000;
	89ac  :   000;
	89ad  :   000;
	89ae  :   000;
	89af  :   000;
	89b0  :   000;
	89b1  :   000;
	89b2  :   000;
	89b3  :   000;
	89b4  :   000;
	89b5  :   000;
	89b6  :   000;
	89b7  :   000;
	89b8  :   000;
	89b9  :   000;
	89ba  :   000;
	89bb  :   000;
	89bc  :   000;
	89bd  :   000;
	89be  :   000;
	89bf  :   000;
	89c0  :   000;
	89c1  :   000;
	89c2  :   000;
	89c3  :   000;
	89c4  :   000;
	89c5  :   000;
	89c6  :   000;
	89c7  :   000;
	89c8  :   000;
	89c9  :   000;
	89ca  :   000;
	89cb  :   000;
	89cc  :   000;
	89cd  :   000;
	89ce  :   000;
	89cf  :   000;
	89d0  :   000;
	89d1  :   000;
	89d2  :   000;
	89d3  :   000;
	89d4  :   000;
	89d5  :   000;
	89d6  :   000;
	89d7  :   000;
	89d8  :   000;
	89d9  :   000;
	89da  :   000;
	89db  :   000;
	89dc  :   000;
	89dd  :   000;
	89de  :   000;
	89df  :   000;
	89e0  :   000;
	89e1  :   000;
	89e2  :   000;
	89e3  :   000;
	89e4  :   000;
	89e5  :   000;
	89e6  :   000;
	89e7  :   000;
	89e8  :   000;
	89e9  :   000;
	89ea  :   000;
	89eb  :   000;
	89ec  :   000;
	89ed  :   000;
	89ee  :   000;
	89ef  :   000;
	89f0  :   000;
	89f1  :   000;
	89f2  :   000;
	89f3  :   000;
	89f4  :   000;
	89f5  :   000;
	89f6  :   000;
	89f7  :   000;
	89f8  :   000;
	89f9  :   000;
	89fa  :   000;
	89fb  :   000;
	89fc  :   000;
	89fd  :   000;
	89fe  :   000;
	89ff  :   000;
	8a00  :   000;
	8a01  :   000;
	8a02  :   000;
	8a03  :   000;
	8a04  :   000;
	8a05  :   000;
	8a06  :   000;
	8a07  :   000;
	8a08  :   000;
	8a09  :   000;
	8a0a  :   000;
	8a0b  :   000;
	8a0c  :   000;
	8a0d  :   000;
	8a0e  :   000;
	8a0f  :   000;
	8a10  :   000;
	8a11  :   000;
	8a12  :   000;
	8a13  :   000;
	8a14  :   000;
	8a15  :   000;
	8a16  :   000;
	8a17  :   000;
	8a18  :   000;
	8a19  :   000;
	8a1a  :   000;
	8a1b  :   000;
	8a1c  :   000;
	8a1d  :   000;
	8a1e  :   000;
	8a1f  :   000;
	8a20  :   000;
	8a21  :   000;
	8a22  :   000;
	8a23  :   000;
	8a24  :   000;
	8a25  :   000;
	8a26  :   000;
	8a27  :   000;
	8a28  :   000;
	8a29  :   000;
	8a2a  :   000;
	8a2b  :   000;
	8a2c  :   000;
	8a2d  :   000;
	8a2e  :   000;
	8a2f  :   000;
	8a30  :   000;
	8a31  :   000;
	8a32  :   000;
	8a33  :   000;
	8a34  :   000;
	8a35  :   000;
	8a36  :   000;
	8a37  :   000;
	8a38  :   000;
	8a39  :   000;
	8a3a  :   000;
	8a3b  :   000;
	8a3c  :   000;
	8a3d  :   000;
	8a3e  :   000;
	8a3f  :   000;
	8a40  :   000;
	8a41  :   000;
	8a42  :   000;
	8a43  :   000;
	8a44  :   000;
	8a45  :   000;
	8a46  :   000;
	8a47  :   000;
	8a48  :   000;
	8a49  :   000;
	8a4a  :   000;
	8a4b  :   000;
	8a4c  :   000;
	8a4d  :   000;
	8a4e  :   000;
	8a4f  :   000;
	8a50  :   000;
	8a51  :   000;
	8a52  :   000;
	8a53  :   000;
	8a54  :   000;
	8a55  :   000;
	8a56  :   000;
	8a57  :   000;
	8a58  :   000;
	8a59  :   000;
	8a5a  :   000;
	8a5b  :   000;
	8a5c  :   000;
	8a5d  :   000;
	8a5e  :   000;
	8a5f  :   000;
	8a60  :   000;
	8a61  :   000;
	8a62  :   000;
	8a63  :   000;
	8a64  :   000;
	8a65  :   000;
	8a66  :   000;
	8a67  :   000;
	8a68  :   000;
	8a69  :   000;
	8a6a  :   000;
	8a6b  :   000;
	8a6c  :   000;
	8a6d  :   000;
	8a6e  :   000;
	8a6f  :   000;
	8a70  :   000;
	8a71  :   000;
	8a72  :   000;
	8a73  :   000;
	8a74  :   000;
	8a75  :   000;
	8a76  :   000;
	8a77  :   000;
	8a78  :   000;
	8a79  :   000;
	8a7a  :   000;
	8a7b  :   000;
	8a7c  :   000;
	8a7d  :   000;
	8a7e  :   000;
	8a7f  :   000;
	8a80  :   000;
	8a81  :   000;
	8a82  :   000;
	8a83  :   000;
	8a84  :   000;
	8a85  :   000;
	8a86  :   000;
	8a87  :   000;
	8a88  :   000;
	8a89  :   000;
	8a8a  :   000;
	8a8b  :   000;
	8a8c  :   000;
	8a8d  :   000;
	8a8e  :   000;
	8a8f  :   000;
	8a90  :   000;
	8a91  :   000;
	8a92  :   000;
	8a93  :   000;
	8a94  :   000;
	8a95  :   000;
	8a96  :   000;
	8a97  :   000;
	8a98  :   000;
	8a99  :   000;
	8a9a  :   000;
	8a9b  :   000;
	8a9c  :   000;
	8a9d  :   000;
	8a9e  :   000;
	8a9f  :   000;
	8aa0  :   000;
	8aa1  :   000;
	8aa2  :   000;
	8aa3  :   000;
	8aa4  :   000;
	8aa5  :   000;
	8aa6  :   000;
	8aa7  :   000;
	8aa8  :   000;
	8aa9  :   000;
	8aaa  :   000;
	8aab  :   000;
	8aac  :   000;
	8aad  :   000;
	8aae  :   000;
	8aaf  :   000;
	8ab0  :   000;
	8ab1  :   000;
	8ab2  :   000;
	8ab3  :   000;
	8ab4  :   000;
	8ab5  :   000;
	8ab6  :   000;
	8ab7  :   000;
	8ab8  :   000;
	8ab9  :   000;
	8aba  :   000;
	8abb  :   000;
	8abc  :   000;
	8abd  :   000;
	8abe  :   000;
	8abf  :   000;
	8ac0  :   000;
	8ac1  :   000;
	8ac2  :   000;
	8ac3  :   000;
	8ac4  :   000;
	8ac5  :   000;
	8ac6  :   000;
	8ac7  :   000;
	8ac8  :   000;
	8ac9  :   000;
	8aca  :   000;
	8acb  :   000;
	8acc  :   000;
	8acd  :   000;
	8ace  :   000;
	8acf  :   000;
	8ad0  :   000;
	8ad1  :   000;
	8ad2  :   000;
	8ad3  :   000;
	8ad4  :   000;
	8ad5  :   000;
	8ad6  :   000;
	8ad7  :   000;
	8ad8  :   000;
	8ad9  :   000;
	8ada  :   000;
	8adb  :   000;
	8adc  :   000;
	8add  :   000;
	8ade  :   000;
	8adf  :   000;
	8ae0  :   000;
	8ae1  :   000;
	8ae2  :   000;
	8ae3  :   000;
	8ae4  :   000;
	8ae5  :   000;
	8ae6  :   000;
	8ae7  :   000;
	8ae8  :   000;
	8ae9  :   000;
	8aea  :   000;
	8aeb  :   000;
	8aec  :   000;
	8aed  :   000;
	8aee  :   000;
	8aef  :   000;
	8af0  :   000;
	8af1  :   000;
	8af2  :   000;
	8af3  :   000;
	8af4  :   000;
	8af5  :   000;
	8af6  :   000;
	8af7  :   000;
	8af8  :   000;
	8af9  :   000;
	8afa  :   000;
	8afb  :   000;
	8afc  :   000;
	8afd  :   000;
	8afe  :   000;
	8aff  :   000;
	8b00  :   000;
	8b01  :   000;
	8b02  :   000;
	8b03  :   000;
	8b04  :   000;
	8b05  :   000;
	8b06  :   000;
	8b07  :   000;
	8b08  :   000;
	8b09  :   000;
	8b0a  :   000;
	8b0b  :   000;
	8b0c  :   000;
	8b0d  :   000;
	8b0e  :   000;
	8b0f  :   000;
	8b10  :   000;
	8b11  :   000;
	8b12  :   000;
	8b13  :   000;
	8b14  :   000;
	8b15  :   000;
	8b16  :   000;
	8b17  :   000;
	8b18  :   000;
	8b19  :   000;
	8b1a  :   000;
	8b1b  :   000;
	8b1c  :   000;
	8b1d  :   000;
	8b1e  :   000;
	8b1f  :   000;
	8b20  :   000;
	8b21  :   000;
	8b22  :   000;
	8b23  :   000;
	8b24  :   000;
	8b25  :   000;
	8b26  :   000;
	8b27  :   000;
	8b28  :   000;
	8b29  :   000;
	8b2a  :   000;
	8b2b  :   000;
	8b2c  :   000;
	8b2d  :   000;
	8b2e  :   000;
	8b2f  :   000;
	8b30  :   000;
	8b31  :   000;
	8b32  :   000;
	8b33  :   000;
	8b34  :   000;
	8b35  :   000;
	8b36  :   000;
	8b37  :   000;
	8b38  :   000;
	8b39  :   000;
	8b3a  :   000;
	8b3b  :   000;
	8b3c  :   000;
	8b3d  :   000;
	8b3e  :   000;
	8b3f  :   000;
	8b40  :   000;
	8b41  :   000;
	8b42  :   000;
	8b43  :   000;
	8b44  :   000;
	8b45  :   000;
	8b46  :   000;
	8b47  :   000;
	8b48  :   000;
	8b49  :   000;
	8b4a  :   000;
	8b4b  :   000;
	8b4c  :   000;
	8b4d  :   000;
	8b4e  :   000;
	8b4f  :   000;
	8b50  :   000;
	8b51  :   000;
	8b52  :   000;
	8b53  :   000;
	8b54  :   000;
	8b55  :   000;
	8b56  :   000;
	8b57  :   000;
	8b58  :   000;
	8b59  :   000;
	8b5a  :   000;
	8b5b  :   000;
	8b5c  :   000;
	8b5d  :   000;
	8b5e  :   000;
	8b5f  :   000;
	8b60  :   000;
	8b61  :   000;
	8b62  :   000;
	8b63  :   000;
	8b64  :   000;
	8b65  :   000;
	8b66  :   000;
	8b67  :   000;
	8b68  :   000;
	8b69  :   000;
	8b6a  :   000;
	8b6b  :   000;
	8b6c  :   000;
	8b6d  :   000;
	8b6e  :   000;
	8b6f  :   000;
	8b70  :   000;
	8b71  :   000;
	8b72  :   000;
	8b73  :   000;
	8b74  :   000;
	8b75  :   000;
	8b76  :   000;
	8b77  :   000;
	8b78  :   000;
	8b79  :   000;
	8b7a  :   000;
	8b7b  :   000;
	8b7c  :   000;
	8b7d  :   000;
	8b7e  :   000;
	8b7f  :   000;
	8b80  :   000;
	8b81  :   000;
	8b82  :   000;
	8b83  :   000;
	8b84  :   000;
	8b85  :   000;
	8b86  :   000;
	8b87  :   000;
	8b88  :   000;
	8b89  :   000;
	8b8a  :   000;
	8b8b  :   000;
	8b8c  :   000;
	8b8d  :   000;
	8b8e  :   000;
	8b8f  :   000;
	8b90  :   000;
	8b91  :   000;
	8b92  :   000;
	8b93  :   000;
	8b94  :   000;
	8b95  :   000;
	8b96  :   000;
	8b97  :   000;
	8b98  :   000;
	8b99  :   000;
	8b9a  :   000;
	8b9b  :   000;
	8b9c  :   000;
	8b9d  :   000;
	8b9e  :   000;
	8b9f  :   000;
	8ba0  :   000;
	8ba1  :   000;
	8ba2  :   000;
	8ba3  :   000;
	8ba4  :   000;
	8ba5  :   000;
	8ba6  :   000;
	8ba7  :   000;
	8ba8  :   000;
	8ba9  :   000;
	8baa  :   000;
	8bab  :   000;
	8bac  :   000;
	8bad  :   000;
	8bae  :   000;
	8baf  :   000;
	8bb0  :   000;
	8bb1  :   000;
	8bb2  :   000;
	8bb3  :   000;
	8bb4  :   000;
	8bb5  :   000;
	8bb6  :   000;
	8bb7  :   000;
	8bb8  :   000;
	8bb9  :   000;
	8bba  :   000;
	8bbb  :   000;
	8bbc  :   000;
	8bbd  :   000;
	8bbe  :   000;
	8bbf  :   000;
	8bc0  :   000;
	8bc1  :   000;
	8bc2  :   000;
	8bc3  :   000;
	8bc4  :   000;
	8bc5  :   000;
	8bc6  :   000;
	8bc7  :   000;
	8bc8  :   000;
	8bc9  :   000;
	8bca  :   000;
	8bcb  :   000;
	8bcc  :   000;
	8bcd  :   000;
	8bce  :   000;
	8bcf  :   000;
	8bd0  :   000;
	8bd1  :   000;
	8bd2  :   000;
	8bd3  :   000;
	8bd4  :   000;
	8bd5  :   000;
	8bd6  :   000;
	8bd7  :   000;
	8bd8  :   000;
	8bd9  :   000;
	8bda  :   000;
	8bdb  :   000;
	8bdc  :   000;
	8bdd  :   000;
	8bde  :   000;
	8bdf  :   000;
	8be0  :   000;
	8be1  :   000;
	8be2  :   000;
	8be3  :   000;
	8be4  :   000;
	8be5  :   000;
	8be6  :   000;
	8be7  :   000;
	8be8  :   000;
	8be9  :   000;
	8bea  :   000;
	8beb  :   000;
	8bec  :   000;
	8bed  :   000;
	8bee  :   000;
	8bef  :   000;
	8bf0  :   000;
	8bf1  :   000;
	8bf2  :   000;
	8bf3  :   000;
	8bf4  :   000;
	8bf5  :   000;
	8bf6  :   000;
	8bf7  :   000;
	8bf8  :   000;
	8bf9  :   000;
	8bfa  :   000;
	8bfb  :   000;
	8bfc  :   000;
	8bfd  :   000;
	8bfe  :   000;
	8bff  :   000;
	8c00  :   000;
	8c01  :   000;
	8c02  :   000;
	8c03  :   000;
	8c04  :   000;
	8c05  :   000;
	8c06  :   000;
	8c07  :   000;
	8c08  :   000;
	8c09  :   000;
	8c0a  :   000;
	8c0b  :   000;
	8c0c  :   000;
	8c0d  :   000;
	8c0e  :   000;
	8c0f  :   000;
	8c10  :   000;
	8c11  :   000;
	8c12  :   000;
	8c13  :   000;
	8c14  :   000;
	8c15  :   000;
	8c16  :   000;
	8c17  :   000;
	8c18  :   000;
	8c19  :   000;
	8c1a  :   000;
	8c1b  :   000;
	8c1c  :   000;
	8c1d  :   000;
	8c1e  :   000;
	8c1f  :   000;
	8c20  :   000;
	8c21  :   000;
	8c22  :   000;
	8c23  :   000;
	8c24  :   000;
	8c25  :   000;
	8c26  :   000;
	8c27  :   000;
	8c28  :   000;
	8c29  :   000;
	8c2a  :   000;
	8c2b  :   000;
	8c2c  :   000;
	8c2d  :   000;
	8c2e  :   000;
	8c2f  :   000;
	8c30  :   000;
	8c31  :   000;
	8c32  :   000;
	8c33  :   000;
	8c34  :   000;
	8c35  :   000;
	8c36  :   000;
	8c37  :   000;
	8c38  :   000;
	8c39  :   000;
	8c3a  :   000;
	8c3b  :   000;
	8c3c  :   000;
	8c3d  :   000;
	8c3e  :   000;
	8c3f  :   000;
	8c40  :   000;
	8c41  :   000;
	8c42  :   000;
	8c43  :   000;
	8c44  :   000;
	8c45  :   000;
	8c46  :   000;
	8c47  :   000;
	8c48  :   000;
	8c49  :   000;
	8c4a  :   000;
	8c4b  :   000;
	8c4c  :   000;
	8c4d  :   000;
	8c4e  :   000;
	8c4f  :   000;
	8c50  :   000;
	8c51  :   000;
	8c52  :   000;
	8c53  :   000;
	8c54  :   000;
	8c55  :   000;
	8c56  :   000;
	8c57  :   000;
	8c58  :   000;
	8c59  :   000;
	8c5a  :   000;
	8c5b  :   000;
	8c5c  :   000;
	8c5d  :   000;
	8c5e  :   000;
	8c5f  :   000;
	8c60  :   000;
	8c61  :   000;
	8c62  :   000;
	8c63  :   000;
	8c64  :   000;
	8c65  :   000;
	8c66  :   000;
	8c67  :   000;
	8c68  :   000;
	8c69  :   000;
	8c6a  :   000;
	8c6b  :   000;
	8c6c  :   000;
	8c6d  :   000;
	8c6e  :   000;
	8c6f  :   000;
	8c70  :   000;
	8c71  :   000;
	8c72  :   000;
	8c73  :   000;
	8c74  :   000;
	8c75  :   000;
	8c76  :   000;
	8c77  :   000;
	8c78  :   000;
	8c79  :   000;
	8c7a  :   000;
	8c7b  :   000;
	8c7c  :   000;
	8c7d  :   000;
	8c7e  :   000;
	8c7f  :   000;
	8c80  :   000;
	8c81  :   000;
	8c82  :   000;
	8c83  :   000;
	8c84  :   000;
	8c85  :   000;
	8c86  :   000;
	8c87  :   000;
	8c88  :   000;
	8c89  :   000;
	8c8a  :   000;
	8c8b  :   000;
	8c8c  :   000;
	8c8d  :   000;
	8c8e  :   000;
	8c8f  :   000;
	8c90  :   000;
	8c91  :   000;
	8c92  :   000;
	8c93  :   000;
	8c94  :   000;
	8c95  :   000;
	8c96  :   000;
	8c97  :   000;
	8c98  :   000;
	8c99  :   000;
	8c9a  :   000;
	8c9b  :   000;
	8c9c  :   000;
	8c9d  :   000;
	8c9e  :   000;
	8c9f  :   000;
	8ca0  :   000;
	8ca1  :   000;
	8ca2  :   000;
	8ca3  :   000;
	8ca4  :   000;
	8ca5  :   000;
	8ca6  :   000;
	8ca7  :   000;
	8ca8  :   000;
	8ca9  :   000;
	8caa  :   000;
	8cab  :   000;
	8cac  :   000;
	8cad  :   000;
	8cae  :   000;
	8caf  :   000;
	8cb0  :   000;
	8cb1  :   000;
	8cb2  :   000;
	8cb3  :   000;
	8cb4  :   000;
	8cb5  :   000;
	8cb6  :   000;
	8cb7  :   000;
	8cb8  :   000;
	8cb9  :   000;
	8cba  :   000;
	8cbb  :   000;
	8cbc  :   000;
	8cbd  :   000;
	8cbe  :   000;
	8cbf  :   000;
	8cc0  :   000;
	8cc1  :   000;
	8cc2  :   000;
	8cc3  :   000;
	8cc4  :   000;
	8cc5  :   000;
	8cc6  :   000;
	8cc7  :   000;
	8cc8  :   000;
	8cc9  :   000;
	8cca  :   000;
	8ccb  :   000;
	8ccc  :   000;
	8ccd  :   000;
	8cce  :   000;
	8ccf  :   000;
	8cd0  :   000;
	8cd1  :   000;
	8cd2  :   000;
	8cd3  :   000;
	8cd4  :   000;
	8cd5  :   000;
	8cd6  :   000;
	8cd7  :   000;
	8cd8  :   000;
	8cd9  :   000;
	8cda  :   000;
	8cdb  :   000;
	8cdc  :   000;
	8cdd  :   000;
	8cde  :   000;
	8cdf  :   000;
	8ce0  :   000;
	8ce1  :   000;
	8ce2  :   000;
	8ce3  :   000;
	8ce4  :   000;
	8ce5  :   000;
	8ce6  :   000;
	8ce7  :   000;
	8ce8  :   000;
	8ce9  :   000;
	8cea  :   000;
	8ceb  :   000;
	8cec  :   000;
	8ced  :   000;
	8cee  :   000;
	8cef  :   000;
	8cf0  :   000;
	8cf1  :   000;
	8cf2  :   000;
	8cf3  :   000;
	8cf4  :   000;
	8cf5  :   000;
	8cf6  :   000;
	8cf7  :   000;
	8cf8  :   000;
	8cf9  :   000;
	8cfa  :   000;
	8cfb  :   000;
	8cfc  :   000;
	8cfd  :   000;
	8cfe  :   000;
	8cff  :   000;
	8d00  :   000;
	8d01  :   000;
	8d02  :   000;
	8d03  :   000;
	8d04  :   000;
	8d05  :   000;
	8d06  :   000;
	8d07  :   000;
	8d08  :   000;
	8d09  :   000;
	8d0a  :   000;
	8d0b  :   000;
	8d0c  :   000;
	8d0d  :   000;
	8d0e  :   000;
	8d0f  :   000;
	8d10  :   000;
	8d11  :   000;
	8d12  :   000;
	8d13  :   000;
	8d14  :   000;
	8d15  :   000;
	8d16  :   000;
	8d17  :   000;
	8d18  :   000;
	8d19  :   000;
	8d1a  :   000;
	8d1b  :   000;
	8d1c  :   000;
	8d1d  :   000;
	8d1e  :   000;
	8d1f  :   000;
	8d20  :   000;
	8d21  :   000;
	8d22  :   000;
	8d23  :   000;
	8d24  :   000;
	8d25  :   000;
	8d26  :   000;
	8d27  :   000;
	8d28  :   000;
	8d29  :   000;
	8d2a  :   000;
	8d2b  :   000;
	8d2c  :   000;
	8d2d  :   000;
	8d2e  :   000;
	8d2f  :   000;
	8d30  :   000;
	8d31  :   000;
	8d32  :   000;
	8d33  :   000;
	8d34  :   000;
	8d35  :   000;
	8d36  :   000;
	8d37  :   000;
	8d38  :   000;
	8d39  :   000;
	8d3a  :   000;
	8d3b  :   000;
	8d3c  :   000;
	8d3d  :   000;
	8d3e  :   000;
	8d3f  :   000;
	8d40  :   000;
	8d41  :   000;
	8d42  :   000;
	8d43  :   000;
	8d44  :   000;
	8d45  :   000;
	8d46  :   000;
	8d47  :   000;
	8d48  :   000;
	8d49  :   000;
	8d4a  :   000;
	8d4b  :   000;
	8d4c  :   000;
	8d4d  :   000;
	8d4e  :   000;
	8d4f  :   000;
	8d50  :   000;
	8d51  :   000;
	8d52  :   000;
	8d53  :   000;
	8d54  :   000;
	8d55  :   000;
	8d56  :   000;
	8d57  :   000;
	8d58  :   000;
	8d59  :   000;
	8d5a  :   000;
	8d5b  :   000;
	8d5c  :   000;
	8d5d  :   000;
	8d5e  :   000;
	8d5f  :   000;
	8d60  :   000;
	8d61  :   000;
	8d62  :   000;
	8d63  :   000;
	8d64  :   000;
	8d65  :   000;
	8d66  :   000;
	8d67  :   000;
	8d68  :   000;
	8d69  :   000;
	8d6a  :   000;
	8d6b  :   000;
	8d6c  :   000;
	8d6d  :   000;
	8d6e  :   000;
	8d6f  :   000;
	8d70  :   000;
	8d71  :   000;
	8d72  :   000;
	8d73  :   000;
	8d74  :   000;
	8d75  :   000;
	8d76  :   000;
	8d77  :   000;
	8d78  :   000;
	8d79  :   000;
	8d7a  :   000;
	8d7b  :   000;
	8d7c  :   000;
	8d7d  :   000;
	8d7e  :   000;
	8d7f  :   000;
	8d80  :   000;
	8d81  :   000;
	8d82  :   000;
	8d83  :   000;
	8d84  :   000;
	8d85  :   000;
	8d86  :   000;
	8d87  :   000;
	8d88  :   000;
	8d89  :   000;
	8d8a  :   000;
	8d8b  :   000;
	8d8c  :   000;
	8d8d  :   000;
	8d8e  :   000;
	8d8f  :   000;
	8d90  :   000;
	8d91  :   000;
	8d92  :   000;
	8d93  :   000;
	8d94  :   000;
	8d95  :   000;
	8d96  :   000;
	8d97  :   000;
	8d98  :   000;
	8d99  :   000;
	8d9a  :   000;
	8d9b  :   000;
	8d9c  :   000;
	8d9d  :   000;
	8d9e  :   000;
	8d9f  :   000;
	8da0  :   000;
	8da1  :   000;
	8da2  :   000;
	8da3  :   000;
	8da4  :   000;
	8da5  :   000;
	8da6  :   000;
	8da7  :   000;
	8da8  :   000;
	8da9  :   000;
	8daa  :   000;
	8dab  :   000;
	8dac  :   000;
	8dad  :   000;
	8dae  :   000;
	8daf  :   000;
	8db0  :   000;
	8db1  :   000;
	8db2  :   000;
	8db3  :   000;
	8db4  :   000;
	8db5  :   000;
	8db6  :   000;
	8db7  :   000;
	8db8  :   000;
	8db9  :   000;
	8dba  :   000;
	8dbb  :   000;
	8dbc  :   000;
	8dbd  :   000;
	8dbe  :   000;
	8dbf  :   000;
	8dc0  :   000;
	8dc1  :   000;
	8dc2  :   000;
	8dc3  :   000;
	8dc4  :   000;
	8dc5  :   000;
	8dc6  :   000;
	8dc7  :   000;
	8dc8  :   000;
	8dc9  :   000;
	8dca  :   000;
	8dcb  :   000;
	8dcc  :   000;
	8dcd  :   000;
	8dce  :   000;
	8dcf  :   000;
	8dd0  :   000;
	8dd1  :   000;
	8dd2  :   000;
	8dd3  :   000;
	8dd4  :   000;
	8dd5  :   000;
	8dd6  :   000;
	8dd7  :   000;
	8dd8  :   000;
	8dd9  :   000;
	8dda  :   000;
	8ddb  :   000;
	8ddc  :   000;
	8ddd  :   000;
	8dde  :   000;
	8ddf  :   000;
	8de0  :   000;
	8de1  :   000;
	8de2  :   000;
	8de3  :   000;
	8de4  :   000;
	8de5  :   000;
	8de6  :   000;
	8de7  :   000;
	8de8  :   000;
	8de9  :   000;
	8dea  :   000;
	8deb  :   000;
	8dec  :   000;
	8ded  :   000;
	8dee  :   000;
	8def  :   000;
	8df0  :   000;
	8df1  :   000;
	8df2  :   000;
	8df3  :   000;
	8df4  :   000;
	8df5  :   000;
	8df6  :   000;
	8df7  :   000;
	8df8  :   000;
	8df9  :   000;
	8dfa  :   000;
	8dfb  :   000;
	8dfc  :   000;
	8dfd  :   000;
	8dfe  :   000;
	8dff  :   000;
	8e00  :   000;
	8e01  :   000;
	8e02  :   000;
	8e03  :   000;
	8e04  :   000;
	8e05  :   000;
	8e06  :   000;
	8e07  :   000;
	8e08  :   000;
	8e09  :   000;
	8e0a  :   000;
	8e0b  :   000;
	8e0c  :   000;
	8e0d  :   000;
	8e0e  :   000;
	8e0f  :   000;
	8e10  :   000;
	8e11  :   000;
	8e12  :   000;
	8e13  :   000;
	8e14  :   000;
	8e15  :   000;
	8e16  :   000;
	8e17  :   000;
	8e18  :   000;
	8e19  :   000;
	8e1a  :   000;
	8e1b  :   000;
	8e1c  :   000;
	8e1d  :   000;
	8e1e  :   000;
	8e1f  :   000;
	8e20  :   000;
	8e21  :   000;
	8e22  :   000;
	8e23  :   000;
	8e24  :   000;
	8e25  :   000;
	8e26  :   000;
	8e27  :   000;
	8e28  :   000;
	8e29  :   000;
	8e2a  :   000;
	8e2b  :   000;
	8e2c  :   000;
	8e2d  :   000;
	8e2e  :   000;
	8e2f  :   000;
	8e30  :   000;
	8e31  :   000;
	8e32  :   000;
	8e33  :   000;
	8e34  :   000;
	8e35  :   000;
	8e36  :   000;
	8e37  :   000;
	8e38  :   000;
	8e39  :   000;
	8e3a  :   000;
	8e3b  :   000;
	8e3c  :   000;
	8e3d  :   000;
	8e3e  :   000;
	8e3f  :   000;
	8e40  :   000;
	8e41  :   000;
	8e42  :   000;
	8e43  :   000;
	8e44  :   000;
	8e45  :   000;
	8e46  :   000;
	8e47  :   000;
	8e48  :   000;
	8e49  :   000;
	8e4a  :   000;
	8e4b  :   000;
	8e4c  :   000;
	8e4d  :   000;
	8e4e  :   000;
	8e4f  :   000;
	8e50  :   000;
	8e51  :   000;
	8e52  :   000;
	8e53  :   000;
	8e54  :   000;
	8e55  :   000;
	8e56  :   000;
	8e57  :   000;
	8e58  :   000;
	8e59  :   000;
	8e5a  :   000;
	8e5b  :   000;
	8e5c  :   000;
	8e5d  :   000;
	8e5e  :   000;
	8e5f  :   000;
	8e60  :   000;
	8e61  :   000;
	8e62  :   000;
	8e63  :   000;
	8e64  :   000;
	8e65  :   000;
	8e66  :   000;
	8e67  :   000;
	8e68  :   000;
	8e69  :   000;
	8e6a  :   000;
	8e6b  :   000;
	8e6c  :   000;
	8e6d  :   000;
	8e6e  :   000;
	8e6f  :   000;
	8e70  :   000;
	8e71  :   000;
	8e72  :   000;
	8e73  :   000;
	8e74  :   000;
	8e75  :   000;
	8e76  :   000;
	8e77  :   000;
	8e78  :   000;
	8e79  :   000;
	8e7a  :   000;
	8e7b  :   000;
	8e7c  :   000;
	8e7d  :   000;
	8e7e  :   000;
	8e7f  :   000;
	8e80  :   000;
	8e81  :   000;
	8e82  :   000;
	8e83  :   000;
	8e84  :   000;
	8e85  :   000;
	8e86  :   000;
	8e87  :   000;
	8e88  :   000;
	8e89  :   000;
	8e8a  :   000;
	8e8b  :   000;
	8e8c  :   000;
	8e8d  :   000;
	8e8e  :   000;
	8e8f  :   000;
	8e90  :   000;
	8e91  :   000;
	8e92  :   000;
	8e93  :   000;
	8e94  :   000;
	8e95  :   000;
	8e96  :   000;
	8e97  :   000;
	8e98  :   000;
	8e99  :   000;
	8e9a  :   000;
	8e9b  :   000;
	8e9c  :   000;
	8e9d  :   000;
	8e9e  :   000;
	8e9f  :   000;
	8ea0  :   000;
	8ea1  :   000;
	8ea2  :   000;
	8ea3  :   000;
	8ea4  :   000;
	8ea5  :   000;
	8ea6  :   000;
	8ea7  :   000;
	8ea8  :   000;
	8ea9  :   000;
	8eaa  :   000;
	8eab  :   000;
	8eac  :   000;
	8ead  :   000;
	8eae  :   000;
	8eaf  :   000;
	8eb0  :   000;
	8eb1  :   000;
	8eb2  :   000;
	8eb3  :   000;
	8eb4  :   000;
	8eb5  :   000;
	8eb6  :   000;
	8eb7  :   000;
	8eb8  :   000;
	8eb9  :   000;
	8eba  :   000;
	8ebb  :   000;
	8ebc  :   000;
	8ebd  :   000;
	8ebe  :   000;
	8ebf  :   000;
	8ec0  :   000;
	8ec1  :   000;
	8ec2  :   000;
	8ec3  :   000;
	8ec4  :   000;
	8ec5  :   000;
	8ec6  :   000;
	8ec7  :   000;
	8ec8  :   000;
	8ec9  :   000;
	8eca  :   000;
	8ecb  :   000;
	8ecc  :   000;
	8ecd  :   000;
	8ece  :   000;
	8ecf  :   000;
	8ed0  :   000;
	8ed1  :   000;
	8ed2  :   000;
	8ed3  :   000;
	8ed4  :   000;
	8ed5  :   000;
	8ed6  :   000;
	8ed7  :   000;
	8ed8  :   000;
	8ed9  :   000;
	8eda  :   000;
	8edb  :   000;
	8edc  :   000;
	8edd  :   000;
	8ede  :   000;
	8edf  :   000;
	8ee0  :   000;
	8ee1  :   000;
	8ee2  :   000;
	8ee3  :   000;
	8ee4  :   000;
	8ee5  :   000;
	8ee6  :   000;
	8ee7  :   000;
	8ee8  :   000;
	8ee9  :   000;
	8eea  :   000;
	8eeb  :   000;
	8eec  :   000;
	8eed  :   000;
	8eee  :   000;
	8eef  :   000;
	8ef0  :   000;
	8ef1  :   000;
	8ef2  :   000;
	8ef3  :   000;
	8ef4  :   000;
	8ef5  :   000;
	8ef6  :   000;
	8ef7  :   000;
	8ef8  :   000;
	8ef9  :   000;
	8efa  :   000;
	8efb  :   000;
	8efc  :   000;
	8efd  :   000;
	8efe  :   000;
	8eff  :   000;
	8f00  :   000;
	8f01  :   000;
	8f02  :   000;
	8f03  :   000;
	8f04  :   000;
	8f05  :   000;
	8f06  :   000;
	8f07  :   000;
	8f08  :   000;
	8f09  :   000;
	8f0a  :   000;
	8f0b  :   000;
	8f0c  :   000;
	8f0d  :   000;
	8f0e  :   000;
	8f0f  :   000;
	8f10  :   000;
	8f11  :   000;
	8f12  :   000;
	8f13  :   000;
	8f14  :   000;
	8f15  :   000;
	8f16  :   000;
	8f17  :   000;
	8f18  :   000;
	8f19  :   000;
	8f1a  :   000;
	8f1b  :   000;
	8f1c  :   000;
	8f1d  :   000;
	8f1e  :   000;
	8f1f  :   000;
	8f20  :   000;
	8f21  :   000;
	8f22  :   000;
	8f23  :   000;
	8f24  :   000;
	8f25  :   000;
	8f26  :   000;
	8f27  :   000;
	8f28  :   000;
	8f29  :   000;
	8f2a  :   000;
	8f2b  :   000;
	8f2c  :   000;
	8f2d  :   000;
	8f2e  :   000;
	8f2f  :   000;
	8f30  :   000;
	8f31  :   000;
	8f32  :   000;
	8f33  :   000;
	8f34  :   000;
	8f35  :   000;
	8f36  :   000;
	8f37  :   000;
	8f38  :   000;
	8f39  :   000;
	8f3a  :   000;
	8f3b  :   000;
	8f3c  :   000;
	8f3d  :   000;
	8f3e  :   000;
	8f3f  :   000;
	8f40  :   000;
	8f41  :   000;
	8f42  :   000;
	8f43  :   000;
	8f44  :   000;
	8f45  :   000;
	8f46  :   000;
	8f47  :   000;
	8f48  :   000;
	8f49  :   000;
	8f4a  :   000;
	8f4b  :   000;
	8f4c  :   000;
	8f4d  :   000;
	8f4e  :   000;
	8f4f  :   000;
	8f50  :   000;
	8f51  :   000;
	8f52  :   000;
	8f53  :   000;
	8f54  :   000;
	8f55  :   000;
	8f56  :   000;
	8f57  :   000;
	8f58  :   000;
	8f59  :   000;
	8f5a  :   000;
	8f5b  :   000;
	8f5c  :   000;
	8f5d  :   000;
	8f5e  :   000;
	8f5f  :   000;
	8f60  :   000;
	8f61  :   000;
	8f62  :   000;
	8f63  :   000;
	8f64  :   000;
	8f65  :   000;
	8f66  :   000;
	8f67  :   000;
	8f68  :   000;
	8f69  :   000;
	8f6a  :   000;
	8f6b  :   000;
	8f6c  :   000;
	8f6d  :   000;
	8f6e  :   000;
	8f6f  :   000;
	8f70  :   000;
	8f71  :   000;
	8f72  :   000;
	8f73  :   000;
	8f74  :   000;
	8f75  :   000;
	8f76  :   000;
	8f77  :   000;
	8f78  :   000;
	8f79  :   000;
	8f7a  :   000;
	8f7b  :   000;
	8f7c  :   000;
	8f7d  :   000;
	8f7e  :   000;
	8f7f  :   000;
	8f80  :   000;
	8f81  :   000;
	8f82  :   000;
	8f83  :   000;
	8f84  :   000;
	8f85  :   000;
	8f86  :   000;
	8f87  :   000;
	8f88  :   000;
	8f89  :   000;
	8f8a  :   000;
	8f8b  :   000;
	8f8c  :   000;
	8f8d  :   000;
	8f8e  :   000;
	8f8f  :   000;
	8f90  :   000;
	8f91  :   000;
	8f92  :   000;
	8f93  :   000;
	8f94  :   000;
	8f95  :   000;
	8f96  :   000;
	8f97  :   000;
	8f98  :   000;
	8f99  :   000;
	8f9a  :   000;
	8f9b  :   000;
	8f9c  :   000;
	8f9d  :   000;
	8f9e  :   000;
	8f9f  :   000;
	8fa0  :   000;
	8fa1  :   000;
	8fa2  :   000;
	8fa3  :   000;
	8fa4  :   000;
	8fa5  :   000;
	8fa6  :   000;
	8fa7  :   000;
	8fa8  :   000;
	8fa9  :   000;
	8faa  :   000;
	8fab  :   000;
	8fac  :   000;
	8fad  :   000;
	8fae  :   000;
	8faf  :   000;
	8fb0  :   000;
	8fb1  :   000;
	8fb2  :   000;
	8fb3  :   000;
	8fb4  :   000;
	8fb5  :   000;
	8fb6  :   000;
	8fb7  :   000;
	8fb8  :   000;
	8fb9  :   000;
	8fba  :   000;
	8fbb  :   000;
	8fbc  :   000;
	8fbd  :   000;
	8fbe  :   000;
	8fbf  :   000;
	8fc0  :   000;
	8fc1  :   000;
	8fc2  :   000;
	8fc3  :   000;
	8fc4  :   000;
	8fc5  :   000;
	8fc6  :   000;
	8fc7  :   000;
	8fc8  :   000;
	8fc9  :   000;
	8fca  :   000;
	8fcb  :   000;
	8fcc  :   000;
	8fcd  :   000;
	8fce  :   000;
	8fcf  :   000;
	8fd0  :   000;
	8fd1  :   000;
	8fd2  :   000;
	8fd3  :   000;
	8fd4  :   000;
	8fd5  :   000;
	8fd6  :   000;
	8fd7  :   000;
	8fd8  :   000;
	8fd9  :   000;
	8fda  :   000;
	8fdb  :   000;
	8fdc  :   000;
	8fdd  :   000;
	8fde  :   000;
	8fdf  :   000;
	8fe0  :   000;
	8fe1  :   000;
	8fe2  :   000;
	8fe3  :   000;
	8fe4  :   000;
	8fe5  :   000;
	8fe6  :   000;
	8fe7  :   000;
	8fe8  :   000;
	8fe9  :   000;
	8fea  :   000;
	8feb  :   000;
	8fec  :   000;
	8fed  :   000;
	8fee  :   000;
	8fef  :   000;
	8ff0  :   000;
	8ff1  :   000;
	8ff2  :   000;
	8ff3  :   000;
	8ff4  :   000;
	8ff5  :   000;
	8ff6  :   000;
	8ff7  :   000;
	8ff8  :   000;
	8ff9  :   000;
	8ffa  :   000;
	8ffb  :   000;
	8ffc  :   000;
	8ffd  :   000;
	8ffe  :   000;
	8fff  :   000;
	9000  :   000;
	9001  :   000;
	9002  :   000;
	9003  :   000;
	9004  :   000;
	9005  :   000;
	9006  :   000;
	9007  :   000;
	9008  :   000;
	9009  :   000;
	900a  :   000;
	900b  :   000;
	900c  :   000;
	900d  :   000;
	900e  :   000;
	900f  :   000;
	9010  :   000;
	9011  :   000;
	9012  :   000;
	9013  :   000;
	9014  :   000;
	9015  :   000;
	9016  :   000;
	9017  :   000;
	9018  :   000;
	9019  :   000;
	901a  :   000;
	901b  :   000;
	901c  :   000;
	901d  :   000;
	901e  :   000;
	901f  :   000;
	9020  :   000;
	9021  :   000;
	9022  :   000;
	9023  :   000;
	9024  :   000;
	9025  :   000;
	9026  :   000;
	9027  :   000;
	9028  :   000;
	9029  :   000;
	902a  :   000;
	902b  :   000;
	902c  :   000;
	902d  :   000;
	902e  :   000;
	902f  :   000;
	9030  :   000;
	9031  :   000;
	9032  :   000;
	9033  :   000;
	9034  :   000;
	9035  :   000;
	9036  :   000;
	9037  :   000;
	9038  :   000;
	9039  :   000;
	903a  :   000;
	903b  :   000;
	903c  :   000;
	903d  :   000;
	903e  :   000;
	903f  :   000;
	9040  :   000;
	9041  :   000;
	9042  :   000;
	9043  :   000;
	9044  :   000;
	9045  :   000;
	9046  :   000;
	9047  :   000;
	9048  :   000;
	9049  :   000;
	904a  :   000;
	904b  :   000;
	904c  :   000;
	904d  :   000;
	904e  :   000;
	904f  :   000;
	9050  :   000;
	9051  :   000;
	9052  :   000;
	9053  :   000;
	9054  :   000;
	9055  :   000;
	9056  :   000;
	9057  :   000;
	9058  :   000;
	9059  :   000;
	905a  :   000;
	905b  :   000;
	905c  :   000;
	905d  :   000;
	905e  :   000;
	905f  :   000;
	9060  :   000;
	9061  :   000;
	9062  :   000;
	9063  :   000;
	9064  :   000;
	9065  :   000;
	9066  :   000;
	9067  :   000;
	9068  :   000;
	9069  :   000;
	906a  :   000;
	906b  :   000;
	906c  :   000;
	906d  :   000;
	906e  :   000;
	906f  :   000;
	9070  :   000;
	9071  :   000;
	9072  :   000;
	9073  :   000;
	9074  :   000;
	9075  :   000;
	9076  :   000;
	9077  :   000;
	9078  :   000;
	9079  :   000;
	907a  :   000;
	907b  :   000;
	907c  :   000;
	907d  :   000;
	907e  :   000;
	907f  :   000;
	9080  :   000;
	9081  :   000;
	9082  :   000;
	9083  :   000;
	9084  :   000;
	9085  :   000;
	9086  :   000;
	9087  :   000;
	9088  :   000;
	9089  :   000;
	908a  :   000;
	908b  :   000;
	908c  :   000;
	908d  :   000;
	908e  :   000;
	908f  :   000;
	9090  :   000;
	9091  :   000;
	9092  :   000;
	9093  :   000;
	9094  :   000;
	9095  :   000;
	9096  :   000;
	9097  :   000;
	9098  :   000;
	9099  :   000;
	909a  :   000;
	909b  :   000;
	909c  :   000;
	909d  :   000;
	909e  :   000;
	909f  :   000;
	90a0  :   000;
	90a1  :   000;
	90a2  :   000;
	90a3  :   000;
	90a4  :   000;
	90a5  :   000;
	90a6  :   000;
	90a7  :   000;
	90a8  :   000;
	90a9  :   000;
	90aa  :   000;
	90ab  :   000;
	90ac  :   000;
	90ad  :   000;
	90ae  :   000;
	90af  :   000;
	90b0  :   000;
	90b1  :   000;
	90b2  :   000;
	90b3  :   000;
	90b4  :   000;
	90b5  :   000;
	90b6  :   000;
	90b7  :   000;
	90b8  :   000;
	90b9  :   000;
	90ba  :   000;
	90bb  :   000;
	90bc  :   000;
	90bd  :   000;
	90be  :   000;
	90bf  :   000;
	90c0  :   000;
	90c1  :   000;
	90c2  :   000;
	90c3  :   000;
	90c4  :   000;
	90c5  :   000;
	90c6  :   000;
	90c7  :   000;
	90c8  :   000;
	90c9  :   000;
	90ca  :   000;
	90cb  :   000;
	90cc  :   000;
	90cd  :   000;
	90ce  :   000;
	90cf  :   000;
	90d0  :   000;
	90d1  :   000;
	90d2  :   000;
	90d3  :   000;
	90d4  :   000;
	90d5  :   000;
	90d6  :   000;
	90d7  :   000;
	90d8  :   000;
	90d9  :   000;
	90da  :   000;
	90db  :   000;
	90dc  :   000;
	90dd  :   000;
	90de  :   000;
	90df  :   000;
	90e0  :   000;
	90e1  :   000;
	90e2  :   000;
	90e3  :   000;
	90e4  :   000;
	90e5  :   000;
	90e6  :   000;
	90e7  :   000;
	90e8  :   000;
	90e9  :   000;
	90ea  :   000;
	90eb  :   000;
	90ec  :   000;
	90ed  :   000;
	90ee  :   000;
	90ef  :   000;
	90f0  :   000;
	90f1  :   000;
	90f2  :   000;
	90f3  :   000;
	90f4  :   000;
	90f5  :   000;
	90f6  :   000;
	90f7  :   000;
	90f8  :   000;
	90f9  :   000;
	90fa  :   000;
	90fb  :   000;
	90fc  :   000;
	90fd  :   000;
	90fe  :   000;
	90ff  :   000;
	9100  :   000;
	9101  :   000;
	9102  :   000;
	9103  :   000;
	9104  :   000;
	9105  :   000;
	9106  :   000;
	9107  :   000;
	9108  :   000;
	9109  :   000;
	910a  :   000;
	910b  :   000;
	910c  :   000;
	910d  :   000;
	910e  :   000;
	910f  :   000;
	9110  :   000;
	9111  :   000;
	9112  :   000;
	9113  :   000;
	9114  :   000;
	9115  :   000;
	9116  :   000;
	9117  :   000;
	9118  :   000;
	9119  :   000;
	911a  :   000;
	911b  :   000;
	911c  :   000;
	911d  :   000;
	911e  :   000;
	911f  :   000;
	9120  :   000;
	9121  :   000;
	9122  :   000;
	9123  :   000;
	9124  :   000;
	9125  :   000;
	9126  :   000;
	9127  :   000;
	9128  :   000;
	9129  :   000;
	912a  :   000;
	912b  :   000;
	912c  :   000;
	912d  :   000;
	912e  :   000;
	912f  :   000;
	9130  :   000;
	9131  :   000;
	9132  :   000;
	9133  :   000;
	9134  :   000;
	9135  :   000;
	9136  :   000;
	9137  :   000;
	9138  :   000;
	9139  :   000;
	913a  :   000;
	913b  :   000;
	913c  :   000;
	913d  :   000;
	913e  :   000;
	913f  :   000;
	9140  :   000;
	9141  :   000;
	9142  :   000;
	9143  :   000;
	9144  :   000;
	9145  :   000;
	9146  :   000;
	9147  :   000;
	9148  :   000;
	9149  :   000;
	914a  :   000;
	914b  :   000;
	914c  :   000;
	914d  :   000;
	914e  :   000;
	914f  :   000;
	9150  :   000;
	9151  :   000;
	9152  :   000;
	9153  :   000;
	9154  :   000;
	9155  :   000;
	9156  :   000;
	9157  :   000;
	9158  :   000;
	9159  :   000;
	915a  :   000;
	915b  :   000;
	915c  :   000;
	915d  :   000;
	915e  :   000;
	915f  :   000;
	9160  :   000;
	9161  :   000;
	9162  :   000;
	9163  :   000;
	9164  :   000;
	9165  :   000;
	9166  :   000;
	9167  :   000;
	9168  :   000;
	9169  :   000;
	916a  :   000;
	916b  :   000;
	916c  :   000;
	916d  :   000;
	916e  :   000;
	916f  :   000;
	9170  :   000;
	9171  :   000;
	9172  :   000;
	9173  :   000;
	9174  :   000;
	9175  :   000;
	9176  :   000;
	9177  :   000;
	9178  :   000;
	9179  :   000;
	917a  :   000;
	917b  :   000;
	917c  :   000;
	917d  :   000;
	917e  :   000;
	917f  :   000;
	9180  :   000;
	9181  :   000;
	9182  :   000;
	9183  :   000;
	9184  :   000;
	9185  :   000;
	9186  :   000;
	9187  :   000;
	9188  :   000;
	9189  :   000;
	918a  :   000;
	918b  :   000;
	918c  :   000;
	918d  :   000;
	918e  :   000;
	918f  :   000;
	9190  :   000;
	9191  :   000;
	9192  :   000;
	9193  :   000;
	9194  :   000;
	9195  :   000;
	9196  :   000;
	9197  :   000;
	9198  :   000;
	9199  :   000;
	919a  :   000;
	919b  :   000;
	919c  :   000;
	919d  :   000;
	919e  :   000;
	919f  :   000;
	91a0  :   000;
	91a1  :   000;
	91a2  :   000;
	91a3  :   000;
	91a4  :   000;
	91a5  :   000;
	91a6  :   000;
	91a7  :   000;
	91a8  :   000;
	91a9  :   000;
	91aa  :   000;
	91ab  :   000;
	91ac  :   000;
	91ad  :   000;
	91ae  :   000;
	91af  :   000;
	91b0  :   000;
	91b1  :   000;
	91b2  :   000;
	91b3  :   000;
	91b4  :   000;
	91b5  :   000;
	91b6  :   000;
	91b7  :   000;
	91b8  :   000;
	91b9  :   000;
	91ba  :   000;
	91bb  :   000;
	91bc  :   000;
	91bd  :   000;
	91be  :   000;
	91bf  :   000;
	91c0  :   000;
	91c1  :   000;
	91c2  :   000;
	91c3  :   000;
	91c4  :   000;
	91c5  :   000;
	91c6  :   000;
	91c7  :   000;
	91c8  :   000;
	91c9  :   000;
	91ca  :   000;
	91cb  :   000;
	91cc  :   000;
	91cd  :   000;
	91ce  :   000;
	91cf  :   000;
	91d0  :   000;
	91d1  :   000;
	91d2  :   000;
	91d3  :   000;
	91d4  :   000;
	91d5  :   000;
	91d6  :   000;
	91d7  :   000;
	91d8  :   000;
	91d9  :   000;
	91da  :   000;
	91db  :   000;
	91dc  :   000;
	91dd  :   000;
	91de  :   000;
	91df  :   000;
	91e0  :   000;
	91e1  :   000;
	91e2  :   000;
	91e3  :   000;
	91e4  :   000;
	91e5  :   000;
	91e6  :   000;
	91e7  :   000;
	91e8  :   000;
	91e9  :   000;
	91ea  :   000;
	91eb  :   000;
	91ec  :   000;
	91ed  :   000;
	91ee  :   000;
	91ef  :   000;
	91f0  :   000;
	91f1  :   000;
	91f2  :   000;
	91f3  :   000;
	91f4  :   000;
	91f5  :   000;
	91f6  :   000;
	91f7  :   000;
	91f8  :   000;
	91f9  :   000;
	91fa  :   000;
	91fb  :   000;
	91fc  :   000;
	91fd  :   000;
	91fe  :   000;
	91ff  :   000;
	9200  :   000;
	9201  :   000;
	9202  :   000;
	9203  :   000;
	9204  :   000;
	9205  :   000;
	9206  :   000;
	9207  :   000;
	9208  :   000;
	9209  :   000;
	920a  :   000;
	920b  :   000;
	920c  :   000;
	920d  :   000;
	920e  :   000;
	920f  :   000;
	9210  :   000;
	9211  :   000;
	9212  :   000;
	9213  :   000;
	9214  :   000;
	9215  :   000;
	9216  :   000;
	9217  :   000;
	9218  :   000;
	9219  :   000;
	921a  :   000;
	921b  :   000;
	921c  :   000;
	921d  :   000;
	921e  :   000;
	921f  :   000;
	9220  :   000;
	9221  :   000;
	9222  :   000;
	9223  :   000;
	9224  :   000;
	9225  :   000;
	9226  :   000;
	9227  :   000;
	9228  :   000;
	9229  :   000;
	922a  :   000;
	922b  :   000;
	922c  :   000;
	922d  :   000;
	922e  :   000;
	922f  :   000;
	9230  :   000;
	9231  :   000;
	9232  :   000;
	9233  :   000;
	9234  :   000;
	9235  :   000;
	9236  :   000;
	9237  :   000;
	9238  :   000;
	9239  :   000;
	923a  :   000;
	923b  :   000;
	923c  :   000;
	923d  :   000;
	923e  :   000;
	923f  :   000;
	9240  :   000;
	9241  :   000;
	9242  :   000;
	9243  :   000;
	9244  :   000;
	9245  :   000;
	9246  :   000;
	9247  :   000;
	9248  :   000;
	9249  :   000;
	924a  :   000;
	924b  :   000;
	924c  :   000;
	924d  :   000;
	924e  :   000;
	924f  :   000;
	9250  :   000;
	9251  :   000;
	9252  :   000;
	9253  :   000;
	9254  :   000;
	9255  :   000;
	9256  :   000;
	9257  :   000;
	9258  :   000;
	9259  :   000;
	925a  :   000;
	925b  :   000;
	925c  :   000;
	925d  :   000;
	925e  :   000;
	925f  :   000;
	9260  :   000;
	9261  :   000;
	9262  :   000;
	9263  :   000;
	9264  :   000;
	9265  :   000;
	9266  :   000;
	9267  :   000;
	9268  :   000;
	9269  :   000;
	926a  :   000;
	926b  :   000;
	926c  :   000;
	926d  :   000;
	926e  :   000;
	926f  :   000;
	9270  :   000;
	9271  :   000;
	9272  :   000;
	9273  :   000;
	9274  :   000;
	9275  :   000;
	9276  :   000;
	9277  :   000;
	9278  :   000;
	9279  :   000;
	927a  :   000;
	927b  :   000;
	927c  :   000;
	927d  :   000;
	927e  :   000;
	927f  :   000;
	9280  :   000;
	9281  :   000;
	9282  :   000;
	9283  :   000;
	9284  :   000;
	9285  :   000;
	9286  :   000;
	9287  :   000;
	9288  :   000;
	9289  :   000;
	928a  :   000;
	928b  :   000;
	928c  :   000;
	928d  :   000;
	928e  :   000;
	928f  :   000;
	9290  :   000;
	9291  :   000;
	9292  :   000;
	9293  :   000;
	9294  :   000;
	9295  :   000;
	9296  :   000;
	9297  :   000;
	9298  :   000;
	9299  :   000;
	929a  :   000;
	929b  :   000;
	929c  :   000;
	929d  :   000;
	929e  :   000;
	929f  :   000;
	92a0  :   000;
	92a1  :   000;
	92a2  :   000;
	92a3  :   000;
	92a4  :   000;
	92a5  :   000;
	92a6  :   000;
	92a7  :   000;
	92a8  :   000;
	92a9  :   000;
	92aa  :   000;
	92ab  :   000;
	92ac  :   000;
	92ad  :   000;
	92ae  :   000;
	92af  :   000;
	92b0  :   000;
	92b1  :   000;
	92b2  :   000;
	92b3  :   000;
	92b4  :   000;
	92b5  :   000;
	92b6  :   000;
	92b7  :   000;
	92b8  :   000;
	92b9  :   000;
	92ba  :   000;
	92bb  :   000;
	92bc  :   000;
	92bd  :   000;
	92be  :   000;
	92bf  :   000;
	92c0  :   000;
	92c1  :   000;
	92c2  :   000;
	92c3  :   000;
	92c4  :   000;
	92c5  :   000;
	92c6  :   000;
	92c7  :   000;
	92c8  :   000;
	92c9  :   000;
	92ca  :   000;
	92cb  :   000;
	92cc  :   000;
	92cd  :   000;
	92ce  :   000;
	92cf  :   000;
	92d0  :   000;
	92d1  :   000;
	92d2  :   000;
	92d3  :   000;
	92d4  :   000;
	92d5  :   000;
	92d6  :   000;
	92d7  :   000;
	92d8  :   000;
	92d9  :   000;
	92da  :   000;
	92db  :   000;
	92dc  :   000;
	92dd  :   000;
	92de  :   000;
	92df  :   000;
	92e0  :   000;
	92e1  :   000;
	92e2  :   000;
	92e3  :   000;
	92e4  :   000;
	92e5  :   000;
	92e6  :   000;
	92e7  :   000;
	92e8  :   000;
	92e9  :   000;
	92ea  :   000;
	92eb  :   000;
	92ec  :   000;
	92ed  :   000;
	92ee  :   000;
	92ef  :   000;
	92f0  :   000;
	92f1  :   000;
	92f2  :   000;
	92f3  :   000;
	92f4  :   000;
	92f5  :   000;
	92f6  :   000;
	92f7  :   000;
	92f8  :   000;
	92f9  :   000;
	92fa  :   000;
	92fb  :   000;
	92fc  :   000;
	92fd  :   000;
	92fe  :   000;
	92ff  :   000;
END;
